0 verbose cli /data/data/com.termux/files/usr/bin/node /data/data/com.termux/files/usr/bin/npm
1 info using npm@11.17.0
2 info using node@v26.3.0
3 silly config load:file:/data/data/com.termux/files/usr/lib/node_modules/npm/npmrc
4 silly config load:file:/data/data/com.termux/files/home/.npmrc
5 silly config load:file:/data/data/com.termux/files/usr/etc/npmrc
6 verbose title npm install vercel
7 verbose argv "install" "--global" "vercel"
8 verbose logfile logs-max:10 dir:/data/data/com.termux/files/home/.npm/_logs/2026-07-05T03_47_43_695Z-
9 verbose logfile /data/data/com.termux/files/home/.npm/_logs/2026-07-05T03_47_43_695Z-debug-0.log
10 silly packumentCache heap:1074528256 maxSize:268632064 maxEntrySize:134316032
11 silly logfile start cleaning logs, removing 1 files
12 silly logfile done cleaning log files
13 silly idealTree buildDeps
14 silly fetch manifest vercel@*
15 silly packumentCache full:https://registry.npmjs.org/vercel cache-miss
16 http fetch GET 200 https://registry.npmjs.org/vercel 1197ms (cache miss)
17 silly packumentCache full:https://registry.npmjs.org/vercel set size:undefined disposed:false
18 silly placeDep ROOT vercel@54.20.1 OK for:  want: *
19 silly fetch manifest @vercel/blob@2.4.0
20 silly packumentCache full:https://registry.npmjs.org/@vercel%2fblob cache-miss
21 silly fetch manifest @vercel/fun@1.3.0
22 silly packumentCache full:https://registry.npmjs.org/@vercel%2ffun cache-miss
23 silly fetch manifest @vercel/prepare-flags-definitions@0.3.0
24 silly packumentCache full:https://registry.npmjs.org/@vercel%2fprepare-flags-definitions cache-miss
25 silly fetch manifest chokidar@4.0.0
26 silly packumentCache full:https://registry.npmjs.org/chokidar cache-miss
27 silly fetch manifest esbuild@0.27.0
28 silly packumentCache full:https://registry.npmjs.org/esbuild cache-miss
29 silly fetch manifest jose@5.9.6
30 silly packumentCache full:https://registry.npmjs.org/jose cache-miss
31 silly fetch manifest luxon@^3.4.0
32 silly packumentCache full:https://registry.npmjs.org/luxon cache-miss
33 http fetch GET 200 https://registry.npmjs.org/@vercel%2fblob 279ms (cache miss)
34 silly packumentCache full:https://registry.npmjs.org/@vercel%2fblob set size:undefined disposed:false
35 silly fetch manifest proxy-agent@6.4.0
36 silly packumentCache full:https://registry.npmjs.org/proxy-agent cache-miss
37 http fetch GET 200 https://registry.npmjs.org/proxy-agent 323ms (cache miss)
38 silly packumentCache full:https://registry.npmjs.org/proxy-agent set size:undefined disposed:false
39 silly fetch manifest sandbox@3.1.2
40 silly packumentCache full:https://registry.npmjs.org/sandbox cache-miss
41 http fetch GET 200 https://registry.npmjs.org/@vercel%2ffun 688ms (cache miss)
42 silly packumentCache full:https://registry.npmjs.org/@vercel%2ffun set size:undefined disposed:false
43 silly fetch manifest smol-toml@1.5.2
44 silly packumentCache full:https://registry.npmjs.org/smol-toml cache-miss
45 http fetch GET 200 https://registry.npmjs.org/@vercel%2fprepare-flags-definitions 708ms (cache miss)
46 silly packumentCache full:https://registry.npmjs.org/@vercel%2fprepare-flags-definitions set size:undefined disposed:false
47 silly fetch manifest undici@5.29.0
48 silly packumentCache full:https://registry.npmjs.org/undici cache-miss
49 http fetch GET 200 https://registry.npmjs.org/chokidar 766ms (cache updated)
50 silly packumentCache full:https://registry.npmjs.org/chokidar set size:undefined disposed:false
51 silly fetch manifest zod@4.1.11
52 silly packumentCache full:https://registry.npmjs.org/zod cache-miss
53 http fetch GET 200 https://registry.npmjs.org/luxon 809ms (cache miss)
54 silly packumentCache full:https://registry.npmjs.org/luxon set size:undefined disposed:false
55 silly fetch manifest @vercel/cli-auth@0.3.0
56 silly packumentCache full:https://registry.npmjs.org/@vercel%2fcli-auth cache-miss
57 http fetch GET 200 https://registry.npmjs.org/smol-toml 288ms (cache miss)
58 silly packumentCache full:https://registry.npmjs.org/smol-toml set size:undefined disposed:false
59 silly fetch manifest @vercel/build-utils@13.32.2
60 silly packumentCache full:https://registry.npmjs.org/@vercel%2fbuild-utils cache-miss
61 http fetch GET 200 https://registry.npmjs.org/sandbox 363ms (cache miss)
62 silly packumentCache full:https://registry.npmjs.org/sandbox set size:undefined disposed:false
63 silly fetch manifest @vercel/cli-config@0.2.0
64 silly packumentCache full:https://registry.npmjs.org/@vercel%2fcli-config cache-miss
65 http fetch GET 200 https://registry.npmjs.org/jose 1083ms (cache miss)
66 silly packumentCache full:https://registry.npmjs.org/jose set size:undefined disposed:false
67 silly fetch manifest @vercel/container@0.0.4
68 silly packumentCache full:https://registry.npmjs.org/@vercel%2fcontainer cache-miss
69 http fetch GET 200 https://registry.npmjs.org/esbuild 1162ms (cache updated)
70 silly packumentCache full:https://registry.npmjs.org/esbuild set size:undefined disposed:false
71 silly fetch manifest @vercel/backends@0.8.21
72 silly packumentCache full:https://registry.npmjs.org/@vercel%2fbackends cache-miss
73 http fetch GET 200 https://registry.npmjs.org/@vercel%2fcli-config 234ms (cache miss)
74 silly packumentCache full:https://registry.npmjs.org/@vercel%2fcli-config set size:undefined disposed:false
75 silly fetch manifest @vercel/detect-agent@1.2.3
76 silly packumentCache full:https://registry.npmjs.org/@vercel%2fdetect-agent cache-miss
77 http fetch GET 200 https://registry.npmjs.org/@vercel%2fcli-auth 484ms (cache miss)
78 silly packumentCache full:https://registry.npmjs.org/@vercel%2fcli-auth set size:undefined disposed:false
79 silly fetch manifest @vercel/elysia@0.1.98
80 silly packumentCache full:https://registry.npmjs.org/@vercel%2felysia cache-miss
81 http fetch GET 200 https://registry.npmjs.org/@vercel%2fcontainer 229ms (cache miss)
82 silly packumentCache full:https://registry.npmjs.org/@vercel%2fcontainer set size:undefined disposed:false
83 silly fetch manifest @vercel/fastify@0.1.101
84 silly packumentCache full:https://registry.npmjs.org/@vercel%2ffastify cache-miss
85 http fetch GET 200 https://registry.npmjs.org/undici 733ms (cache updated)
86 silly packumentCache full:https://registry.npmjs.org/undici set size:undefined disposed:false
87 silly fetch manifest @vercel/express@0.1.112
88 silly packumentCache full:https://registry.npmjs.org/@vercel%2fexpress cache-miss
89 http fetch GET 200 https://registry.npmjs.org/@vercel%2fdetect-agent 266ms (cache miss)
90 silly packumentCache full:https://registry.npmjs.org/@vercel%2fdetect-agent set size:undefined disposed:false
91 silly fetch manifest @vercel/h3@0.1.107
92 silly packumentCache full:https://registry.npmjs.org/@vercel%2fh3 cache-miss
93 http fetch GET 200 https://registry.npmjs.org/@vercel%2fbackends 349ms (cache miss)
94 silly packumentCache full:https://registry.npmjs.org/@vercel%2fbackends set size:undefined disposed:false
95 silly fetch manifest @vercel/go@3.10.2
96 silly packumentCache full:https://registry.npmjs.org/@vercel%2fgo cache-miss
97 http fetch GET 200 https://registry.npmjs.org/@vercel%2felysia 324ms (cache miss)
98 silly packumentCache full:https://registry.npmjs.org/@vercel%2felysia set size:undefined disposed:false
99 silly fetch manifest @vercel/hydrogen@1.4.0
100 silly packumentCache full:https://registry.npmjs.org/@vercel%2fhydrogen cache-miss
101 http fetch GET 200 https://registry.npmjs.org/@vercel%2ffastify 338ms (cache miss)
102 silly packumentCache full:https://registry.npmjs.org/@vercel%2ffastify set size:undefined disposed:false
103 silly fetch manifest @vercel/hono@0.2.101
104 silly packumentCache full:https://registry.npmjs.org/@vercel%2fhono cache-miss
105 http fetch GET 200 https://registry.npmjs.org/@vercel%2fbuild-utils 801ms (cache miss)
106 silly packumentCache full:https://registry.npmjs.org/@vercel%2fbuild-utils set size:undefined disposed:false
107 silly fetch manifest @vercel/nestjs@0.2.102
108 silly packumentCache full:https://registry.npmjs.org/@vercel%2fnestjs cache-miss
109 http fetch GET 200 https://registry.npmjs.org/@vercel%2fexpress 409ms (cache miss)
110 silly packumentCache full:https://registry.npmjs.org/@vercel%2fexpress set size:undefined disposed:false
111 silly fetch manifest @vercel/koa@0.1.81
112 silly packumentCache full:https://registry.npmjs.org/@vercel%2fkoa cache-miss
113 http fetch GET 200 https://registry.npmjs.org/zod 1199ms (cache miss)
114 silly packumentCache full:https://registry.npmjs.org/zod set size:undefined disposed:false
115 silly fetch manifest @vercel/next@4.20.2
116 silly packumentCache full:https://registry.npmjs.org/@vercel%2fnext cache-miss
117 http fetch GET 200 https://registry.npmjs.org/@vercel%2fh3 678ms (cache miss)
118 silly packumentCache full:https://registry.npmjs.org/@vercel%2fh3 set size:undefined disposed:false
119 silly fetch manifest @vercel/node@5.8.22
120 silly packumentCache full:https://registry.npmjs.org/@vercel%2fnode cache-miss
121 http fetch GET 200 https://registry.npmjs.org/@vercel%2fnestjs 396ms (cache miss)
122 silly packumentCache full:https://registry.npmjs.org/@vercel%2fnestjs set size:undefined disposed:false
123 silly fetch manifest @vercel/python@6.47.3
124 silly packumentCache full:https://registry.npmjs.org/@vercel%2fpython cache-miss
125 http fetch GET 200 https://registry.npmjs.org/@vercel%2fhydrogen 619ms (cache miss)
126 silly packumentCache full:https://registry.npmjs.org/@vercel%2fhydrogen set size:undefined disposed:false
127 silly fetch manifest @vercel/redwood@2.5.0
128 silly packumentCache full:https://registry.npmjs.org/@vercel%2fredwood cache-miss
129 http fetch GET 200 https://registry.npmjs.org/@vercel%2fhono 594ms (cache miss)
130 silly packumentCache full:https://registry.npmjs.org/@vercel%2fhono set size:undefined disposed:false
131 silly fetch manifest @vercel/remix-builder@5.9.1
132 silly packumentCache full:https://registry.npmjs.org/@vercel%2fremix-builder cache-miss
133 http fetch GET 200 https://registry.npmjs.org/@vercel%2fkoa 437ms (cache miss)
134 silly packumentCache full:https://registry.npmjs.org/@vercel%2fkoa set size:undefined disposed:false
135 silly fetch manifest @vercel/rust@1.4.0
136 silly packumentCache full:https://registry.npmjs.org/@vercel%2frust cache-miss
137 http fetch GET 200 https://registry.npmjs.org/@vercel%2fgo 823ms (cache miss)
138 silly packumentCache full:https://registry.npmjs.org/@vercel%2fgo set size:undefined disposed:false
139 silly fetch manifest @vercel/static-build@2.11.4
140 silly packumentCache full:https://registry.npmjs.org/@vercel%2fstatic-build cache-miss
141 http fetch GET 200 https://registry.npmjs.org/@vercel%2fremix-builder 314ms (cache miss)
142 silly packumentCache full:https://registry.npmjs.org/@vercel%2fremix-builder set size:undefined disposed:false
143 silly fetch manifest @vercel/ruby@2.5.1
144 silly packumentCache full:https://registry.npmjs.org/@vercel%2fruby cache-miss
145 http fetch GET 200 https://registry.npmjs.org/@vercel%2fpython 504ms (cache miss)
146 silly packumentCache full:https://registry.npmjs.org/@vercel%2fpython set size:undefined disposed:false
147 http fetch GET 200 https://registry.npmjs.org/@vercel%2fnext 743ms (cache miss)
148 silly packumentCache full:https://registry.npmjs.org/@vercel%2fnext set size:undefined disposed:false
149 http fetch GET 200 https://registry.npmjs.org/@vercel%2fredwood 737ms (cache miss)
150 silly packumentCache full:https://registry.npmjs.org/@vercel%2fredwood set size:undefined disposed:false
151 http fetch GET 200 https://registry.npmjs.org/@vercel%2frust 706ms (cache miss)
152 silly packumentCache full:https://registry.npmjs.org/@vercel%2frust set size:undefined disposed:false
153 http fetch GET 200 https://registry.npmjs.org/@vercel%2fruby 474ms (cache miss)
154 silly packumentCache full:https://registry.npmjs.org/@vercel%2fruby set size:undefined disposed:false
155 http fetch GET 200 https://registry.npmjs.org/@vercel%2fstatic-build 771ms (cache miss)
156 silly packumentCache full:https://registry.npmjs.org/@vercel%2fstatic-build set size:undefined disposed:false
157 http fetch GET 200 https://registry.npmjs.org/@vercel%2fnode 1052ms (cache miss)
158 silly packumentCache full:https://registry.npmjs.org/@vercel%2fnode set size:undefined disposed:false
159 silly placeDep node_modules/vercel @vercel/backends@0.8.21 OK for: vercel@54.20.1 want: 0.8.21
160 silly placeDep node_modules/vercel @vercel/blob@2.4.0 OK for: vercel@54.20.1 want: 2.4.0
161 silly placeDep node_modules/vercel @vercel/build-utils@13.32.2 OK for: vercel@54.20.1 want: 13.32.2
162 silly placeDep node_modules/vercel @vercel/cli-auth@0.3.0 OK for: vercel@54.20.1 want: 0.3.0
163 silly placeDep node_modules/vercel @vercel/cli-config@0.2.0 OK for: vercel@54.20.1 want: 0.2.0
164 silly placeDep node_modules/vercel @vercel/container@0.0.4 OK for: vercel@54.20.1 want: 0.0.4
165 silly placeDep node_modules/vercel @vercel/detect-agent@1.2.3 OK for: vercel@54.20.1 want: 1.2.3
166 silly placeDep node_modules/vercel @vercel/elysia@0.1.98 OK for: vercel@54.20.1 want: 0.1.98
167 silly placeDep node_modules/vercel @vercel/express@0.1.112 OK for: vercel@54.20.1 want: 0.1.112
168 silly placeDep node_modules/vercel @vercel/fastify@0.1.101 OK for: vercel@54.20.1 want: 0.1.101
169 silly placeDep node_modules/vercel @vercel/fun@1.3.0 OK for: vercel@54.20.1 want: 1.3.0
170 silly placeDep node_modules/vercel @vercel/go@3.10.2 OK for: vercel@54.20.1 want: 3.10.2
171 silly placeDep node_modules/vercel @vercel/h3@0.1.107 OK for: vercel@54.20.1 want: 0.1.107
172 silly placeDep node_modules/vercel @vercel/hono@0.2.101 OK for: vercel@54.20.1 want: 0.2.101
173 silly placeDep node_modules/vercel @vercel/hydrogen@1.4.0 OK for: vercel@54.20.1 want: 1.4.0
174 silly placeDep node_modules/vercel @vercel/koa@0.1.81 OK for: vercel@54.20.1 want: 0.1.81
175 silly placeDep node_modules/vercel @vercel/nestjs@0.2.102 OK for: vercel@54.20.1 want: 0.2.102
176 silly placeDep node_modules/vercel @vercel/next@4.20.2 OK for: vercel@54.20.1 want: 4.20.2
177 silly placeDep node_modules/vercel @vercel/node@5.8.22 OK for: vercel@54.20.1 want: 5.8.22
178 silly placeDep node_modules/vercel @vercel/prepare-flags-definitions@0.3.0 OK for: vercel@54.20.1 want: 0.3.0
179 silly placeDep node_modules/vercel @vercel/python@6.47.3 OK for: vercel@54.20.1 want: 6.47.3
180 silly placeDep node_modules/vercel @vercel/redwood@2.5.0 OK for: vercel@54.20.1 want: 2.5.0
181 silly placeDep node_modules/vercel @vercel/remix-builder@5.9.1 OK for: vercel@54.20.1 want: 5.9.1
182 silly placeDep node_modules/vercel @vercel/ruby@2.5.1 OK for: vercel@54.20.1 want: 2.5.1
183 silly placeDep node_modules/vercel @vercel/rust@1.4.0 OK for: vercel@54.20.1 want: 1.4.0
184 silly placeDep node_modules/vercel @vercel/static-build@2.11.4 OK for: vercel@54.20.1 want: 2.11.4
185 silly placeDep node_modules/vercel chokidar@4.0.0 OK for: vercel@54.20.1 want: 4.0.0
186 silly placeDep node_modules/vercel esbuild@0.27.0 OK for: vercel@54.20.1 want: 0.27.0
187 silly placeDep node_modules/vercel jose@5.9.6 OK for: vercel@54.20.1 want: 5.9.6
188 silly placeDep node_modules/vercel luxon@3.7.2 OK for: vercel@54.20.1 want: ^3.4.0
189 silly placeDep node_modules/vercel proxy-agent@6.4.0 OK for: vercel@54.20.1 want: 6.4.0
190 silly placeDep node_modules/vercel sandbox@3.1.2 OK for: vercel@54.20.1 want: 3.1.2
191 silly placeDep node_modules/vercel smol-toml@1.5.2 OK for: vercel@54.20.1 want: 1.5.2
192 silly placeDep node_modules/vercel undici@5.29.0 OK for: vercel@54.20.1 want: 5.29.0
193 silly placeDep node_modules/vercel zod@4.1.11 OK for: vercel@54.20.1 want: 4.1.11
194 silly fetch manifest @vercel/nft@1.10.0
195 silly packumentCache full:https://registry.npmjs.org/@vercel%2fnft cache-miss
196 silly fetch manifest execa@3.2.0
197 silly packumentCache full:https://registry.npmjs.org/execa cache-miss
198 silly fetch manifest fs-extra@11.1.0
199 silly packumentCache full:https://registry.npmjs.org/fs-extra cache-miss
200 silly fetch manifest get-port@5.1.1
201 silly packumentCache full:https://registry.npmjs.org/get-port cache-miss
202 silly fetch manifest oxc-transform@0.111.0
203 silly packumentCache full:https://registry.npmjs.org/oxc-transform cache-miss
204 silly fetch manifest path-to-regexp@8.3.0
205 silly packumentCache full:https://registry.npmjs.org/path-to-regexp cache-miss
206 silly fetch manifest resolve.exports@2.0.3
207 silly packumentCache full:https://registry.npmjs.org/resolve.exports cache-miss
208 http fetch GET 200 https://registry.npmjs.org/get-port 275ms (cache revalidated)
209 silly packumentCache full:https://registry.npmjs.org/get-port set size:47891 disposed:false
210 silly fetch manifest rolldown@1.0.0-rc.1
211 silly packumentCache full:https://registry.npmjs.org/rolldown cache-miss
212 http fetch GET 200 https://registry.npmjs.org/execa 295ms (cache revalidated)
213 silly packumentCache full:https://registry.npmjs.org/execa set size:181234 disposed:false
214 silly fetch manifest srvx@0.11.16
215 silly packumentCache full:https://registry.npmjs.org/srvx cache-miss
216 http fetch GET 200 https://registry.npmjs.org/resolve.exports 329ms (cache miss)
217 silly packumentCache full:https://registry.npmjs.org/resolve.exports set size:undefined disposed:false
218 silly fetch manifest ts-morph@12.0.0
219 silly packumentCache full:https://registry.npmjs.org/ts-morph cache-miss
220 http fetch GET 200 https://registry.npmjs.org/fs-extra 350ms (cache miss)
221 silly packumentCache full:https://registry.npmjs.org/fs-extra set size:undefined disposed:false
222 silly fetch manifest tsx@4.21.0
223 silly packumentCache full:https://registry.npmjs.org/tsx cache-miss
224 http fetch GET 200 https://registry.npmjs.org/path-to-regexp 399ms (cache updated)
225 silly packumentCache full:https://registry.npmjs.org/path-to-regexp set size:undefined disposed:false
226 silly fetch manifest zod@3.22.4
227 silly packumentCache full:https://registry.npmjs.org/zod cache-miss
228 http fetch GET 200 https://registry.npmjs.org/oxc-transform 463ms (cache miss)
229 silly packumentCache full:https://registry.npmjs.org/oxc-transform set size:undefined disposed:false
230 silly fetch manifest @vercel/static-config@3.4.0
231 silly packumentCache full:https://registry.npmjs.org/@vercel%2fstatic-config cache-miss
232 http cache https://registry.npmjs.org/zod 90ms (cache hit)
233 silly packumentCache full:https://registry.npmjs.org/zod set size:3552562 disposed:false
234 silly fetch manifest undici@^6.23.0
235 silly packumentCache full:https://registry.npmjs.org/undici cache-miss
236 http fetch GET 200 https://registry.npmjs.org/srvx 465ms (cache miss)
237 silly packumentCache full:https://registry.npmjs.org/srvx set size:undefined disposed:false
238 silly fetch manifest is-buffer@^2.0.5
239 silly packumentCache full:https://registry.npmjs.org/is-buffer cache-miss
240 http fetch GET 200 https://registry.npmjs.org/@vercel%2fnft 817ms (cache miss)
241 silly packumentCache full:https://registry.npmjs.org/@vercel%2fnft set size:undefined disposed:false
242 silly fetch manifest throttleit@^2.1.0
243 silly packumentCache full:https://registry.npmjs.org/throttleit cache-miss
244 http cache https://registry.npmjs.org/undici 179ms (cache hit)
245 silly packumentCache full:https://registry.npmjs.org/undici set size:1497166 disposed:false
246 silly fetch manifest async-retry@^1.3.3
247 silly packumentCache full:https://registry.npmjs.org/async-retry cache-miss
248 http fetch GET 200 https://registry.npmjs.org/is-buffer 195ms (cache miss)
249 silly packumentCache full:https://registry.npmjs.org/is-buffer set size:undefined disposed:false
250 silly fetch manifest is-node-process@^1.2.0
251 silly packumentCache full:https://registry.npmjs.org/is-node-process cache-miss
252 http fetch GET 200 https://registry.npmjs.org/tsx 646ms (cache updated)
253 silly packumentCache full:https://registry.npmjs.org/tsx set size:undefined disposed:false
254 silly fetch manifest cjs-module-lexer@1.2.3
255 silly packumentCache full:https://registry.npmjs.org/cjs-module-lexer cache-miss
256 http fetch GET 200 https://registry.npmjs.org/ts-morph 701ms (cache miss)
257 silly packumentCache full:https://registry.npmjs.org/ts-morph set size:undefined disposed:false
258 silly fetch manifest es-module-lexer@1.5.0
259 silly packumentCache full:https://registry.npmjs.org/es-module-lexer cache-miss
260 http fetch GET 200 https://registry.npmjs.org/throttleit 359ms (cache miss)
261 silly packumentCache full:https://registry.npmjs.org/throttleit set size:undefined disposed:false
262 silly fetch manifest @vercel/python-analysis@0.11.1
263 silly packumentCache full:https://registry.npmjs.org/@vercel%2fpython-analysis cache-miss
264 http fetch GET 200 https://registry.npmjs.org/is-node-process 234ms (cache miss)
265 silly packumentCache full:https://registry.npmjs.org/is-node-process set size:undefined disposed:false
266 silly fetch manifest @napi-rs/keyring@1.2.0
267 silly packumentCache full:https://registry.npmjs.org/@napi-rs%2fkeyring cache-miss
268 http fetch GET 200 https://registry.npmjs.org/async-retry 282ms (cache miss)
269 silly packumentCache full:https://registry.npmjs.org/async-retry set size:undefined disposed:false
270 silly fetch manifest async-listen@3.0.0
271 silly packumentCache full:https://registry.npmjs.org/async-listen cache-miss
272 http fetch GET 200 https://registry.npmjs.org/cjs-module-lexer 244ms (cache miss)
273 silly packumentCache full:https://registry.npmjs.org/cjs-module-lexer set size:undefined disposed:false
274 silly fetch manifest open@8.4.0
275 silly packumentCache full:https://registry.npmjs.org/open cache-miss
276 http fetch GET 200 https://registry.npmjs.org/@vercel%2fstatic-config 805ms (cache miss)
277 silly packumentCache full:https://registry.npmjs.org/@vercel%2fstatic-config set size:undefined disposed:false
278 silly fetch manifest xdg-app-paths@5
279 silly packumentCache full:https://registry.npmjs.org/xdg-app-paths cache-miss
280 http fetch GET 200 https://registry.npmjs.org/es-module-lexer 268ms (cache miss)
281 silly packumentCache full:https://registry.npmjs.org/es-module-lexer set size:undefined disposed:false
282 silly fetch manifest @vercel/cervel@0.1.29
283 silly packumentCache full:https://registry.npmjs.org/@vercel%2fcervel cache-miss
284 http fetch GET 200 https://registry.npmjs.org/async-listen 110ms (cache miss)
285 silly packumentCache full:https://registry.npmjs.org/async-listen set size:undefined disposed:false
286 silly fetch manifest ms@2.1.1
287 silly packumentCache full:https://registry.npmjs.org/ms cache-miss
288 http fetch GET 200 https://registry.npmjs.org/rolldown 1105ms (cache updated)
289 silly packumentCache full:https://registry.npmjs.org/rolldown set size:undefined disposed:false
290 silly fetch manifest tar@7.5.7
291 silly packumentCache full:https://registry.npmjs.org/tar cache-miss
292 http fetch GET 200 https://registry.npmjs.org/open 292ms (cache revalidated)
293 silly packumentCache full:https://registry.npmjs.org/open set size:136392 disposed:false
294 silly fetch manifest debug@4.3.4
295 silly packumentCache full:https://registry.npmjs.org/debug cache-miss
296 http fetch GET 200 https://registry.npmjs.org/@vercel%2fpython-analysis 397ms (cache miss)
297 silly packumentCache full:https://registry.npmjs.org/@vercel%2fpython-analysis set size:undefined disposed:false
298 silly fetch manifest micro@9.3.5-canary.3
299 silly packumentCache full:https://registry.npmjs.org/micro cache-miss
300 http fetch GET 200 https://registry.npmjs.org/xdg-app-paths 396ms (cache miss)
301 silly packumentCache full:https://registry.npmjs.org/xdg-app-paths set size:undefined disposed:false
302 silly fetch manifest semver@7.5.4
303 silly packumentCache full:https://registry.npmjs.org/semver cache-miss
304 http fetch GET 200 https://registry.npmjs.org/@vercel%2fcervel 381ms (cache miss)
305 silly packumentCache full:https://registry.npmjs.org/@vercel%2fcervel set size:undefined disposed:false
306 silly fetch manifest tinyexec@0.3.2
307 silly packumentCache full:https://registry.npmjs.org/tinyexec cache-miss
308 http fetch GET 200 https://registry.npmjs.org/ms 388ms (cache revalidated)
309 silly packumentCache full:https://registry.npmjs.org/ms set size:92208 disposed:false
310 silly fetch manifest stat-mode@0.3.0
311 silly packumentCache full:https://registry.npmjs.org/stat-mode cache-miss
312 http fetch GET 200 https://registry.npmjs.org/tar 271ms (cache revalidated)
313 silly packumentCache full:https://registry.npmjs.org/tar set size:571726 disposed:false
314 silly fetch manifest tree-kill@1.2.2
315 silly packumentCache full:https://registry.npmjs.org/tree-kill cache-miss
316 http fetch GET 200 https://registry.npmjs.org/@napi-rs%2fkeyring 583ms (cache miss)
317 silly packumentCache full:https://registry.npmjs.org/@napi-rs%2fkeyring set size:undefined disposed:false
318 silly fetch manifest node-fetch@2.6.7
319 silly packumentCache full:https://registry.npmjs.org/node-fetch cache-miss
320 http fetch GET 200 https://registry.npmjs.org/debug 282ms (cache revalidated)
321 silly packumentCache full:https://registry.npmjs.org/debug set size:195840 disposed:false
322 silly fetch manifest promisepipe@3.0.0
323 silly packumentCache full:https://registry.npmjs.org/promisepipe cache-miss
324 http fetch GET 200 https://registry.npmjs.org/micro 280ms (cache miss)
325 silly packumentCache full:https://registry.npmjs.org/micro set size:undefined disposed:false
326 silly fetch manifest uid-promise@1.0.0
327 silly packumentCache full:https://registry.npmjs.org/uid-promise cache-miss
328 http fetch GET 200 https://registry.npmjs.org/stat-mode 164ms (cache miss)
329 silly packumentCache full:https://registry.npmjs.org/stat-mode set size:undefined disposed:false
330 silly fetch manifest async-listen@1.2.0
331 silly packumentCache full:https://registry.npmjs.org/async-listen cache-miss
332 http fetch GET 200 https://registry.npmjs.org/tree-kill 156ms (cache miss)
333 silly packumentCache full:https://registry.npmjs.org/tree-kill set size:undefined disposed:false
334 silly fetch manifest generic-pool@3.4.2
335 silly packumentCache full:https://registry.npmjs.org/generic-pool cache-miss
336 http cache https://registry.npmjs.org/async-listen 45ms (cache hit)
337 silly packumentCache full:https://registry.npmjs.org/async-listen set size:27933 disposed:false
338 silly fetch manifest xdg-app-paths@5.1.0
339 silly packumentCache full:https://registry.npmjs.org/xdg-app-paths cache-miss
340 http fetch GET 200 https://registry.npmjs.org/node-fetch 179ms (cache revalidated)
341 silly packumentCache full:https://registry.npmjs.org/node-fetch set size:896010 disposed:false
342 silly fetch manifest yauzl-promise@2.1.3
343 silly packumentCache full:https://registry.npmjs.org/yauzl-promise cache-miss
344 http fetch GET 200 https://registry.npmjs.org/tinyexec 318ms (cache miss)
345 silly packumentCache full:https://registry.npmjs.org/tinyexec set size:undefined disposed:false
346 silly fetch manifest path-to-regexp@8.2.0
347 silly packumentCache full:https://registry.npmjs.org/path-to-regexp cache-miss
348 http fetch GET 200 https://registry.npmjs.org/promisepipe 198ms (cache miss)
349 silly packumentCache full:https://registry.npmjs.org/promisepipe set size:undefined disposed:false
350 silly fetch manifest @tootallnate/once@2.0.0
351 silly packumentCache full:https://registry.npmjs.org/@tootallnate%2fonce cache-miss
352 http fetch GET 200 https://registry.npmjs.org/uid-promise 170ms (cache miss)
353 silly packumentCache full:https://registry.npmjs.org/uid-promise set size:undefined disposed:false
354 silly fetch manifest stream-to-promise@2.2.0
355 silly packumentCache full:https://registry.npmjs.org/stream-to-promise cache-miss
356 http cache https://registry.npmjs.org/xdg-app-paths 105ms (cache hit)
357 silly packumentCache full:https://registry.npmjs.org/xdg-app-paths set size:295911 disposed:false
358 silly fetch manifest @edge-runtime/node-utils@2.3.0
359 silly packumentCache full:https://registry.npmjs.org/@edge-runtime%2fnode-utils cache-miss
360 http fetch GET 200 https://registry.npmjs.org/semver 418ms (cache updated)
361 silly packumentCache full:https://registry.npmjs.org/semver set size:undefined disposed:false
362 silly fetch manifest @edge-runtime/primitives@4.1.0
363 silly packumentCache full:https://registry.npmjs.org/@edge-runtime%2fprimitives cache-miss
364 http cache https://registry.npmjs.org/path-to-regexp 84ms (cache hit)
365 silly packumentCache full:https://registry.npmjs.org/path-to-regexp set size:216334 disposed:false
366 silly fetch manifest @edge-runtime/vm@3.2.0
367 silly packumentCache full:https://registry.npmjs.org/@edge-runtime%2fvm cache-miss
368 http fetch GET 200 https://registry.npmjs.org/yauzl-promise 179ms (cache miss)
369 silly packumentCache full:https://registry.npmjs.org/yauzl-promise set size:undefined disposed:false
370 silly fetch manifest @types/node@20.11.0
371 silly packumentCache full:https://registry.npmjs.org/@types%2fnode cache-miss
372 http fetch GET 200 https://registry.npmjs.org/generic-pool 250ms (cache miss)
373 silly packumentCache full:https://registry.npmjs.org/generic-pool set size:undefined disposed:false
374 silly fetch manifest edge-runtime@2.5.9
375 silly packumentCache full:https://registry.npmjs.org/edge-runtime cache-miss
376 http fetch GET 200 https://registry.npmjs.org/@tootallnate%2fonce 249ms (cache updated)
377 silly packumentCache full:https://registry.npmjs.org/@tootallnate%2fonce set size:undefined disposed:false
378 silly fetch manifest es-module-lexer@1.4.1
379 silly packumentCache full:https://registry.npmjs.org/es-module-lexer cache-miss
380 http fetch GET 200 https://registry.npmjs.org/stream-to-promise 251ms (cache miss)
381 silly packumentCache full:https://registry.npmjs.org/stream-to-promise set size:undefined disposed:false
382 silly fetch manifest etag@1.8.1
383 silly packumentCache full:https://registry.npmjs.org/etag cache-miss
384 http fetch GET 200 https://registry.npmjs.org/@edge-runtime%2fvm 201ms (cache miss)
385 silly packumentCache full:https://registry.npmjs.org/@edge-runtime%2fvm set size:undefined disposed:false
386 silly fetch manifest mime-types@2.1.35
387 silly packumentCache full:https://registry.npmjs.org/mime-types cache-miss
388 http cache https://registry.npmjs.org/es-module-lexer 80ms (cache hit)
389 silly packumentCache full:https://registry.npmjs.org/es-module-lexer set size:210096 disposed:false
390 silly fetch manifest node-fetch@2.6.9
391 silly packumentCache full:https://registry.npmjs.org/node-fetch cache-hit
392 silly fetch manifest path-to-regexp-updated@npm:path-to-regexp@6.3.0
393 silly packumentCache full:https://registry.npmjs.org/path-to-regexp cache-hit
394 silly fetch manifest path-to-regexp@6.1.0
395 silly packumentCache full:https://registry.npmjs.org/path-to-regexp cache-hit
396 silly fetch manifest typescript@npm:typescript@5.9.3
397 silly packumentCache full:https://registry.npmjs.org/typescript cache-miss
398 http fetch GET 200 https://registry.npmjs.org/edge-runtime 245ms (cache miss)
399 silly packumentCache full:https://registry.npmjs.org/edge-runtime set size:undefined disposed:false
400 silly fetch manifest undici@5.28.4
401 silly packumentCache full:https://registry.npmjs.org/undici cache-miss
402 http fetch GET 200 https://registry.npmjs.org/etag 182ms (cache revalidated)
403 silly packumentCache full:https://registry.npmjs.org/etag set size:30032 disposed:false
404 silly fetch manifest @vercel/error-utils@2.2.0
405 silly packumentCache full:https://registry.npmjs.org/@vercel%2ferror-utils cache-miss
406 http fetch GET 200 https://registry.npmjs.org/@edge-runtime%2fnode-utils 445ms (cache miss)
407 silly packumentCache full:https://registry.npmjs.org/@edge-runtime%2fnode-utils set size:undefined disposed:false
408 silly fetch manifest semver@6.3.1
409 silly packumentCache full:https://registry.npmjs.org/semver cache-miss
410 http cache https://registry.npmjs.org/undici 70ms (cache hit)
411 silly packumentCache full:https://registry.npmjs.org/undici set size:1497166 disposed:false
412 silly fetch manifest @vercel/error-utils@2.2.0
413 silly packumentCache full:https://registry.npmjs.org/@vercel%2ferror-utils cache-miss
414 http fetch GET 200 https://registry.npmjs.org/@edge-runtime%2fprimitives 541ms (cache miss)
415 silly packumentCache full:https://registry.npmjs.org/@edge-runtime%2fprimitives set size:undefined disposed:false
416 silly fetch manifest execa@5
417 silly packumentCache full:https://registry.npmjs.org/execa cache-hit
418 silly fetch manifest @vercel/gatsby-plugin-vercel-builder@2.2.24
419 silly packumentCache full:https://registry.npmjs.org/@vercel%2fgatsby-plugin-vercel-builder cache-miss
420 http fetch GET 200 https://registry.npmjs.org/mime-types 341ms (cache revalidated)
421 silly packumentCache full:https://registry.npmjs.org/mime-types set size:139110 disposed:false
422 silly fetch manifest @vercel/gatsby-plugin-vercel-analytics@1.0.11
423 silly packumentCache full:https://registry.npmjs.org/@vercel%2fgatsby-plugin-vercel-analytics cache-miss
424 http cache https://registry.npmjs.org/semver 244ms (cache hit)
425 silly packumentCache full:https://registry.npmjs.org/semver set size:246125 disposed:false
426 silly fetch manifest readdirp@^4.0.1
427 silly packumentCache full:https://registry.npmjs.org/readdirp cache-miss
428 http fetch GET 200 https://registry.npmjs.org/@vercel%2ferror-utils 407ms (cache miss)
429 silly packumentCache full:https://registry.npmjs.org/@vercel%2ferror-utils set size:undefined disposed:false
430 silly fetch manifest @esbuild/aix-ppc64@0.27.0
431 silly packumentCache full:https://registry.npmjs.org/@esbuild%2faix-ppc64 cache-miss
432 http fetch GET 200 https://registry.npmjs.org/@vercel%2ferror-utils 324ms (cache miss)
433 silly packumentCache full:https://registry.npmjs.org/@vercel%2ferror-utils set size:undefined disposed:false
434 silly fetch manifest @esbuild/linux-arm@0.27.0
435 silly packumentCache full:https://registry.npmjs.org/@esbuild%2flinux-arm cache-miss
436 http fetch GET 200 https://registry.npmjs.org/readdirp 165ms (cache revalidated)
437 silly packumentCache full:https://registry.npmjs.org/readdirp set size:107589 disposed:false
438 silly fetch manifest @esbuild/linux-x64@0.27.0
439 silly packumentCache full:https://registry.npmjs.org/@esbuild%2flinux-x64 cache-miss
440 http fetch GET 200 https://registry.npmjs.org/@vercel%2fgatsby-plugin-vercel-analytics 301ms (cache miss)
441 silly packumentCache full:https://registry.npmjs.org/@vercel%2fgatsby-plugin-vercel-analytics set size:undefined disposed:false
442 silly fetch manifest @esbuild/sunos-x64@0.27.0
443 silly packumentCache full:https://registry.npmjs.org/@esbuild%2fsunos-x64 cache-miss
444 http fetch GET 200 https://registry.npmjs.org/@vercel%2fgatsby-plugin-vercel-builder 370ms (cache miss)
445 silly packumentCache full:https://registry.npmjs.org/@vercel%2fgatsby-plugin-vercel-builder set size:undefined disposed:false
446 silly fetch manifest @esbuild/win32-x64@0.27.0
447 silly packumentCache full:https://registry.npmjs.org/@esbuild%2fwin32-x64 cache-miss
448 http fetch GET 200 https://registry.npmjs.org/@esbuild%2faix-ppc64 237ms (cache updated)
449 silly packumentCache full:https://registry.npmjs.org/@esbuild%2faix-ppc64 set size:undefined disposed:false
450 silly fetch manifest @esbuild/darwin-x64@0.27.0
451 silly packumentCache full:https://registry.npmjs.org/@esbuild%2fdarwin-x64 cache-miss
452 http fetch GET 200 https://registry.npmjs.org/@esbuild%2flinux-arm 282ms (cache updated)
453 silly packumentCache full:https://registry.npmjs.org/@esbuild%2flinux-arm set size:undefined disposed:false
454 silly fetch manifest @esbuild/linux-ia32@0.27.0
455 silly packumentCache full:https://registry.npmjs.org/@esbuild%2flinux-ia32 cache-miss
456 http fetch GET 200 https://registry.npmjs.org/@esbuild%2fsunos-x64 223ms (cache updated)
457 silly packumentCache full:https://registry.npmjs.org/@esbuild%2fsunos-x64 set size:undefined disposed:false
458 silly fetch manifest @esbuild/netbsd-x64@0.27.0
459 silly packumentCache full:https://registry.npmjs.org/@esbuild%2fnetbsd-x64 cache-miss
460 http fetch GET 200 https://registry.npmjs.org/@esbuild%2flinux-x64 286ms (cache updated)
461 silly packumentCache full:https://registry.npmjs.org/@esbuild%2flinux-x64 set size:undefined disposed:false
462 silly fetch manifest @esbuild/win32-ia32@0.27.0
463 silly packumentCache full:https://registry.npmjs.org/@esbuild%2fwin32-ia32 cache-miss
464 http fetch GET 200 https://registry.npmjs.org/@esbuild%2fwin32-x64 241ms (cache updated)
465 silly packumentCache full:https://registry.npmjs.org/@esbuild%2fwin32-x64 set size:undefined disposed:false
466 silly fetch manifest @esbuild/android-arm@0.27.0
467 silly packumentCache full:https://registry.npmjs.org/@esbuild%2fandroid-arm cache-miss
468 http fetch GET 200 https://registry.npmjs.org/@esbuild%2fdarwin-x64 209ms (cache updated)
469 silly packumentCache full:https://registry.npmjs.org/@esbuild%2fdarwin-x64 set size:undefined disposed:false
470 silly fetch manifest @esbuild/android-x64@0.27.0
471 silly packumentCache full:https://registry.npmjs.org/@esbuild%2fandroid-x64 cache-miss
472 http fetch GET 200 https://registry.npmjs.org/@esbuild%2fnetbsd-x64 231ms (cache updated)
473 silly packumentCache full:https://registry.npmjs.org/@esbuild%2fnetbsd-x64 set size:undefined disposed:false
474 silly fetch manifest @esbuild/freebsd-x64@0.27.0
475 silly packumentCache full:https://registry.npmjs.org/@esbuild%2ffreebsd-x64 cache-miss
476 http fetch GET 200 https://registry.npmjs.org/@esbuild%2flinux-ia32 266ms (cache updated)
477 silly packumentCache full:https://registry.npmjs.org/@esbuild%2flinux-ia32 set size:undefined disposed:false
478 silly fetch manifest @esbuild/linux-arm64@0.27.0
479 silly packumentCache full:https://registry.npmjs.org/@esbuild%2flinux-arm64 cache-miss
480 http fetch GET 200 https://registry.npmjs.org/@esbuild%2fwin32-ia32 248ms (cache updated)
481 silly packumentCache full:https://registry.npmjs.org/@esbuild%2fwin32-ia32 set size:undefined disposed:false
482 silly fetch manifest @esbuild/linux-ppc64@0.27.0
483 silly packumentCache full:https://registry.npmjs.org/@esbuild%2flinux-ppc64 cache-miss
484 http fetch GET 200 https://registry.npmjs.org/@esbuild%2fandroid-arm 279ms (cache updated)
485 silly packumentCache full:https://registry.npmjs.org/@esbuild%2fandroid-arm set size:undefined disposed:false
486 silly fetch manifest @esbuild/linux-s390x@0.27.0
487 silly packumentCache full:https://registry.npmjs.org/@esbuild%2flinux-s390x cache-miss
488 http fetch GET 200 https://registry.npmjs.org/@esbuild%2fandroid-x64 276ms (cache updated)
489 silly packumentCache full:https://registry.npmjs.org/@esbuild%2fandroid-x64 set size:undefined disposed:false
490 silly fetch manifest @esbuild/openbsd-x64@0.27.0
491 silly packumentCache full:https://registry.npmjs.org/@esbuild%2fopenbsd-x64 cache-miss
492 http fetch GET 200 https://registry.npmjs.org/@esbuild%2ffreebsd-x64 258ms (cache updated)
493 silly packumentCache full:https://registry.npmjs.org/@esbuild%2ffreebsd-x64 set size:undefined disposed:false
494 silly fetch manifest @esbuild/win32-arm64@0.27.0
495 silly packumentCache full:https://registry.npmjs.org/@esbuild%2fwin32-arm64 cache-miss
496 http fetch GET 200 https://registry.npmjs.org/@esbuild%2flinux-arm64 263ms (cache updated)
497 silly packumentCache full:https://registry.npmjs.org/@esbuild%2flinux-arm64 set size:undefined disposed:false
498 silly fetch manifest @esbuild/darwin-arm64@0.27.0
499 silly packumentCache full:https://registry.npmjs.org/@esbuild%2fdarwin-arm64 cache-miss
500 http fetch GET 200 https://registry.npmjs.org/@esbuild%2flinux-ppc64 325ms (cache updated)
501 silly packumentCache full:https://registry.npmjs.org/@esbuild%2flinux-ppc64 set size:undefined disposed:false
502 silly fetch manifest @esbuild/netbsd-arm64@0.27.0
503 silly packumentCache full:https://registry.npmjs.org/@esbuild%2fnetbsd-arm64 cache-miss
504 http fetch GET 200 https://registry.npmjs.org/@esbuild%2flinux-s390x 282ms (cache updated)
505 silly packumentCache full:https://registry.npmjs.org/@esbuild%2flinux-s390x set size:undefined disposed:false
506 silly fetch manifest @esbuild/android-arm64@0.27.0
507 silly packumentCache full:https://registry.npmjs.org/@esbuild%2fandroid-arm64 cache-miss
508 http fetch GET 200 https://registry.npmjs.org/@esbuild%2fopenbsd-x64 254ms (cache updated)
509 silly packumentCache full:https://registry.npmjs.org/@esbuild%2fopenbsd-x64 set size:undefined disposed:false
510 silly fetch manifest @esbuild/freebsd-arm64@0.27.0
511 silly packumentCache full:https://registry.npmjs.org/@esbuild%2ffreebsd-arm64 cache-miss
512 http fetch GET 200 https://registry.npmjs.org/@esbuild%2fwin32-arm64 293ms (cache updated)
513 silly packumentCache full:https://registry.npmjs.org/@esbuild%2fwin32-arm64 set size:undefined disposed:false
514 silly fetch manifest @esbuild/linux-loong64@0.27.0
515 silly packumentCache full:https://registry.npmjs.org/@esbuild%2flinux-loong64 cache-miss
516 http fetch GET 200 https://registry.npmjs.org/@esbuild%2fnetbsd-arm64 217ms (cache updated)
517 silly packumentCache full:https://registry.npmjs.org/@esbuild%2fnetbsd-arm64 set size:undefined disposed:false
518 silly fetch manifest @esbuild/linux-riscv64@0.27.0
519 silly packumentCache full:https://registry.npmjs.org/@esbuild%2flinux-riscv64 cache-miss
520 http fetch GET 200 https://registry.npmjs.org/@esbuild%2fdarwin-arm64 311ms (cache updated)
521 silly packumentCache full:https://registry.npmjs.org/@esbuild%2fdarwin-arm64 set size:undefined disposed:false
522 silly fetch manifest @esbuild/openbsd-arm64@0.27.0
523 silly packumentCache full:https://registry.npmjs.org/@esbuild%2fopenbsd-arm64 cache-miss
524 http fetch GET 200 https://registry.npmjs.org/@esbuild%2fandroid-arm64 231ms (cache updated)
525 silly packumentCache full:https://registry.npmjs.org/@esbuild%2fandroid-arm64 set size:undefined disposed:false
526 silly fetch manifest @esbuild/linux-mips64el@0.27.0
527 silly packumentCache full:https://registry.npmjs.org/@esbuild%2flinux-mips64el cache-miss
528 http fetch GET 200 https://registry.npmjs.org/@types%2fnode 2033ms (cache updated)
529 silly packumentCache full:https://registry.npmjs.org/@types%2fnode set size:undefined disposed:false
530 silly fetch manifest @esbuild/openharmony-arm64@0.27.0
531 silly packumentCache full:https://registry.npmjs.org/@esbuild%2fopenharmony-arm64 cache-miss
532 http fetch GET 200 https://registry.npmjs.org/@esbuild%2ffreebsd-arm64 770ms (cache updated)
533 silly packumentCache full:https://registry.npmjs.org/@esbuild%2ffreebsd-arm64 set size:undefined disposed:false
534 silly fetch manifest debug@^4.3.4
535 silly packumentCache full:https://registry.npmjs.org/debug cache-hit
536 silly fetch manifest lru-cache@^7.14.1
537 silly packumentCache full:https://registry.npmjs.org/lru-cache cache-miss
538 http fetch GET 200 https://registry.npmjs.org/@esbuild%2fopenbsd-arm64 628ms (cache updated)
539 silly packumentCache full:https://registry.npmjs.org/@esbuild%2fopenbsd-arm64 set size:undefined disposed:false
540 silly fetch manifest agent-base@^7.0.2
541 silly packumentCache full:https://registry.npmjs.org/agent-base cache-miss
542 http fetch GET 200 https://registry.npmjs.org/@esbuild%2flinux-riscv64 735ms (cache updated)
543 silly packumentCache full:https://registry.npmjs.org/@esbuild%2flinux-riscv64 set size:undefined disposed:false
544 silly fetch manifest proxy-from-env@^1.1.0
545 silly packumentCache full:https://registry.npmjs.org/proxy-from-env cache-miss
546 http fetch GET 200 https://registry.npmjs.org/@esbuild%2flinux-loong64 771ms (cache updated)
547 silly packumentCache full:https://registry.npmjs.org/@esbuild%2flinux-loong64 set size:undefined disposed:false
548 silly fetch manifest pac-proxy-agent@^7.0.1
549 silly packumentCache full:https://registry.npmjs.org/pac-proxy-agent cache-miss
550 http fetch GET 200 https://registry.npmjs.org/@esbuild%2fopenharmony-arm64 246ms (cache updated)
551 silly packumentCache full:https://registry.npmjs.org/@esbuild%2fopenharmony-arm64 set size:undefined disposed:false
552 silly fetch manifest http-proxy-agent@^7.0.1
553 silly packumentCache full:https://registry.npmjs.org/http-proxy-agent cache-miss
554 http fetch GET 200 https://registry.npmjs.org/agent-base 214ms (cache updated)
555 silly packumentCache full:https://registry.npmjs.org/agent-base set size:undefined disposed:false
556 silly fetch manifest https-proxy-agent@^7.0.3
557 silly packumentCache full:https://registry.npmjs.org/https-proxy-agent cache-miss
558 http fetch GET 200 https://registry.npmjs.org/@esbuild%2flinux-mips64el 847ms (cache updated)
559 silly packumentCache full:https://registry.npmjs.org/@esbuild%2flinux-mips64el set size:undefined disposed:false
560 silly fetch manifest socks-proxy-agent@^8.0.2
561 silly packumentCache full:https://registry.npmjs.org/socks-proxy-agent cache-miss
562 http fetch GET 200 https://registry.npmjs.org/pac-proxy-agent 177ms (cache miss)
563 silly packumentCache full:https://registry.npmjs.org/pac-proxy-agent set size:undefined disposed:false
564 silly fetch manifest zod@^4.1.1
565 silly packumentCache full:https://registry.npmjs.org/zod cache-miss
566 http fetch GET 200 https://registry.npmjs.org/proxy-from-env 215ms (cache updated)
567 silly packumentCache full:https://registry.npmjs.org/proxy-from-env set size:undefined disposed:false
568 silly fetch manifest debug@^4.4.1
569 silly packumentCache full:https://registry.npmjs.org/debug cache-hit
570 silly fetch manifest async-retry@1.3.3
571 silly packumentCache full:https://registry.npmjs.org/async-retry cache-miss
572 http cache https://registry.npmjs.org/async-retry 24ms (cache hit)
573 silly packumentCache full:https://registry.npmjs.org/async-retry set size:51916 disposed:false
574 silly fetch manifest @vercel/sandbox@2.1.1
575 silly packumentCache full:https://registry.npmjs.org/@vercel%2fsandbox cache-miss
576 http cache https://registry.npmjs.org/zod 74ms (cache hit)
577 silly packumentCache full:https://registry.npmjs.org/zod set size:3552562 disposed:false
578 silly fetch manifest @fastify/busboy@^2.0.0
579 silly packumentCache full:https://registry.npmjs.org/@fastify%2fbusboy cache-miss
580 http fetch GET 200 https://registry.npmjs.org/http-proxy-agent 404ms (cache updated)
581 silly packumentCache full:https://registry.npmjs.org/http-proxy-agent set size:undefined disposed:false
582 http fetch GET 200 https://registry.npmjs.org/lru-cache 581ms (cache updated)
583 silly packumentCache full:https://registry.npmjs.org/lru-cache set size:undefined disposed:false
584 http fetch GET 200 https://registry.npmjs.org/https-proxy-agent 378ms (cache updated)
585 silly packumentCache full:https://registry.npmjs.org/https-proxy-agent set size:undefined disposed:false
586 http fetch GET 200 https://registry.npmjs.org/socks-proxy-agent 324ms (cache updated)
587 silly packumentCache full:https://registry.npmjs.org/socks-proxy-agent set size:undefined disposed:false
588 http fetch GET 200 https://registry.npmjs.org/@fastify%2fbusboy 186ms (cache miss)
589 silly packumentCache full:https://registry.npmjs.org/@fastify%2fbusboy set size:undefined disposed:false
590 http fetch GET 200 https://registry.npmjs.org/typescript 3051ms (cache miss)
591 silly packumentCache full:https://registry.npmjs.org/typescript set size:undefined disposed:false
592 http fetch GET 200 https://registry.npmjs.org/@vercel%2fsandbox 1020ms (cache miss)
593 silly packumentCache full:https://registry.npmjs.org/@vercel%2fsandbox set size:undefined disposed:false
594 silly placeDep node_modules/vercel @vercel/nft@1.10.0 OK for: @vercel/backends@0.8.21 want: 1.10.0
595 silly placeDep node_modules/vercel @vercel/static-config@3.4.0 OK for: @vercel/backends@0.8.21 want: 3.4.0
596 silly placeDep node_modules/vercel execa@3.2.0 OK for: @vercel/backends@0.8.21 want: 3.2.0
597 silly placeDep node_modules/vercel fs-extra@11.1.0 OK for: @vercel/backends@0.8.21 want: 11.1.0
598 silly placeDep node_modules/vercel get-port@5.1.1 OK for: @vercel/backends@0.8.21 want: 5.1.1
599 silly placeDep node_modules/vercel oxc-transform@0.111.0 OK for: @vercel/backends@0.8.21 want: 0.111.0
600 silly placeDep node_modules/vercel path-to-regexp@8.3.0 OK for: @vercel/backends@0.8.21 want: 8.3.0
601 silly placeDep node_modules/vercel resolve.exports@2.0.3 OK for: @vercel/backends@0.8.21 want: 2.0.3
602 silly placeDep node_modules/vercel rolldown@1.0.0-rc.1 OK for: @vercel/backends@0.8.21 want: 1.0.0-rc.1
603 silly placeDep node_modules/vercel srvx@0.11.16 OK for: @vercel/backends@0.8.21 want: 0.11.16
604 silly placeDep node_modules/vercel ts-morph@12.0.0 OK for: @vercel/backends@0.8.21 want: 12.0.0
605 silly placeDep node_modules/vercel tsx@4.21.0 OK for: @vercel/backends@0.8.21 want: 4.21.0
606 silly placeDep node_modules/vercel/node_modules/@vercel/backends zod@3.22.4 OK for: @vercel/backends@0.8.21 want: 3.22.4
607 silly fetch manifest glob@^13.0.0
608 silly packumentCache full:https://registry.npmjs.org/glob cache-miss
609 silly fetch manifest acorn@^8.6.0
610 silly packumentCache full:https://registry.npmjs.org/acorn cache-miss
611 silly fetch manifest bindings@^1.4.0
612 silly packumentCache full:https://registry.npmjs.org/bindings cache-miss
613 silly fetch manifest picomatch@^4.0.2
614 silly packumentCache full:https://registry.npmjs.org/picomatch cache-miss
615 silly fetch manifest async-sema@^3.1.1
616 silly packumentCache full:https://registry.npmjs.org/async-sema cache-miss
617 silly fetch manifest graceful-fs@^4.2.9
618 silly packumentCache full:https://registry.npmjs.org/graceful-fs cache-miss
619 silly fetch manifest resolve-from@^5.0.0
620 silly packumentCache full:https://registry.npmjs.org/resolve-from cache-miss
621 http fetch GET 200 https://registry.npmjs.org/bindings 205ms (cache revalidated)
622 silly packumentCache full:https://registry.npmjs.org/bindings set size:31303 disposed:false
623 silly fetch manifest estree-walker@2.0.2
624 silly packumentCache full:https://registry.npmjs.org/estree-walker cache-miss
625 http fetch GET 200 https://registry.npmjs.org/graceful-fs 210ms (cache revalidated)
626 silly packumentCache full:https://registry.npmjs.org/graceful-fs set size:124285 disposed:false
627 silly fetch manifest node-gyp-build@^4.2.2
628 silly packumentCache full:https://registry.npmjs.org/node-gyp-build cache-miss
629 http fetch GET 200 https://registry.npmjs.org/resolve-from 229ms (cache miss)
630 silly packumentCache full:https://registry.npmjs.org/resolve-from set size:undefined disposed:false
631 silly fetch manifest @rollup/pluginutils@^5.1.3
632 silly packumentCache full:https://registry.npmjs.org/@rollup%2fpluginutils cache-miss
633 http fetch GET 200 https://registry.npmjs.org/async-sema 241ms (cache miss)
634 silly packumentCache full:https://registry.npmjs.org/async-sema set size:undefined disposed:false
635 silly fetch manifest @mapbox/node-pre-gyp@^2.0.0
636 silly packumentCache full:https://registry.npmjs.org/@mapbox%2fnode-pre-gyp cache-miss
637 http fetch GET 200 https://registry.npmjs.org/picomatch 253ms (cache updated)
638 silly packumentCache full:https://registry.npmjs.org/picomatch set size:undefined disposed:false
639 silly fetch manifest acorn-import-attributes@^1.9.5
640 silly packumentCache full:https://registry.npmjs.org/acorn-import-attributes cache-miss
641 http fetch GET 200 https://registry.npmjs.org/estree-walker 205ms (cache revalidated)
642 silly packumentCache full:https://registry.npmjs.org/estree-walker set size:60887 disposed:false
643 silly fetch manifest ajv@8.6.3
644 silly packumentCache full:https://registry.npmjs.org/ajv cache-miss
645 http fetch GET 200 https://registry.npmjs.org/node-gyp-build 240ms (cache miss)
646 silly packumentCache full:https://registry.npmjs.org/node-gyp-build set size:undefined disposed:false
647 silly fetch manifest json-schema-to-ts@1.6.4
648 silly packumentCache full:https://registry.npmjs.org/json-schema-to-ts cache-miss
649 http fetch GET 200 https://registry.npmjs.org/acorn 491ms (cache updated)
650 silly packumentCache full:https://registry.npmjs.org/acorn set size:undefined disposed:false
651 silly fetch manifest onetime@^5.1.0
652 silly packumentCache full:https://registry.npmjs.org/onetime cache-miss
653 http fetch GET 200 https://registry.npmjs.org/acorn-import-attributes 259ms (cache miss)
654 silly packumentCache full:https://registry.npmjs.org/acorn-import-attributes set size:undefined disposed:false
655 silly fetch manifest is-stream@^2.0.0
656 silly packumentCache full:https://registry.npmjs.org/is-stream cache-miss
657 http fetch GET 200 https://registry.npmjs.org/@mapbox%2fnode-pre-gyp 288ms (cache miss)
658 silly packumentCache full:https://registry.npmjs.org/@mapbox%2fnode-pre-gyp set size:undefined disposed:false
659 silly fetch manifest p-finally@^2.0.0
660 silly packumentCache full:https://registry.npmjs.org/p-finally cache-miss
661 http fetch GET 200 https://registry.npmjs.org/glob 557ms (cache updated)
662 silly packumentCache full:https://registry.npmjs.org/glob set size:undefined disposed:false
663 silly fetch manifest get-stream@^5.0.0
664 silly packumentCache full:https://registry.npmjs.org/get-stream cache-miss
665 http fetch GET 200 https://registry.npmjs.org/@rollup%2fpluginutils 343ms (cache miss)
666 silly packumentCache full:https://registry.npmjs.org/@rollup%2fpluginutils set size:undefined disposed:false
667 silly fetch manifest cross-spawn@^7.0.0
668 silly packumentCache full:https://registry.npmjs.org/cross-spawn cache-miss
669 http fetch GET 200 https://registry.npmjs.org/is-stream 183ms (cache revalidated)
670 silly packumentCache full:https://registry.npmjs.org/is-stream set size:18582 disposed:false
671 silly fetch manifest signal-exit@^3.0.2
672 silly packumentCache full:https://registry.npmjs.org/signal-exit cache-miss
673 http fetch GET 200 https://registry.npmjs.org/p-finally 176ms (cache miss)
674 silly packumentCache full:https://registry.npmjs.org/p-finally set size:undefined disposed:false
675 silly fetch manifest merge-stream@^2.0.0
676 silly packumentCache full:https://registry.npmjs.org/merge-stream cache-miss
677 http fetch GET 200 https://registry.npmjs.org/onetime 217ms (cache miss)
678 silly packumentCache full:https://registry.npmjs.org/onetime set size:undefined disposed:false
679 silly fetch manifest npm-run-path@^4.0.0
680 silly packumentCache full:https://registry.npmjs.org/npm-run-path cache-miss
681 http fetch GET 200 https://registry.npmjs.org/json-schema-to-ts 287ms (cache miss)
682 silly packumentCache full:https://registry.npmjs.org/json-schema-to-ts set size:undefined disposed:false
683 silly fetch manifest human-signals@^1.1.1
684 silly packumentCache full:https://registry.npmjs.org/human-signals cache-miss
685 http fetch GET 200 https://registry.npmjs.org/get-stream 238ms (cache miss)
686 silly packumentCache full:https://registry.npmjs.org/get-stream set size:undefined disposed:false
687 silly fetch manifest strip-final-newline@^2.0.0
688 silly packumentCache full:https://registry.npmjs.org/strip-final-newline cache-miss
689 http fetch GET 200 https://registry.npmjs.org/cross-spawn 242ms (cache miss)
690 silly packumentCache full:https://registry.npmjs.org/cross-spawn set size:undefined disposed:false
691 silly fetch manifest jsonfile@^6.0.1
692 silly packumentCache full:https://registry.npmjs.org/jsonfile cache-miss
693 http fetch GET 200 https://registry.npmjs.org/signal-exit 272ms (cache revalidated)
694 silly packumentCache full:https://registry.npmjs.org/signal-exit set size:53489 disposed:false
695 silly fetch manifest graceful-fs@^4.2.0
696 silly packumentCache full:https://registry.npmjs.org/graceful-fs cache-hit
697 silly fetch manifest universalify@^2.0.0
698 silly packumentCache full:https://registry.npmjs.org/universalify cache-miss
699 http fetch GET 200 https://registry.npmjs.org/npm-run-path 280ms (cache miss)
700 silly packumentCache full:https://registry.npmjs.org/npm-run-path set size:undefined disposed:false
701 silly fetch manifest @oxc-transform/binding-darwin-x64@0.111.0
702 silly packumentCache full:https://registry.npmjs.org/@oxc-transform%2fbinding-darwin-x64 cache-miss
703 http fetch GET 200 https://registry.npmjs.org/strip-final-newline 217ms (cache miss)
704 silly packumentCache full:https://registry.npmjs.org/strip-final-newline set size:undefined disposed:false
705 silly fetch manifest @oxc-transform/binding-freebsd-x64@0.111.0
706 silly packumentCache full:https://registry.npmjs.org/@oxc-transform%2fbinding-freebsd-x64 cache-miss
707 http fetch GET 200 https://registry.npmjs.org/human-signals 270ms (cache miss)
708 silly packumentCache full:https://registry.npmjs.org/human-signals set size:undefined disposed:false
709 silly fetch manifest @oxc-transform/binding-wasm32-wasi@0.111.0
710 silly packumentCache full:https://registry.npmjs.org/@oxc-transform%2fbinding-wasm32-wasi cache-miss
711 http fetch GET 200 https://registry.npmjs.org/jsonfile 226ms (cache miss)
712 silly packumentCache full:https://registry.npmjs.org/jsonfile set size:undefined disposed:false
713 silly fetch manifest @oxc-transform/binding-darwin-arm64@0.111.0
714 silly packumentCache full:https://registry.npmjs.org/@oxc-transform%2fbinding-darwin-arm64 cache-miss
715 http fetch GET 200 https://registry.npmjs.org/ajv 666ms (cache updated)
716 silly packumentCache full:https://registry.npmjs.org/ajv set size:undefined disposed:false
717 silly fetch manifest @oxc-transform/binding-android-arm64@0.111.0
718 silly packumentCache full:https://registry.npmjs.org/@oxc-transform%2fbinding-android-arm64 cache-miss
719 http fetch GET 200 https://registry.npmjs.org/merge-stream 431ms (cache miss)
720 silly packumentCache full:https://registry.npmjs.org/merge-stream set size:undefined disposed:false
721 silly fetch manifest @oxc-transform/binding-linux-x64-gnu@0.111.0
722 silly packumentCache full:https://registry.npmjs.org/@oxc-transform%2fbinding-linux-x64-gnu cache-miss
723 http fetch GET 200 https://registry.npmjs.org/universalify 285ms (cache revalidated)
724 silly packumentCache full:https://registry.npmjs.org/universalify set size:19431 disposed:false
725 silly fetch manifest @oxc-transform/binding-linux-x64-musl@0.111.0
726 silly packumentCache full:https://registry.npmjs.org/@oxc-transform%2fbinding-linux-x64-musl cache-miss
727 http fetch GET 200 https://registry.npmjs.org/@oxc-transform%2fbinding-freebsd-x64 503ms (cache miss)
728 silly packumentCache full:https://registry.npmjs.org/@oxc-transform%2fbinding-freebsd-x64 set size:undefined disposed:false
729 silly fetch manifest @oxc-transform/binding-win32-x64-msvc@0.111.0
730 silly packumentCache full:https://registry.npmjs.org/@oxc-transform%2fbinding-win32-x64-msvc cache-miss
731 http fetch GET 200 https://registry.npmjs.org/@oxc-transform%2fbinding-android-arm64 437ms (cache miss)
732 silly packumentCache full:https://registry.npmjs.org/@oxc-transform%2fbinding-android-arm64 set size:undefined disposed:false
733 silly fetch manifest @oxc-transform/binding-linux-arm64-gnu@0.111.0
734 silly packumentCache full:https://registry.npmjs.org/@oxc-transform%2fbinding-linux-arm64-gnu cache-miss
735 http fetch GET 200 https://registry.npmjs.org/@oxc-transform%2fbinding-wasm32-wasi 554ms (cache miss)
736 silly packumentCache full:https://registry.npmjs.org/@oxc-transform%2fbinding-wasm32-wasi set size:undefined disposed:false
737 silly fetch manifest @oxc-transform/binding-linux-ppc64-gnu@0.111.0
738 silly packumentCache full:https://registry.npmjs.org/@oxc-transform%2fbinding-linux-ppc64-gnu cache-miss
739 http fetch GET 200 https://registry.npmjs.org/@oxc-transform%2fbinding-darwin-arm64 558ms (cache miss)
740 silly packumentCache full:https://registry.npmjs.org/@oxc-transform%2fbinding-darwin-arm64 set size:undefined disposed:false
741 silly fetch manifest @oxc-transform/binding-linux-s390x-gnu@0.111.0
742 silly packumentCache full:https://registry.npmjs.org/@oxc-transform%2fbinding-linux-s390x-gnu cache-miss
743 http fetch GET 200 https://registry.npmjs.org/@oxc-transform%2fbinding-linux-x64-gnu 497ms (cache miss)
744 silly packumentCache full:https://registry.npmjs.org/@oxc-transform%2fbinding-linux-x64-gnu set size:undefined disposed:false
745 silly fetch manifest @oxc-transform/binding-win32-ia32-msvc@0.111.0
746 silly packumentCache full:https://registry.npmjs.org/@oxc-transform%2fbinding-win32-ia32-msvc cache-miss
747 http fetch GET 200 https://registry.npmjs.org/@oxc-transform%2fbinding-darwin-x64 672ms (cache miss)
748 silly packumentCache full:https://registry.npmjs.org/@oxc-transform%2fbinding-darwin-x64 set size:undefined disposed:false
749 silly fetch manifest @oxc-transform/binding-android-arm-eabi@0.111.0
750 silly packumentCache full:https://registry.npmjs.org/@oxc-transform%2fbinding-android-arm-eabi cache-miss
751 http fetch GET 200 https://registry.npmjs.org/@oxc-transform%2fbinding-linux-x64-musl 438ms (cache miss)
752 silly packumentCache full:https://registry.npmjs.org/@oxc-transform%2fbinding-linux-x64-musl set size:undefined disposed:false
753 silly fetch manifest @oxc-transform/binding-linux-arm64-musl@0.111.0
754 silly packumentCache full:https://registry.npmjs.org/@oxc-transform%2fbinding-linux-arm64-musl cache-miss
755 http fetch GET 200 https://registry.npmjs.org/@oxc-transform%2fbinding-win32-x64-msvc 204ms (cache miss)
756 silly packumentCache full:https://registry.npmjs.org/@oxc-transform%2fbinding-win32-x64-msvc set size:undefined disposed:false
757 silly fetch manifest @oxc-transform/binding-win32-arm64-msvc@0.111.0
758 silly packumentCache full:https://registry.npmjs.org/@oxc-transform%2fbinding-win32-arm64-msvc cache-miss
759 http fetch GET 200 https://registry.npmjs.org/@oxc-transform%2fbinding-linux-s390x-gnu 261ms (cache miss)
760 silly packumentCache full:https://registry.npmjs.org/@oxc-transform%2fbinding-linux-s390x-gnu set size:undefined disposed:false
761 silly fetch manifest @oxc-transform/binding-linux-riscv64-gnu@0.111.0
762 silly packumentCache full:https://registry.npmjs.org/@oxc-transform%2fbinding-linux-riscv64-gnu cache-miss
763 http fetch GET 200 https://registry.npmjs.org/@oxc-transform%2fbinding-linux-arm64-gnu 345ms (cache miss)
764 silly packumentCache full:https://registry.npmjs.org/@oxc-transform%2fbinding-linux-arm64-gnu set size:undefined disposed:false
765 silly fetch manifest @oxc-transform/binding-openharmony-arm64@0.111.0
766 silly packumentCache full:https://registry.npmjs.org/@oxc-transform%2fbinding-openharmony-arm64 cache-miss
767 http fetch GET 200 https://registry.npmjs.org/@oxc-transform%2fbinding-win32-ia32-msvc 294ms (cache miss)
768 silly packumentCache full:https://registry.npmjs.org/@oxc-transform%2fbinding-win32-ia32-msvc set size:undefined disposed:false
769 silly fetch manifest @oxc-transform/binding-linux-riscv64-musl@0.111.0
770 silly packumentCache full:https://registry.npmjs.org/@oxc-transform%2fbinding-linux-riscv64-musl cache-miss
771 http fetch GET 200 https://registry.npmjs.org/@oxc-transform%2fbinding-linux-ppc64-gnu 357ms (cache miss)
772 silly packumentCache full:https://registry.npmjs.org/@oxc-transform%2fbinding-linux-ppc64-gnu set size:undefined disposed:false
773 silly fetch manifest @oxc-transform/binding-linux-arm-gnueabihf@0.111.0
774 silly packumentCache full:https://registry.npmjs.org/@oxc-transform%2fbinding-linux-arm-gnueabihf cache-miss
775 http fetch GET 200 https://registry.npmjs.org/@oxc-transform%2fbinding-android-arm-eabi 292ms (cache miss)
776 silly packumentCache full:https://registry.npmjs.org/@oxc-transform%2fbinding-android-arm-eabi set size:undefined disposed:false
777 silly fetch manifest @oxc-transform/binding-linux-arm-musleabihf@0.111.0
778 silly packumentCache full:https://registry.npmjs.org/@oxc-transform%2fbinding-linux-arm-musleabihf cache-miss
779 http fetch GET 200 https://registry.npmjs.org/@oxc-transform%2fbinding-linux-arm64-musl 349ms (cache miss)
780 silly packumentCache full:https://registry.npmjs.org/@oxc-transform%2fbinding-linux-arm64-musl set size:undefined disposed:false
781 silly fetch manifest @oxc-project/types@=0.110.0
782 silly packumentCache full:https://registry.npmjs.org/@oxc-project%2ftypes cache-miss
783 http fetch GET 200 https://registry.npmjs.org/@oxc-transform%2fbinding-win32-arm64-msvc 348ms (cache miss)
784 silly packumentCache full:https://registry.npmjs.org/@oxc-transform%2fbinding-win32-arm64-msvc set size:undefined disposed:false
785 silly fetch manifest @rolldown/pluginutils@1.0.0-rc.1
786 silly packumentCache full:https://registry.npmjs.org/@rolldown%2fpluginutils cache-miss
787 http fetch GET 200 https://registry.npmjs.org/@oxc-transform%2fbinding-openharmony-arm64 224ms (cache miss)
788 silly packumentCache full:https://registry.npmjs.org/@oxc-transform%2fbinding-openharmony-arm64 set size:undefined disposed:false
789 silly fetch manifest @rolldown/binding-darwin-x64@1.0.0-rc.1
790 silly packumentCache full:https://registry.npmjs.org/@rolldown%2fbinding-darwin-x64 cache-miss
791 http fetch GET 200 https://registry.npmjs.org/@oxc-transform%2fbinding-linux-riscv64-musl 235ms (cache miss)
792 silly packumentCache full:https://registry.npmjs.org/@oxc-transform%2fbinding-linux-riscv64-musl set size:undefined disposed:false
793 silly fetch manifest @rolldown/binding-freebsd-x64@1.0.0-rc.1
794 silly packumentCache full:https://registry.npmjs.org/@rolldown%2fbinding-freebsd-x64 cache-miss
795 http fetch GET 200 https://registry.npmjs.org/@oxc-transform%2fbinding-linux-riscv64-gnu 392ms (cache miss)
796 silly packumentCache full:https://registry.npmjs.org/@oxc-transform%2fbinding-linux-riscv64-gnu set size:undefined disposed:false
797 silly fetch manifest @rolldown/binding-wasm32-wasi@1.0.0-rc.1
798 silly packumentCache full:https://registry.npmjs.org/@rolldown%2fbinding-wasm32-wasi cache-miss
799 http fetch GET 200 https://registry.npmjs.org/@oxc-project%2ftypes 233ms (cache miss)
800 silly packumentCache full:https://registry.npmjs.org/@oxc-project%2ftypes set size:undefined disposed:false
801 silly fetch manifest @rolldown/binding-darwin-arm64@1.0.0-rc.1
802 silly packumentCache full:https://registry.npmjs.org/@rolldown%2fbinding-darwin-arm64 cache-miss
803 http fetch GET 200 https://registry.npmjs.org/@rolldown%2fpluginutils 234ms (cache miss)
804 silly packumentCache full:https://registry.npmjs.org/@rolldown%2fpluginutils set size:undefined disposed:false
805 silly fetch manifest @rolldown/binding-android-arm64@1.0.0-rc.1
806 silly packumentCache full:https://registry.npmjs.org/@rolldown%2fbinding-android-arm64 cache-miss
807 http fetch GET 200 https://registry.npmjs.org/@oxc-transform%2fbinding-linux-arm-musleabihf 416ms (cache miss)
808 silly packumentCache full:https://registry.npmjs.org/@oxc-transform%2fbinding-linux-arm-musleabihf set size:undefined disposed:false
809 silly fetch manifest @rolldown/binding-linux-x64-gnu@1.0.0-rc.1
810 silly packumentCache full:https://registry.npmjs.org/@rolldown%2fbinding-linux-x64-gnu cache-miss
811 http fetch GET 200 https://registry.npmjs.org/@oxc-transform%2fbinding-linux-arm-gnueabihf 444ms (cache miss)
812 silly packumentCache full:https://registry.npmjs.org/@oxc-transform%2fbinding-linux-arm-gnueabihf set size:undefined disposed:false
813 silly fetch manifest @rolldown/binding-linux-x64-musl@1.0.0-rc.1
814 silly packumentCache full:https://registry.npmjs.org/@rolldown%2fbinding-linux-x64-musl cache-miss
815 http fetch GET 200 https://registry.npmjs.org/@rolldown%2fbinding-freebsd-x64 528ms (cache miss)
816 silly packumentCache full:https://registry.npmjs.org/@rolldown%2fbinding-freebsd-x64 set size:undefined disposed:false
817 silly fetch manifest @rolldown/binding-win32-x64-msvc@1.0.0-rc.1
818 silly packumentCache full:https://registry.npmjs.org/@rolldown%2fbinding-win32-x64-msvc cache-miss
819 http fetch GET 200 https://registry.npmjs.org/@rolldown%2fbinding-android-arm64 393ms (cache miss)
820 silly packumentCache full:https://registry.npmjs.org/@rolldown%2fbinding-android-arm64 set size:undefined disposed:false
821 silly fetch manifest @rolldown/binding-linux-arm64-gnu@1.0.0-rc.1
822 silly packumentCache full:https://registry.npmjs.org/@rolldown%2fbinding-linux-arm64-gnu cache-miss
823 http fetch GET 200 https://registry.npmjs.org/@rolldown%2fbinding-wasm32-wasi 488ms (cache miss)
824 silly packumentCache full:https://registry.npmjs.org/@rolldown%2fbinding-wasm32-wasi set size:undefined disposed:false
825 silly fetch manifest @rolldown/binding-linux-arm64-musl@1.0.0-rc.1
826 silly packumentCache full:https://registry.npmjs.org/@rolldown%2fbinding-linux-arm64-musl cache-miss
827 http fetch GET 200 https://registry.npmjs.org/@rolldown%2fbinding-darwin-x64 701ms (cache miss)
828 silly packumentCache full:https://registry.npmjs.org/@rolldown%2fbinding-darwin-x64 set size:undefined disposed:false
829 silly fetch manifest @rolldown/binding-win32-arm64-msvc@1.0.0-rc.1
830 silly packumentCache full:https://registry.npmjs.org/@rolldown%2fbinding-win32-arm64-msvc cache-miss
831 http fetch GET 200 https://registry.npmjs.org/@rolldown%2fbinding-darwin-arm64 633ms (cache miss)
832 silly packumentCache full:https://registry.npmjs.org/@rolldown%2fbinding-darwin-arm64 set size:undefined disposed:false
833 silly fetch manifest @rolldown/binding-openharmony-arm64@1.0.0-rc.1
834 silly packumentCache full:https://registry.npmjs.org/@rolldown%2fbinding-openharmony-arm64 cache-miss
835 http fetch GET 200 https://registry.npmjs.org/@rolldown%2fbinding-linux-x64-gnu 651ms (cache miss)
836 silly packumentCache full:https://registry.npmjs.org/@rolldown%2fbinding-linux-x64-gnu set size:undefined disposed:false
837 silly fetch manifest @rolldown/binding-linux-arm-gnueabihf@1.0.0-rc.1
838 silly packumentCache full:https://registry.npmjs.org/@rolldown%2fbinding-linux-arm-gnueabihf cache-miss
839 http fetch GET 200 https://registry.npmjs.org/@rolldown%2fbinding-linux-x64-musl 721ms (cache miss)
840 silly packumentCache full:https://registry.npmjs.org/@rolldown%2fbinding-linux-x64-musl set size:undefined disposed:false
841 silly fetch manifest @ts-morph/common@~0.11.0
842 silly packumentCache full:https://registry.npmjs.org/@ts-morph%2fcommon cache-miss
843 http fetch GET 200 https://registry.npmjs.org/@rolldown%2fbinding-openharmony-arm64 230ms (cache miss)
844 silly packumentCache full:https://registry.npmjs.org/@rolldown%2fbinding-openharmony-arm64 set size:undefined disposed:false
845 silly fetch manifest code-block-writer@^10.1.1
846 silly packumentCache full:https://registry.npmjs.org/code-block-writer cache-miss
847 http fetch GET 200 https://registry.npmjs.org/@rolldown%2fbinding-win32-x64-msvc 528ms (cache miss)
848 silly packumentCache full:https://registry.npmjs.org/@rolldown%2fbinding-win32-x64-msvc set size:undefined disposed:false
849 silly fetch manifest get-tsconfig@^4.7.5
850 silly packumentCache full:https://registry.npmjs.org/get-tsconfig cache-miss
851 http fetch GET 200 https://registry.npmjs.org/@rolldown%2fbinding-linux-arm64-gnu 649ms (cache miss)
852 silly packumentCache full:https://registry.npmjs.org/@rolldown%2fbinding-linux-arm64-gnu set size:undefined disposed:false
853 silly fetch manifest fsevents@~2.3.3
854 silly packumentCache full:https://registry.npmjs.org/fsevents cache-miss
855 http fetch GET 200 https://registry.npmjs.org/@rolldown%2fbinding-linux-arm64-musl 671ms (cache miss)
856 silly packumentCache full:https://registry.npmjs.org/@rolldown%2fbinding-linux-arm64-musl set size:undefined disposed:false
857 http fetch GET 200 https://registry.npmjs.org/code-block-writer 305ms (cache miss)
858 silly packumentCache full:https://registry.npmjs.org/code-block-writer set size:undefined disposed:false
859 http fetch GET 200 https://registry.npmjs.org/@ts-morph%2fcommon 416ms (cache miss)
860 silly packumentCache full:https://registry.npmjs.org/@ts-morph%2fcommon set size:undefined disposed:false
861 http fetch GET 200 https://registry.npmjs.org/get-tsconfig 279ms (cache miss)
862 silly packumentCache full:https://registry.npmjs.org/get-tsconfig set size:undefined disposed:false
863 http fetch GET 200 https://registry.npmjs.org/@rolldown%2fbinding-win32-arm64-msvc 736ms (cache miss)
864 silly packumentCache full:https://registry.npmjs.org/@rolldown%2fbinding-win32-arm64-msvc set size:undefined disposed:false
865 http fetch GET 200 https://registry.npmjs.org/@rolldown%2fbinding-linux-arm-gnueabihf 594ms (cache miss)
866 silly packumentCache full:https://registry.npmjs.org/@rolldown%2fbinding-linux-arm-gnueabihf set size:undefined disposed:false
867 http fetch GET 200 https://registry.npmjs.org/fsevents 280ms (cache revalidated)
868 silly packumentCache full:https://registry.npmjs.org/fsevents set size:182472 disposed:false
869 silly placeDep node_modules/vercel async-retry@1.3.3 OK for: @vercel/blob@2.4.0 want: ^1.3.3
870 silly placeDep node_modules/vercel is-buffer@2.0.5 OK for: @vercel/blob@2.4.0 want: ^2.0.5
871 silly placeDep node_modules/vercel is-node-process@1.2.0 OK for: @vercel/blob@2.4.0 want: ^1.2.0
872 silly placeDep node_modules/vercel throttleit@2.1.0 OK for: @vercel/blob@2.4.0 want: ^2.1.0
873 silly placeDep node_modules/vercel/node_modules/@vercel/blob undici@6.27.0 OK for: @vercel/blob@2.4.0 want: ^6.23.0
874 silly fetch manifest retry@0.13.1
875 silly packumentCache full:https://registry.npmjs.org/retry cache-miss
876 http fetch GET 200 https://registry.npmjs.org/retry 95ms (cache revalidated)
877 silly packumentCache full:https://registry.npmjs.org/retry set size:31161 disposed:false
878 silly placeDep node_modules/vercel @vercel/python-analysis@0.11.1 OK for: @vercel/build-utils@13.32.2 want: 0.11.1
879 silly placeDep node_modules/vercel cjs-module-lexer@1.2.3 OK for: @vercel/build-utils@13.32.2 want: 1.2.3
880 silly placeDep node_modules/vercel es-module-lexer@1.5.0 OK for: @vercel/build-utils@13.32.2 want: 1.5.0
881 silly fetch manifest js-yaml@4.1.1
882 silly packumentCache full:https://registry.npmjs.org/js-yaml cache-miss
883 silly fetch manifest fs-extra@11.1.1
884 silly packumentCache full:https://registry.npmjs.org/fs-extra cache-miss
885 silly fetch manifest minimatch@10.1.1
886 silly packumentCache full:https://registry.npmjs.org/minimatch cache-miss
887 silly fetch manifest @renovatebot/pep440@4.2.1
888 silly packumentCache full:https://registry.npmjs.org/@renovatebot%2fpep440 cache-miss
889 silly fetch manifest @bytecodealliance/preview2-shim@0.17.6
890 silly packumentCache full:https://registry.npmjs.org/@bytecodealliance%2fpreview2-shim cache-miss
891 http cache https://registry.npmjs.org/fs-extra 47ms (cache hit)
892 silly packumentCache full:https://registry.npmjs.org/fs-extra set size:237251 disposed:false
893 http fetch GET 200 https://registry.npmjs.org/js-yaml 219ms (cache miss)
894 silly packumentCache full:https://registry.npmjs.org/js-yaml set size:undefined disposed:false
895 http fetch GET 200 https://registry.npmjs.org/@bytecodealliance%2fpreview2-shim 333ms (cache miss)
896 silly packumentCache full:https://registry.npmjs.org/@bytecodealliance%2fpreview2-shim set size:undefined disposed:false
897 http fetch GET 200 https://registry.npmjs.org/@renovatebot%2fpep440 354ms (cache miss)
898 silly packumentCache full:https://registry.npmjs.org/@renovatebot%2fpep440 set size:undefined disposed:false
899 http fetch GET 200 https://registry.npmjs.org/minimatch 378ms (cache updated)
900 silly packumentCache full:https://registry.npmjs.org/minimatch set size:undefined disposed:false
901 silly placeDep node_modules/vercel @napi-rs/keyring@1.2.0 OK for: @vercel/cli-auth@0.3.0 want: 1.2.0
902 silly placeDep node_modules/vercel async-listen@3.0.0 OK for: @vercel/cli-auth@0.3.0 want: 3.0.0
903 silly placeDep node_modules/vercel open@8.4.0 OK for: @vercel/cli-auth@0.3.0 want: 8.4.0
904 silly fetch manifest @napi-rs/keyring-darwin-x64@1.2.0
905 silly packumentCache full:https://registry.npmjs.org/@napi-rs%2fkeyring-darwin-x64 cache-miss
906 silly fetch manifest @napi-rs/keyring-freebsd-x64@1.2.0
907 silly packumentCache full:https://registry.npmjs.org/@napi-rs%2fkeyring-freebsd-x64 cache-miss
908 silly fetch manifest @napi-rs/keyring-darwin-arm64@1.2.0
909 silly packumentCache full:https://registry.npmjs.org/@napi-rs%2fkeyring-darwin-arm64 cache-miss
910 silly fetch manifest @napi-rs/keyring-linux-x64-gnu@1.2.0
911 silly packumentCache full:https://registry.npmjs.org/@napi-rs%2fkeyring-linux-x64-gnu cache-miss
912 silly fetch manifest @napi-rs/keyring-linux-x64-musl@1.2.0
913 silly packumentCache full:https://registry.npmjs.org/@napi-rs%2fkeyring-linux-x64-musl cache-miss
914 silly fetch manifest @napi-rs/keyring-win32-x64-msvc@1.2.0
915 silly packumentCache full:https://registry.npmjs.org/@napi-rs%2fkeyring-win32-x64-msvc cache-miss
916 silly fetch manifest @napi-rs/keyring-linux-arm64-gnu@1.2.0
917 silly packumentCache full:https://registry.npmjs.org/@napi-rs%2fkeyring-linux-arm64-gnu cache-miss
918 http fetch GET 200 https://registry.npmjs.org/@napi-rs%2fkeyring-freebsd-x64 203ms (cache miss)
919 silly packumentCache full:https://registry.npmjs.org/@napi-rs%2fkeyring-freebsd-x64 set size:undefined disposed:false
920 silly fetch manifest @napi-rs/keyring-win32-ia32-msvc@1.2.0
921 silly packumentCache full:https://registry.npmjs.org/@napi-rs%2fkeyring-win32-ia32-msvc cache-miss
922 http fetch GET 200 https://registry.npmjs.org/@napi-rs%2fkeyring-linux-x64-musl 356ms (cache miss)
923 silly packumentCache full:https://registry.npmjs.org/@napi-rs%2fkeyring-linux-x64-musl set size:undefined disposed:false
924 silly fetch manifest @napi-rs/keyring-linux-arm64-musl@1.2.0
925 silly packumentCache full:https://registry.npmjs.org/@napi-rs%2fkeyring-linux-arm64-musl cache-miss
926 http fetch GET 200 https://registry.npmjs.org/@napi-rs%2fkeyring-linux-x64-gnu 372ms (cache miss)
927 silly packumentCache full:https://registry.npmjs.org/@napi-rs%2fkeyring-linux-x64-gnu set size:undefined disposed:false
928 silly fetch manifest @napi-rs/keyring-win32-arm64-msvc@1.2.0
929 silly packumentCache full:https://registry.npmjs.org/@napi-rs%2fkeyring-win32-arm64-msvc cache-miss
930 http fetch GET 200 https://registry.npmjs.org/@napi-rs%2fkeyring-darwin-x64 387ms (cache miss)
931 silly packumentCache full:https://registry.npmjs.org/@napi-rs%2fkeyring-darwin-x64 set size:undefined disposed:false
932 silly fetch manifest @napi-rs/keyring-linux-riscv64-gnu@1.2.0
933 silly packumentCache full:https://registry.npmjs.org/@napi-rs%2fkeyring-linux-riscv64-gnu cache-miss
934 http fetch GET 200 https://registry.npmjs.org/@napi-rs%2fkeyring-win32-x64-msvc 385ms (cache miss)
935 silly packumentCache full:https://registry.npmjs.org/@napi-rs%2fkeyring-win32-x64-msvc set size:undefined disposed:false
936 silly fetch manifest @napi-rs/keyring-linux-arm-gnueabihf@1.2.0
937 silly packumentCache full:https://registry.npmjs.org/@napi-rs%2fkeyring-linux-arm-gnueabihf cache-miss
938 http fetch GET 200 https://registry.npmjs.org/@napi-rs%2fkeyring-darwin-arm64 400ms (cache miss)
939 silly packumentCache full:https://registry.npmjs.org/@napi-rs%2fkeyring-darwin-arm64 set size:undefined disposed:false
940 silly fetch manifest is-wsl@^2.2.0
941 silly packumentCache full:https://registry.npmjs.org/is-wsl cache-miss
942 http fetch GET 200 https://registry.npmjs.org/@napi-rs%2fkeyring-linux-arm64-gnu 439ms (cache miss)
943 silly packumentCache full:https://registry.npmjs.org/@napi-rs%2fkeyring-linux-arm64-gnu set size:undefined disposed:false
944 silly fetch manifest is-docker@^2.1.1
945 silly packumentCache full:https://registry.npmjs.org/is-docker cache-miss
946 http fetch GET 200 https://registry.npmjs.org/@napi-rs%2fkeyring-win32-ia32-msvc 286ms (cache miss)
947 silly packumentCache full:https://registry.npmjs.org/@napi-rs%2fkeyring-win32-ia32-msvc set size:undefined disposed:false
948 silly fetch manifest define-lazy-prop@^2.0.0
949 silly packumentCache full:https://registry.npmjs.org/define-lazy-prop cache-miss
950 http fetch GET 200 https://registry.npmjs.org/is-wsl 135ms (cache revalidated)
951 silly packumentCache full:https://registry.npmjs.org/is-wsl set size:20683 disposed:false
952 http fetch GET 200 https://registry.npmjs.org/@napi-rs%2fkeyring-linux-riscv64-gnu 300ms (cache miss)
953 silly packumentCache full:https://registry.npmjs.org/@napi-rs%2fkeyring-linux-riscv64-gnu set size:undefined disposed:false
954 http fetch GET 200 https://registry.npmjs.org/@napi-rs%2fkeyring-linux-arm-gnueabihf 298ms (cache miss)
955 silly packumentCache full:https://registry.npmjs.org/@napi-rs%2fkeyring-linux-arm-gnueabihf set size:undefined disposed:false
956 http fetch GET 200 https://registry.npmjs.org/is-docker 249ms (cache revalidated)
957 silly packumentCache full:https://registry.npmjs.org/is-docker set size:23690 disposed:false
958 http fetch GET 200 https://registry.npmjs.org/@napi-rs%2fkeyring-linux-arm64-musl 341ms (cache miss)
959 silly packumentCache full:https://registry.npmjs.org/@napi-rs%2fkeyring-linux-arm64-musl set size:undefined disposed:false
960 http fetch GET 200 https://registry.npmjs.org/@napi-rs%2fkeyring-win32-arm64-msvc 338ms (cache miss)
961 silly packumentCache full:https://registry.npmjs.org/@napi-rs%2fkeyring-win32-arm64-msvc set size:undefined disposed:false
962 http fetch GET 200 https://registry.npmjs.org/define-lazy-prop 215ms (cache miss)
963 silly packumentCache full:https://registry.npmjs.org/define-lazy-prop set size:undefined disposed:false
964 silly placeDep node_modules/vercel @napi-rs/keyring-darwin-arm64@1.2.0 OK for: @napi-rs/keyring@1.2.0 want: 1.2.0
965 silly placeDep node_modules/vercel @napi-rs/keyring-darwin-x64@1.2.0 OK for: @napi-rs/keyring@1.2.0 want: 1.2.0
966 silly placeDep node_modules/vercel @napi-rs/keyring-freebsd-x64@1.2.0 OK for: @napi-rs/keyring@1.2.0 want: 1.2.0
967 silly placeDep node_modules/vercel @napi-rs/keyring-linux-arm-gnueabihf@1.2.0 OK for: @napi-rs/keyring@1.2.0 want: 1.2.0
968 silly placeDep node_modules/vercel @napi-rs/keyring-linux-arm64-gnu@1.2.0 OK for: @napi-rs/keyring@1.2.0 want: 1.2.0
969 silly placeDep node_modules/vercel @napi-rs/keyring-linux-arm64-musl@1.2.0 OK for: @napi-rs/keyring@1.2.0 want: 1.2.0
970 silly placeDep node_modules/vercel @napi-rs/keyring-linux-riscv64-gnu@1.2.0 OK for: @napi-rs/keyring@1.2.0 want: 1.2.0
971 silly placeDep node_modules/vercel @napi-rs/keyring-linux-x64-gnu@1.2.0 OK for: @napi-rs/keyring@1.2.0 want: 1.2.0
972 silly placeDep node_modules/vercel @napi-rs/keyring-linux-x64-musl@1.2.0 OK for: @napi-rs/keyring@1.2.0 want: 1.2.0
973 silly placeDep node_modules/vercel @napi-rs/keyring-win32-arm64-msvc@1.2.0 OK for: @napi-rs/keyring@1.2.0 want: 1.2.0
974 silly placeDep node_modules/vercel @napi-rs/keyring-win32-ia32-msvc@1.2.0 OK for: @napi-rs/keyring@1.2.0 want: 1.2.0
975 silly placeDep node_modules/vercel @napi-rs/keyring-win32-x64-msvc@1.2.0 OK for: @napi-rs/keyring@1.2.0 want: 1.2.0
976 silly placeDep node_modules/vercel xdg-app-paths@5.5.1 OK for: @vercel/cli-config@0.2.0 want: 5
977 silly fetch manifest os-paths@^4.0.1
978 silly packumentCache full:https://registry.npmjs.org/os-paths cache-miss
979 silly fetch manifest xdg-portable@^7.2.0
980 silly packumentCache full:https://registry.npmjs.org/xdg-portable cache-miss
981 http fetch GET 200 https://registry.npmjs.org/xdg-portable 204ms (cache miss)
982 silly packumentCache full:https://registry.npmjs.org/xdg-portable set size:undefined disposed:false
983 http fetch GET 200 https://registry.npmjs.org/os-paths 246ms (cache miss)
984 silly packumentCache full:https://registry.npmjs.org/os-paths set size:undefined disposed:false
985 silly placeDep node_modules/vercel @vercel/cervel@0.1.29 OK for: @vercel/express@0.1.112 want: 0.1.29
986 silly placeDep node_modules/vercel/node_modules/@vercel/express zod@3.22.4 OK for: @vercel/express@0.1.112 want: 3.22.4
987 silly fetch manifest encoding@^0.1.0
988 silly packumentCache full:https://registry.npmjs.org/encoding cache-miss
989 http fetch GET 200 https://registry.npmjs.org/encoding 87ms (cache revalidated)
990 silly packumentCache full:https://registry.npmjs.org/encoding set size:17833 disposed:false
991 silly placeDep node_modules/vercel @tootallnate/once@2.0.0 OK for: @vercel/fun@1.3.0 want: 2.0.0
992 silly placeDep node_modules/vercel/node_modules/@vercel/fun async-listen@1.2.0 OK for: @vercel/fun@1.3.0 want: 1.2.0
993 silly placeDep node_modules/vercel debug@4.3.4 OK for: @vercel/fun@1.3.0 want: 4.3.4
994 silly placeDep node_modules/vercel generic-pool@3.4.2 OK for: @vercel/fun@1.3.0 want: 3.4.2
995 silly placeDep node_modules/vercel micro@9.3.5-canary.3 OK for: @vercel/fun@1.3.0 want: 9.3.5-canary.3
996 silly placeDep node_modules/vercel ms@2.1.1 OK for: @vercel/fun@1.3.0 want: 2.1.1
997 silly placeDep node_modules/vercel node-fetch@2.6.7 OK for: @vercel/fun@1.3.0 want: 2.6.7
998 silly placeDep node_modules/vercel/node_modules/@vercel/fun path-to-regexp@8.2.0 OK for: @vercel/fun@1.3.0 want: 8.2.0
999 silly placeDep node_modules/vercel promisepipe@3.0.0 OK for: @vercel/fun@1.3.0 want: 3.0.0
1000 silly placeDep node_modules/vercel semver@7.5.4 OK for: @vercel/fun@1.3.0 want: 7.5.4
1001 silly placeDep node_modules/vercel stat-mode@0.3.0 OK for: @vercel/fun@1.3.0 want: 0.3.0
1002 silly placeDep node_modules/vercel stream-to-promise@2.2.0 OK for: @vercel/fun@1.3.0 want: 2.2.0
1003 silly placeDep node_modules/vercel tar@7.5.7 OK for: @vercel/fun@1.3.0 want: 7.5.7
1004 silly placeDep node_modules/vercel tinyexec@0.3.2 OK for: @vercel/fun@1.3.0 want: 0.3.2
1005 silly placeDep node_modules/vercel tree-kill@1.2.2 OK for: @vercel/fun@1.3.0 want: 1.2.2
1006 silly placeDep node_modules/vercel uid-promise@1.0.0 OK for: @vercel/fun@1.3.0 want: 1.0.0
1007 silly placeDep node_modules/vercel/node_modules/@vercel/fun xdg-app-paths@5.1.0 OK for: @vercel/fun@1.3.0 want: 5.1.0
1008 silly placeDep node_modules/vercel yauzl-promise@2.1.3 OK for: @vercel/fun@1.3.0 want: 2.1.3
1009 silly fetch manifest ms@2.1.2
1010 silly packumentCache full:https://registry.npmjs.org/ms cache-hit
1011 silly fetch manifest arg@4.1.0
1012 silly packumentCache full:https://registry.npmjs.org/arg cache-miss
1013 silly fetch manifest raw-body@2.4.1
1014 silly packumentCache full:https://registry.npmjs.org/raw-body cache-miss
1015 silly fetch manifest content-type@1.0.4
1016 silly packumentCache full:https://registry.npmjs.org/content-type cache-miss
1017 silly fetch manifest whatwg-url@^5.0.0
1018 silly packumentCache full:https://registry.npmjs.org/whatwg-url cache-miss
1019 silly fetch manifest lru-cache@^6.0.0
1020 silly packumentCache full:https://registry.npmjs.org/lru-cache cache-miss
1021 silly fetch manifest any-promise@~1.3.0
1022 silly packumentCache full:https://registry.npmjs.org/any-promise cache-miss
1023 silly fetch manifest end-of-stream@~1.1.0
1024 silly packumentCache full:https://registry.npmjs.org/end-of-stream cache-miss
1025 http cache https://registry.npmjs.org/lru-cache 79ms (cache hit)
1026 silly packumentCache full:https://registry.npmjs.org/lru-cache set size:456196 disposed:false
1027 silly fetch manifest stream-to-array@~2.3.0
1028 silly packumentCache full:https://registry.npmjs.org/stream-to-array cache-miss
1029 http fetch GET 200 https://registry.npmjs.org/raw-body 214ms (cache revalidated)
1030 silly packumentCache full:https://registry.npmjs.org/raw-body set size:117822 disposed:false
1031 silly fetch manifest chownr@^3.0.0
1032 silly packumentCache full:https://registry.npmjs.org/chownr cache-miss
1033 http fetch GET 200 https://registry.npmjs.org/end-of-stream 211ms (cache revalidated)
1034 silly packumentCache full:https://registry.npmjs.org/end-of-stream set size:27842 disposed:false
1035 silly fetch manifest yallist@^5.0.0
1036 silly packumentCache full:https://registry.npmjs.org/yallist cache-miss
1037 http fetch GET 200 https://registry.npmjs.org/content-type 238ms (cache updated)
1038 silly packumentCache full:https://registry.npmjs.org/content-type set size:undefined disposed:false
1039 silly fetch manifest minipass@^7.1.2
1040 silly packumentCache full:https://registry.npmjs.org/minipass cache-miss
1041 http fetch GET 200 https://registry.npmjs.org/any-promise 237ms (cache miss)
1042 silly packumentCache full:https://registry.npmjs.org/any-promise set size:undefined disposed:false
1043 silly fetch manifest minizlib@^3.1.0
1044 silly packumentCache full:https://registry.npmjs.org/minizlib cache-miss
1045 http fetch GET 200 https://registry.npmjs.org/arg 274ms (cache miss)
1046 silly packumentCache full:https://registry.npmjs.org/arg set size:undefined disposed:false
1047 silly fetch manifest @isaacs/fs-minipass@^4.0.0
1048 silly packumentCache full:https://registry.npmjs.org/@isaacs%2ffs-minipass cache-miss
1049 http fetch GET 200 https://registry.npmjs.org/whatwg-url 303ms (cache miss)
1050 silly packumentCache full:https://registry.npmjs.org/whatwg-url set size:undefined disposed:false
1051 silly fetch manifest xdg-portable@^7.0.0
1052 silly packumentCache full:https://registry.npmjs.org/xdg-portable cache-miss
1053 http fetch GET 200 https://registry.npmjs.org/stream-to-array 197ms (cache miss)
1054 silly packumentCache full:https://registry.npmjs.org/stream-to-array set size:undefined disposed:false
1055 silly fetch manifest yauzl@^2.9.1
1056 silly packumentCache full:https://registry.npmjs.org/yauzl cache-miss
1057 http cache https://registry.npmjs.org/xdg-portable 26ms (cache hit)
1058 silly packumentCache full:https://registry.npmjs.org/xdg-portable set size:329210 disposed:false
1059 silly fetch manifest yauzl-clone@^1.0.4
1060 silly packumentCache full:https://registry.npmjs.org/yauzl-clone cache-miss
1061 http fetch GET 200 https://registry.npmjs.org/chownr 172ms (cache revalidated)
1062 silly packumentCache full:https://registry.npmjs.org/chownr set size:22157 disposed:false
1063 http fetch GET 200 https://registry.npmjs.org/yallist 171ms (cache revalidated)
1064 silly packumentCache full:https://registry.npmjs.org/yallist set size:34610 disposed:false
1065 http fetch GET 200 https://registry.npmjs.org/minipass 166ms (cache revalidated)
1066 silly packumentCache full:https://registry.npmjs.org/minipass set size:276925 disposed:false
1067 http fetch GET 200 https://registry.npmjs.org/minizlib 187ms (cache revalidated)
1068 silly packumentCache full:https://registry.npmjs.org/minizlib set size:62862 disposed:false
1069 http fetch GET 200 https://registry.npmjs.org/yauzl 221ms (cache miss)
1070 silly packumentCache full:https://registry.npmjs.org/yauzl set size:undefined disposed:false
1071 http fetch GET 200 https://registry.npmjs.org/yauzl-clone 275ms (cache miss)
1072 silly packumentCache full:https://registry.npmjs.org/yauzl-clone set size:undefined disposed:false
1073 http fetch GET 200 https://registry.npmjs.org/@isaacs%2ffs-minipass 383ms (cache miss)
1074 silly packumentCache full:https://registry.npmjs.org/@isaacs%2ffs-minipass set size:undefined disposed:false
1075 silly placeDep node_modules/vercel/node_modules/@vercel/hono zod@3.22.4 OK for: @vercel/hono@0.2.101 want: 3.22.4
1076 silly fetch manifest rollup@^1.20.0||^2.0.0||^3.0.0||^4.0.0
1077 silly packumentCache full:https://registry.npmjs.org/rollup cache-miss
1078 http fetch GET 200 https://registry.npmjs.org/rollup 1313ms (cache updated)
1079 silly packumentCache full:https://registry.npmjs.org/rollup set size:undefined disposed:false
1080 silly placeDep node_modules/vercel @mapbox/node-pre-gyp@2.0.3 OK for: @vercel/nft@1.10.0 want: ^2.0.0
1081 silly placeDep node_modules/vercel @rollup/pluginutils@5.4.0 OK for: @vercel/nft@1.10.0 want: ^5.1.3
1082 silly placeDep node_modules/vercel acorn@8.17.0 OK for: @vercel/nft@1.10.0 want: ^8.6.0
1083 silly placeDep node_modules/vercel acorn-import-attributes@1.9.5 OK for: @vercel/nft@1.10.0 want: ^1.9.5
1084 silly placeDep node_modules/vercel async-sema@3.1.1 OK for: @vercel/nft@1.10.0 want: ^3.1.1
1085 silly placeDep node_modules/vercel bindings@1.5.0 OK for: @vercel/nft@1.10.0 want: ^1.4.0
1086 silly placeDep node_modules/vercel estree-walker@2.0.2 OK for: @vercel/nft@1.10.0 want: 2.0.2
1087 silly placeDep node_modules/vercel glob@13.0.6 OK for: @vercel/nft@1.10.0 want: ^13.0.0
1088 silly placeDep node_modules/vercel graceful-fs@4.2.11 OK for: @vercel/nft@1.10.0 want: ^4.2.9
1089 silly placeDep node_modules/vercel node-gyp-build@4.8.4 OK for: @vercel/nft@1.10.0 want: ^4.2.2
1090 silly placeDep node_modules/vercel picomatch@4.0.5 OK for: @vercel/nft@1.10.0 want: ^4.0.2
1091 silly placeDep node_modules/vercel resolve-from@5.0.0 OK for: @vercel/nft@1.10.0 want: ^5.0.0
1092 silly fetch manifest nopt@^8.0.0
1093 silly packumentCache full:https://registry.npmjs.org/nopt cache-miss
1094 silly fetch manifest consola@^3.2.3
1095 silly packumentCache full:https://registry.npmjs.org/consola cache-miss
1096 silly fetch manifest detect-libc@^2.0.0
1097 silly packumentCache full:https://registry.npmjs.org/detect-libc cache-miss
1098 silly fetch manifest https-proxy-agent@^7.0.5
1099 silly packumentCache full:https://registry.npmjs.org/https-proxy-agent cache-miss
1100 silly fetch manifest @types/estree@^1.0.0
1101 silly packumentCache full:https://registry.npmjs.org/@types%2festree cache-miss
1102 silly fetch manifest estree-walker@^2.0.2
1103 silly packumentCache full:https://registry.npmjs.org/estree-walker cache-hit
1104 silly fetch manifest file-uri-to-path@1.0.0
1105 silly packumentCache full:https://registry.npmjs.org/file-uri-to-path cache-miss
1106 silly fetch manifest minimatch@^10.2.2
1107 silly packumentCache full:https://registry.npmjs.org/minimatch cache-miss
1108 http cache https://registry.npmjs.org/https-proxy-agent 51ms (cache hit)
1109 silly packumentCache full:https://registry.npmjs.org/https-proxy-agent set size:83792 disposed:false
1110 silly fetch manifest minipass@^7.1.3
1111 silly packumentCache full:https://registry.npmjs.org/minipass cache-hit
1112 silly fetch manifest path-scurry@^2.0.2
1113 silly packumentCache full:https://registry.npmjs.org/path-scurry cache-miss
1114 http cache https://registry.npmjs.org/minimatch 62ms (cache hit)
1115 silly packumentCache full:https://registry.npmjs.org/minimatch set size:375282 disposed:false
1116 http fetch GET 200 https://registry.npmjs.org/detect-libc 120ms (cache revalidated)
1117 silly packumentCache full:https://registry.npmjs.org/detect-libc set size:47861 disposed:false
1118 http fetch GET 200 https://registry.npmjs.org/file-uri-to-path 202ms (cache revalidated)
1119 silly packumentCache full:https://registry.npmjs.org/file-uri-to-path set size:10154 disposed:false
1120 http fetch GET 200 https://registry.npmjs.org/@types%2festree 218ms (cache updated)
1121 silly packumentCache full:https://registry.npmjs.org/@types%2festree set size:undefined disposed:false
1122 http fetch GET 200 https://registry.npmjs.org/nopt 237ms (cache updated)
1123 silly packumentCache full:https://registry.npmjs.org/nopt set size:undefined disposed:false
1124 http fetch GET 200 https://registry.npmjs.org/path-scurry 218ms (cache miss)
1125 silly packumentCache full:https://registry.npmjs.org/path-scurry set size:undefined disposed:false
1126 http fetch GET 200 https://registry.npmjs.org/consola 325ms (cache miss)
1127 silly packumentCache full:https://registry.npmjs.org/consola set size:undefined disposed:false
1128 silly placeDep node_modules/vercel consola@3.4.2 OK for: @mapbox/node-pre-gyp@2.0.3 want: ^3.2.3
1129 silly placeDep node_modules/vercel detect-libc@2.1.2 OK for: @mapbox/node-pre-gyp@2.0.3 want: ^2.0.0
1130 silly placeDep node_modules/vercel https-proxy-agent@7.0.6 OK for: @mapbox/node-pre-gyp@2.0.3 want: ^7.0.5
1131 silly placeDep node_modules/vercel nopt@8.1.0 OK for: @mapbox/node-pre-gyp@2.0.3 want: ^8.0.0
1132 silly fetch manifest agent-base@^7.1.2
1133 silly packumentCache full:https://registry.npmjs.org/agent-base cache-miss
1134 silly fetch manifest abbrev@^3.0.0
1135 silly packumentCache full:https://registry.npmjs.org/abbrev cache-miss
1136 http cache https://registry.npmjs.org/agent-base 17ms (cache hit)
1137 silly packumentCache full:https://registry.npmjs.org/agent-base set size:72085 disposed:false
1138 http fetch GET 200 https://registry.npmjs.org/abbrev 102ms (cache updated)
1139 silly packumentCache full:https://registry.npmjs.org/abbrev set size:undefined disposed:false
1140 silly placeDep node_modules/vercel @types/estree@1.0.9 OK for: @rollup/pluginutils@5.4.0 want: ^1.0.0
1141 silly placeDep node_modules/vercel @edge-runtime/node-utils@2.3.0 OK for: @vercel/node@5.8.22 want: 2.3.0
1142 silly placeDep node_modules/vercel @edge-runtime/primitives@4.1.0 OK for: @vercel/node@5.8.22 want: 4.1.0
1143 silly placeDep node_modules/vercel @edge-runtime/vm@3.2.0 OK for: @vercel/node@5.8.22 want: 3.2.0
1144 silly placeDep node_modules/vercel @types/node@20.11.0 OK for: @vercel/node@5.8.22 want: 20.11.0
1145 silly placeDep node_modules/vercel @vercel/error-utils@2.2.0 OK for: @vercel/node@5.8.22 want: 2.2.0
1146 silly placeDep node_modules/vercel edge-runtime@2.5.9 OK for: @vercel/node@5.8.22 want: 2.5.9
1147 silly placeDep node_modules/vercel/node_modules/@vercel/node es-module-lexer@1.4.1 OK for: @vercel/node@5.8.22 want: 1.4.1
1148 silly placeDep node_modules/vercel etag@1.8.1 OK for: @vercel/node@5.8.22 want: 1.8.1
1149 silly placeDep node_modules/vercel mime-types@2.1.35 OK for: @vercel/node@5.8.22 want: 2.1.35
1150 silly placeDep node_modules/vercel/node_modules/@vercel/node node-fetch@2.6.9 OK for: @vercel/node@5.8.22 want: 2.6.9
1151 silly placeDep node_modules/vercel/node_modules/@vercel/node path-to-regexp@6.1.0 OK for: @vercel/node@5.8.22 want: 6.1.0
1152 silly placeDep node_modules/vercel path-to-regexp-updated@6.3.0 OK for: @vercel/node@5.8.22 want: npm:path-to-regexp@6.3.0
1153 silly placeDep node_modules/vercel typescript@5.9.3 OK for: @vercel/node@5.8.22 want: npm:typescript@5.9.3
1154 silly placeDep node_modules/vercel/node_modules/@vercel/node undici@5.28.4 OK for: @vercel/node@5.8.22 want: 5.28.4
1155 silly fetch manifest undici-types@~5.26.4
1156 silly packumentCache full:https://registry.npmjs.org/undici-types cache-miss
1157 silly fetch manifest mri@1.2.0
1158 silly packumentCache full:https://registry.npmjs.org/mri cache-miss
1159 silly fetch manifest pretty-ms@7.0.1
1160 silly packumentCache full:https://registry.npmjs.org/pretty-ms cache-miss
1161 silly fetch manifest time-span@4.0.0
1162 silly packumentCache full:https://registry.npmjs.org/time-span cache-miss
1163 silly fetch manifest picocolors@1.0.0
1164 silly packumentCache full:https://registry.npmjs.org/picocolors cache-miss
1165 silly fetch manifest signal-exit@4.0.2
1166 silly packumentCache full:https://registry.npmjs.org/signal-exit cache-hit
1167 silly fetch manifest async-listen@3.0.1
1168 silly packumentCache full:https://registry.npmjs.org/async-listen cache-hit
1169 silly fetch manifest @edge-runtime/format@2.2.1
1170 silly packumentCache full:https://registry.npmjs.org/@edge-runtime%2fformat cache-miss
1171 silly fetch manifest @edge-runtime/ponyfill@2.4.2
1172 silly packumentCache full:https://registry.npmjs.org/@edge-runtime%2fponyfill cache-miss
1173 http fetch GET 200 https://registry.npmjs.org/time-span 125ms (cache miss)
1174 silly packumentCache full:https://registry.npmjs.org/time-span set size:undefined disposed:false
1175 silly fetch manifest mime-db@1.52.0
1176 silly packumentCache full:https://registry.npmjs.org/mime-db cache-miss
1177 http fetch GET 200 https://registry.npmjs.org/mri 183ms (cache miss)
1178 silly packumentCache full:https://registry.npmjs.org/mri set size:undefined disposed:false
1179 http fetch GET 200 https://registry.npmjs.org/@edge-runtime%2fponyfill 170ms (cache miss)
1180 silly packumentCache full:https://registry.npmjs.org/@edge-runtime%2fponyfill set size:undefined disposed:false
1181 http fetch GET 200 https://registry.npmjs.org/@edge-runtime%2fformat 189ms (cache miss)
1182 silly packumentCache full:https://registry.npmjs.org/@edge-runtime%2fformat set size:undefined disposed:false
1183 http fetch GET 200 https://registry.npmjs.org/picocolors 256ms (cache revalidated)
1184 silly packumentCache full:https://registry.npmjs.org/picocolors set size:16648 disposed:false
1185 http fetch GET 200 https://registry.npmjs.org/pretty-ms 276ms (cache miss)
1186 silly packumentCache full:https://registry.npmjs.org/pretty-ms set size:undefined disposed:false
1187 http fetch GET 200 https://registry.npmjs.org/mime-db 152ms (cache revalidated)
1188 silly packumentCache full:https://registry.npmjs.org/mime-db set size:164953 disposed:false
1189 http fetch GET 200 https://registry.npmjs.org/undici-types 312ms (cache miss)
1190 silly packumentCache full:https://registry.npmjs.org/undici-types set size:undefined disposed:false
1191 silly placeDep node_modules/vercel undici-types@5.26.5 OK for: @types/node@20.11.0 want: ~5.26.4
1192 silly placeDep node_modules/vercel @bytecodealliance/preview2-shim@0.17.6 OK for: @vercel/python-analysis@0.11.1 want: 0.17.6
1193 silly placeDep node_modules/vercel @renovatebot/pep440@4.2.1 OK for: @vercel/python-analysis@0.11.1 want: 4.2.1
1194 silly placeDep node_modules/vercel/node_modules/@vercel/python-analysis fs-extra@11.1.1 OK for: @vercel/python-analysis@0.11.1 want: 11.1.1
1195 silly placeDep node_modules/vercel js-yaml@4.1.1 OK for: @vercel/python-analysis@0.11.1 want: 4.1.1
1196 silly placeDep node_modules/vercel minimatch@10.1.1 OK for: @vercel/python-analysis@0.11.1 want: 10.1.1
1197 silly placeDep node_modules/vercel/node_modules/@vercel/python-analysis zod@3.22.4 OK for: @vercel/python-analysis@0.11.1 want: 3.22.4
1198 silly fetch manifest argparse@^2.0.1
1199 silly packumentCache full:https://registry.npmjs.org/argparse cache-miss
1200 silly fetch manifest @isaacs/brace-expansion@^5.0.0
1201 silly packumentCache full:https://registry.npmjs.org/@isaacs%2fbrace-expansion cache-miss
1202 http fetch GET 200 https://registry.npmjs.org/argparse 107ms (cache miss)
1203 silly packumentCache full:https://registry.npmjs.org/argparse set size:undefined disposed:false
1204 http fetch GET 200 https://registry.npmjs.org/@isaacs%2fbrace-expansion 154ms (cache miss)
1205 silly packumentCache full:https://registry.npmjs.org/@isaacs%2fbrace-expansion set size:undefined disposed:false
1206 silly placeDep node_modules/vercel/node_modules/@vercel/redwood semver@6.3.1 OK for: @vercel/redwood@2.5.0 want: 6.3.1
1207 silly placeDep node_modules/vercel/node_modules/@vercel/remix-builder path-to-regexp@6.1.0 OK for: @vercel/remix-builder@5.9.1 want: 6.1.0
1208 silly placeDep node_modules/vercel/node_modules/@vercel/rust execa@5.1.1 OK for: @vercel/rust@1.4.0 want: 5
1209 silly fetch manifest onetime@^5.1.2
1210 silly packumentCache full:https://registry.npmjs.org/onetime cache-miss
1211 silly fetch manifest get-stream@^6.0.0
1212 silly packumentCache full:https://registry.npmjs.org/get-stream cache-miss
1213 silly fetch manifest cross-spawn@^7.0.3
1214 silly packumentCache full:https://registry.npmjs.org/cross-spawn cache-miss
1215 silly fetch manifest signal-exit@^3.0.3
1216 silly packumentCache full:https://registry.npmjs.org/signal-exit cache-hit
1217 silly fetch manifest npm-run-path@^4.0.1
1218 silly packumentCache full:https://registry.npmjs.org/npm-run-path cache-miss
1219 silly fetch manifest human-signals@^2.1.0
1220 silly packumentCache full:https://registry.npmjs.org/human-signals cache-miss
1221 http cache https://registry.npmjs.org/npm-run-path 40ms (cache hit)
1222 silly packumentCache full:https://registry.npmjs.org/npm-run-path set size:33596 disposed:false
1223 http cache https://registry.npmjs.org/onetime 59ms (cache hit)
1224 silly packumentCache full:https://registry.npmjs.org/onetime set size:32314 disposed:false
1225 http cache https://registry.npmjs.org/human-signals 46ms (cache hit)
1226 silly packumentCache full:https://registry.npmjs.org/human-signals set size:47322 disposed:false
1227 http cache https://registry.npmjs.org/get-stream 71ms (cache hit)
1228 silly packumentCache full:https://registry.npmjs.org/get-stream set size:57536 disposed:false
1229 http cache https://registry.npmjs.org/cross-spawn 79ms (cache hit)
1230 silly packumentCache full:https://registry.npmjs.org/cross-spawn set size:109066 disposed:false
1231 silly placeDep node_modules/vercel @vercel/gatsby-plugin-vercel-analytics@1.0.11 OK for: @vercel/static-build@2.11.4 want: 1.0.11
1232 silly placeDep node_modules/vercel @vercel/gatsby-plugin-vercel-builder@2.2.24 OK for: @vercel/static-build@2.11.4 want: 2.2.24
1233 silly fetch manifest web-vitals@0.2.4
1234 silly packumentCache full:https://registry.npmjs.org/web-vitals cache-miss
1235 silly fetch manifest @sinclair/typebox@0.25.24
1236 silly packumentCache full:https://registry.npmjs.org/@sinclair%2ftypebox cache-miss
1237 http fetch GET 200 https://registry.npmjs.org/web-vitals 132ms (cache miss)
1238 silly packumentCache full:https://registry.npmjs.org/web-vitals set size:undefined disposed:false
1239 http fetch GET 200 https://registry.npmjs.org/@sinclair%2ftypebox 469ms (cache miss)
1240 silly packumentCache full:https://registry.npmjs.org/@sinclair%2ftypebox set size:undefined disposed:false
1241 silly placeDep node_modules/vercel web-vitals@0.2.4 OK for: @vercel/gatsby-plugin-vercel-analytics@1.0.11 want: 0.2.4
1242 silly placeDep node_modules/vercel @sinclair/typebox@0.25.24 OK for: @vercel/gatsby-plugin-vercel-builder@2.2.24 want: 0.25.24
1243 silly placeDep node_modules/vercel ajv@8.6.3 OK for: @vercel/static-config@3.4.0 want: 8.6.3
1244 silly placeDep node_modules/vercel json-schema-to-ts@1.6.4 OK for: @vercel/static-config@3.4.0 want: 1.6.4
1245 silly fetch manifest uri-js@^4.2.2
1246 silly packumentCache full:https://registry.npmjs.org/uri-js cache-miss
1247 silly fetch manifest fast-deep-equal@^3.1.1
1248 silly packumentCache full:https://registry.npmjs.org/fast-deep-equal cache-miss
1249 silly fetch manifest require-from-string@^2.0.2
1250 silly packumentCache full:https://registry.npmjs.org/require-from-string cache-miss
1251 silly fetch manifest json-schema-traverse@^1.0.0
1252 silly packumentCache full:https://registry.npmjs.org/json-schema-traverse cache-miss
1253 silly fetch manifest ts-toolbelt@^6.15.5
1254 silly packumentCache full:https://registry.npmjs.org/ts-toolbelt cache-miss
1255 silly fetch manifest @types/json-schema@^7.0.6
1256 silly packumentCache full:https://registry.npmjs.org/@types%2fjson-schema cache-miss
1257 http fetch GET 200 https://registry.npmjs.org/@types%2fjson-schema 203ms (cache miss)
1258 silly packumentCache full:https://registry.npmjs.org/@types%2fjson-schema set size:undefined disposed:false
1259 http fetch GET 200 https://registry.npmjs.org/fast-deep-equal 224ms (cache revalidated)
1260 silly packumentCache full:https://registry.npmjs.org/fast-deep-equal set size:48634 disposed:false
1261 http fetch GET 200 https://registry.npmjs.org/json-schema-traverse 233ms (cache revalidated)
1262 silly packumentCache full:https://registry.npmjs.org/json-schema-traverse set size:23537 disposed:false
1263 http fetch GET 200 https://registry.npmjs.org/uri-js 248ms (cache revalidated)
1264 silly packumentCache full:https://registry.npmjs.org/uri-js set size:42559 disposed:false
1265 http fetch GET 200 https://registry.npmjs.org/require-from-string 262ms (cache miss)
1266 silly packumentCache full:https://registry.npmjs.org/require-from-string set size:undefined disposed:false
1267 http fetch GET 200 https://registry.npmjs.org/ts-toolbelt 1195ms (cache miss)
1268 silly packumentCache full:https://registry.npmjs.org/ts-toolbelt set size:undefined disposed:false
1269 silly placeDep node_modules/vercel fast-deep-equal@3.1.3 OK for: ajv@8.6.3 want: ^3.1.1
1270 silly placeDep node_modules/vercel json-schema-traverse@1.0.0 OK for: ajv@8.6.3 want: ^1.0.0
1271 silly placeDep node_modules/vercel require-from-string@2.0.2 OK for: ajv@8.6.3 want: ^2.0.2
1272 silly placeDep node_modules/vercel uri-js@4.4.1 OK for: ajv@8.6.3 want: ^4.2.2
1273 silly fetch manifest punycode@^2.1.0
1274 silly packumentCache full:https://registry.npmjs.org/punycode cache-miss
1275 http fetch GET 200 https://registry.npmjs.org/punycode 285ms (cache updated)
1276 silly packumentCache full:https://registry.npmjs.org/punycode set size:undefined disposed:false
1277 silly placeDep node_modules/vercel retry@0.13.1 OK for: async-retry@1.3.3 want: 0.13.1
1278 silly placeDep node_modules/vercel file-uri-to-path@1.0.0 OK for: bindings@1.5.0 want: 1.0.0
1279 silly placeDep node_modules/vercel readdirp@4.1.2 OK for: chokidar@4.0.0 want: ^4.0.1
1280 silly placeDep node_modules/vercel/node_modules/debug ms@2.1.2 OK for: debug@4.3.4 want: 2.1.2
1281 silly placeDep node_modules/vercel @edge-runtime/format@2.2.1 OK for: edge-runtime@2.5.9 want: 2.2.1
1282 silly placeDep node_modules/vercel @edge-runtime/ponyfill@2.4.2 OK for: edge-runtime@2.5.9 want: 2.4.2
1283 silly placeDep node_modules/vercel/node_modules/edge-runtime async-listen@3.0.1 OK for: edge-runtime@2.5.9 want: 3.0.1
1284 silly placeDep node_modules/vercel mri@1.2.0 OK for: edge-runtime@2.5.9 want: 1.2.0
1285 silly placeDep node_modules/vercel picocolors@1.0.0 OK for: edge-runtime@2.5.9 want: 1.0.0
1286 silly placeDep node_modules/vercel pretty-ms@7.0.1 OK for: edge-runtime@2.5.9 want: 7.0.1
1287 silly placeDep node_modules/vercel signal-exit@4.0.2 OK for: edge-runtime@2.5.9 want: 4.0.2
1288 silly placeDep node_modules/vercel time-span@4.0.0 OK for: edge-runtime@2.5.9 want: 4.0.0
1289 silly fetch manifest parse-ms@^2.1.0
1290 silly packumentCache full:https://registry.npmjs.org/parse-ms cache-miss
1291 silly fetch manifest convert-hrtime@^3.0.0
1292 silly packumentCache full:https://registry.npmjs.org/convert-hrtime cache-miss
1293 http fetch GET 200 https://registry.npmjs.org/parse-ms 95ms (cache miss)
1294 silly packumentCache full:https://registry.npmjs.org/parse-ms set size:undefined disposed:false
1295 http fetch GET 200 https://registry.npmjs.org/convert-hrtime 104ms (cache miss)
1296 silly packumentCache full:https://registry.npmjs.org/convert-hrtime set size:undefined disposed:false
1297 silly placeDep node_modules/vercel @esbuild/aix-ppc64@0.27.0 OK for: esbuild@0.27.0 want: 0.27.0
1298 silly placeDep node_modules/vercel @esbuild/android-arm@0.27.0 OK for: esbuild@0.27.0 want: 0.27.0
1299 silly placeDep node_modules/vercel @esbuild/android-arm64@0.27.0 OK for: esbuild@0.27.0 want: 0.27.0
1300 silly placeDep node_modules/vercel @esbuild/android-x64@0.27.0 OK for: esbuild@0.27.0 want: 0.27.0
1301 silly placeDep node_modules/vercel @esbuild/darwin-arm64@0.27.0 OK for: esbuild@0.27.0 want: 0.27.0
1302 silly placeDep node_modules/vercel @esbuild/darwin-x64@0.27.0 OK for: esbuild@0.27.0 want: 0.27.0
1303 silly placeDep node_modules/vercel @esbuild/freebsd-arm64@0.27.0 OK for: esbuild@0.27.0 want: 0.27.0
1304 silly placeDep node_modules/vercel @esbuild/freebsd-x64@0.27.0 OK for: esbuild@0.27.0 want: 0.27.0
1305 silly placeDep node_modules/vercel @esbuild/linux-arm@0.27.0 OK for: esbuild@0.27.0 want: 0.27.0
1306 silly placeDep node_modules/vercel @esbuild/linux-arm64@0.27.0 OK for: esbuild@0.27.0 want: 0.27.0
1307 silly placeDep node_modules/vercel @esbuild/linux-ia32@0.27.0 OK for: esbuild@0.27.0 want: 0.27.0
1308 silly placeDep node_modules/vercel @esbuild/linux-loong64@0.27.0 OK for: esbuild@0.27.0 want: 0.27.0
1309 silly placeDep node_modules/vercel @esbuild/linux-mips64el@0.27.0 OK for: esbuild@0.27.0 want: 0.27.0
1310 silly placeDep node_modules/vercel @esbuild/linux-ppc64@0.27.0 OK for: esbuild@0.27.0 want: 0.27.0
1311 silly placeDep node_modules/vercel @esbuild/linux-riscv64@0.27.0 OK for: esbuild@0.27.0 want: 0.27.0
1312 silly placeDep node_modules/vercel @esbuild/linux-s390x@0.27.0 OK for: esbuild@0.27.0 want: 0.27.0
1313 silly placeDep node_modules/vercel @esbuild/linux-x64@0.27.0 OK for: esbuild@0.27.0 want: 0.27.0
1314 silly placeDep node_modules/vercel @esbuild/netbsd-arm64@0.27.0 OK for: esbuild@0.27.0 want: 0.27.0
1315 silly placeDep node_modules/vercel @esbuild/netbsd-x64@0.27.0 OK for: esbuild@0.27.0 want: 0.27.0
1316 silly placeDep node_modules/vercel @esbuild/openbsd-arm64@0.27.0 OK for: esbuild@0.27.0 want: 0.27.0
1317 silly placeDep node_modules/vercel @esbuild/openbsd-x64@0.27.0 OK for: esbuild@0.27.0 want: 0.27.0
1318 silly placeDep node_modules/vercel @esbuild/openharmony-arm64@0.27.0 OK for: esbuild@0.27.0 want: 0.27.0
1319 silly placeDep node_modules/vercel @esbuild/sunos-x64@0.27.0 OK for: esbuild@0.27.0 want: 0.27.0
1320 silly placeDep node_modules/vercel @esbuild/win32-arm64@0.27.0 OK for: esbuild@0.27.0 want: 0.27.0
1321 silly placeDep node_modules/vercel @esbuild/win32-ia32@0.27.0 OK for: esbuild@0.27.0 want: 0.27.0
1322 silly placeDep node_modules/vercel @esbuild/win32-x64@0.27.0 OK for: esbuild@0.27.0 want: 0.27.0
1323 silly placeDep node_modules/vercel cross-spawn@7.0.6 OK for: execa@3.2.0 want: ^7.0.0
1324 silly placeDep node_modules/vercel get-stream@5.2.0 OK for: execa@3.2.0 want: ^5.0.0
1325 silly placeDep node_modules/vercel human-signals@1.1.1 OK for: execa@3.2.0 want: ^1.1.1
1326 silly placeDep node_modules/vercel is-stream@2.0.1 OK for: execa@3.2.0 want: ^2.0.0
1327 silly placeDep node_modules/vercel merge-stream@2.0.0 OK for: execa@3.2.0 want: ^2.0.0
1328 silly placeDep node_modules/vercel npm-run-path@4.0.1 OK for: execa@3.2.0 want: ^4.0.0
1329 silly placeDep node_modules/vercel onetime@5.1.2 OK for: execa@3.2.0 want: ^5.1.0
1330 silly placeDep node_modules/vercel p-finally@2.0.1 OK for: execa@3.2.0 want: ^2.0.0
1331 silly placeDep node_modules/vercel/node_modules/execa signal-exit@3.0.7 OK for: execa@3.2.0 want: ^3.0.2
1332 silly placeDep node_modules/vercel strip-final-newline@2.0.0 OK for: execa@3.2.0 want: ^2.0.0
1333 silly fetch manifest which@^2.0.1
1334 silly packumentCache full:https://registry.npmjs.org/which cache-miss
1335 silly fetch manifest path-key@^3.1.0
1336 silly packumentCache full:https://registry.npmjs.org/path-key cache-miss
1337 silly fetch manifest shebang-command@^2.0.0
1338 silly packumentCache full:https://registry.npmjs.org/shebang-command cache-miss
1339 silly fetch manifest pump@^3.0.0
1340 silly packumentCache full:https://registry.npmjs.org/pump cache-miss
1341 silly fetch manifest path-key@^3.0.0
1342 silly packumentCache full:https://registry.npmjs.org/path-key cache-miss
1343 silly fetch manifest mimic-fn@^2.1.0
1344 silly packumentCache full:https://registry.npmjs.org/mimic-fn cache-miss
1345 http fetch GET 200 https://registry.npmjs.org/shebang-command 90ms (cache miss)
1346 silly packumentCache full:https://registry.npmjs.org/shebang-command set size:undefined disposed:false
1347 http fetch GET 200 https://registry.npmjs.org/path-key 116ms (cache miss)
1348 silly packumentCache full:https://registry.npmjs.org/path-key set size:undefined disposed:false
1349 http fetch GET 200 https://registry.npmjs.org/path-key 163ms (cache miss)
1350 silly packumentCache full:https://registry.npmjs.org/path-key set size:undefined disposed:false
1351 http fetch GET 200 https://registry.npmjs.org/mimic-fn 162ms (cache miss)
1352 silly packumentCache full:https://registry.npmjs.org/mimic-fn set size:undefined disposed:false
1353 http fetch GET 200 https://registry.npmjs.org/pump 172ms (cache updated)
1354 silly packumentCache full:https://registry.npmjs.org/pump set size:undefined disposed:false
1355 http fetch GET 200 https://registry.npmjs.org/which 203ms (cache updated)
1356 silly packumentCache full:https://registry.npmjs.org/which set size:undefined disposed:false
1357 silly placeDep node_modules/vercel path-key@3.1.1 OK for: cross-spawn@7.0.6 want: ^3.1.0
1358 silly placeDep node_modules/vercel shebang-command@2.0.0 OK for: cross-spawn@7.0.6 want: ^2.0.0
1359 silly placeDep node_modules/vercel which@2.0.2 OK for: cross-spawn@7.0.6 want: ^2.0.1
1360 silly fetch manifest shebang-regex@^3.0.0
1361 silly packumentCache full:https://registry.npmjs.org/shebang-regex cache-miss
1362 silly fetch manifest isexe@^2.0.0
1363 silly packumentCache full:https://registry.npmjs.org/isexe cache-miss
1364 http fetch GET 200 https://registry.npmjs.org/shebang-regex 101ms (cache miss)
1365 silly packumentCache full:https://registry.npmjs.org/shebang-regex set size:undefined disposed:false
1366 http fetch GET 200 https://registry.npmjs.org/isexe 184ms (cache revalidated)
1367 silly packumentCache full:https://registry.npmjs.org/isexe set size:31756 disposed:false
1368 silly placeDep node_modules/vercel jsonfile@6.2.1 OK for: fs-extra@11.1.0 want: ^6.0.1
1369 silly placeDep node_modules/vercel universalify@2.0.1 OK for: fs-extra@11.1.0 want: ^2.0.0
1370 silly placeDep node_modules/vercel pump@3.0.4 OK for: get-stream@5.2.0 want: ^3.0.0
1371 silly fetch manifest end-of-stream@^1.1.0
1372 silly packumentCache full:https://registry.npmjs.org/end-of-stream cache-hit
1373 silly fetch manifest once@^1.3.1
1374 silly packumentCache full:https://registry.npmjs.org/once cache-miss
1375 http fetch GET 200 https://registry.npmjs.org/once 99ms (cache updated)
1376 silly packumentCache full:https://registry.npmjs.org/once set size:undefined disposed:false
1377 silly placeDep node_modules/vercel/node_modules/glob minimatch@10.2.5 OK for: glob@13.0.6 want: ^10.2.2
1378 silly placeDep node_modules/vercel minipass@7.1.3 OK for: glob@13.0.6 want: ^7.1.3
1379 silly placeDep node_modules/vercel path-scurry@2.0.2 OK for: glob@13.0.6 want: ^2.0.2
1380 silly fetch manifest brace-expansion@^5.0.5
1381 silly packumentCache full:https://registry.npmjs.org/brace-expansion cache-miss
1382 silly fetch manifest lru-cache@^11.0.0
1383 silly packumentCache full:https://registry.npmjs.org/lru-cache cache-hit
1384 http fetch GET 200 https://registry.npmjs.org/brace-expansion 172ms (cache updated)
1385 silly packumentCache full:https://registry.npmjs.org/brace-expansion set size:undefined disposed:false
1386 silly placeDep node_modules/vercel agent-base@7.1.4 OK for: https-proxy-agent@7.0.6 want: ^7.1.2
1387 silly placeDep node_modules/vercel argparse@2.0.1 OK for: js-yaml@4.1.1 want: ^2.0.1
1388 silly placeDep node_modules/vercel @types/json-schema@7.0.15 OK for: json-schema-to-ts@1.6.4 want: ^7.0.6
1389 silly placeDep node_modules/vercel ts-toolbelt@6.15.5 OK for: json-schema-to-ts@1.6.4 want: ^6.15.5
1390 silly placeDep node_modules/vercel arg@4.1.0 OK for: micro@9.3.5-canary.3 want: 4.1.0
1391 silly placeDep node_modules/vercel content-type@1.0.4 OK for: micro@9.3.5-canary.3 want: 1.0.4
1392 silly placeDep node_modules/vercel raw-body@2.4.1 OK for: micro@9.3.5-canary.3 want: 2.4.1
1393 silly fetch manifest bytes@3.1.0
1394 silly packumentCache full:https://registry.npmjs.org/bytes cache-miss
1395 silly fetch manifest unpipe@1.0.0
1396 silly packumentCache full:https://registry.npmjs.org/unpipe cache-miss
1397 silly fetch manifest iconv-lite@0.4.24
1398 silly packumentCache full:https://registry.npmjs.org/iconv-lite cache-miss
1399 silly fetch manifest http-errors@1.7.3
1400 silly packumentCache full:https://registry.npmjs.org/http-errors cache-miss
1401 http fetch GET 200 https://registry.npmjs.org/unpipe 154ms (cache updated)
1402 silly packumentCache full:https://registry.npmjs.org/unpipe set size:undefined disposed:false
1403 http fetch GET 200 https://registry.npmjs.org/http-errors 217ms (cache revalidated)
1404 silly packumentCache full:https://registry.npmjs.org/http-errors set size:71987 disposed:false
1405 http fetch GET 200 https://registry.npmjs.org/bytes 299ms (cache revalidated)
1406 silly packumentCache full:https://registry.npmjs.org/bytes set size:37018 disposed:false
1407 http fetch GET 200 https://registry.npmjs.org/iconv-lite 318ms (cache updated)
1408 silly packumentCache full:https://registry.npmjs.org/iconv-lite set size:undefined disposed:false
1409 silly placeDep node_modules/vercel mime-db@1.52.0 OK for: mime-types@2.1.35 want: 1.52.0
1410 silly placeDep node_modules/vercel @isaacs/brace-expansion@5.0.1 OK for: minimatch@10.1.1 want: ^5.0.0
1411 silly fetch manifest @isaacs/balanced-match@^4.0.1
1412 silly packumentCache full:https://registry.npmjs.org/@isaacs%2fbalanced-match cache-miss
1413 http fetch GET 200 https://registry.npmjs.org/@isaacs%2fbalanced-match 105ms (cache miss)
1414 silly packumentCache full:https://registry.npmjs.org/@isaacs%2fbalanced-match set size:undefined disposed:false
1415 silly placeDep node_modules/vercel @isaacs/balanced-match@4.0.1 OK for: @isaacs/brace-expansion@5.0.1 want: ^4.0.1
1416 silly placeDep node_modules/vercel whatwg-url@5.0.0 OK for: node-fetch@2.6.7 want: ^5.0.0
1417 silly fetch manifest tr46@~0.0.3
1418 silly packumentCache full:https://registry.npmjs.org/tr46 cache-miss
1419 silly fetch manifest webidl-conversions@^3.0.0
1420 silly packumentCache full:https://registry.npmjs.org/webidl-conversions cache-miss
1421 http fetch GET 200 https://registry.npmjs.org/tr46 191ms (cache miss)
1422 silly packumentCache full:https://registry.npmjs.org/tr46 set size:undefined disposed:false
1423 http fetch GET 200 https://registry.npmjs.org/webidl-conversions 221ms (cache miss)
1424 silly packumentCache full:https://registry.npmjs.org/webidl-conversions set size:undefined disposed:false
1425 silly placeDep node_modules/vercel abbrev@3.0.1 OK for: nopt@8.1.0 want: ^3.0.0
1426 silly placeDep node_modules/vercel mimic-fn@2.1.0 OK for: onetime@5.1.2 want: ^2.1.0
1427 silly placeDep node_modules/vercel define-lazy-prop@2.0.0 OK for: open@8.4.0 want: ^2.0.0
1428 silly placeDep node_modules/vercel is-docker@2.2.1 OK for: open@8.4.0 want: ^2.1.1
1429 silly placeDep node_modules/vercel is-wsl@2.2.0 OK for: open@8.4.0 want: ^2.2.0
1430 silly placeDep node_modules/vercel @oxc-transform/binding-android-arm-eabi@0.111.0 OK for: oxc-transform@0.111.0 want: 0.111.0
1431 silly placeDep node_modules/vercel @oxc-transform/binding-android-arm64@0.111.0 OK for: oxc-transform@0.111.0 want: 0.111.0
1432 silly placeDep node_modules/vercel @oxc-transform/binding-darwin-arm64@0.111.0 OK for: oxc-transform@0.111.0 want: 0.111.0
1433 silly placeDep node_modules/vercel @oxc-transform/binding-darwin-x64@0.111.0 OK for: oxc-transform@0.111.0 want: 0.111.0
1434 silly placeDep node_modules/vercel @oxc-transform/binding-freebsd-x64@0.111.0 OK for: oxc-transform@0.111.0 want: 0.111.0
1435 silly placeDep node_modules/vercel @oxc-transform/binding-linux-arm-gnueabihf@0.111.0 OK for: oxc-transform@0.111.0 want: 0.111.0
1436 silly placeDep node_modules/vercel @oxc-transform/binding-linux-arm-musleabihf@0.111.0 OK for: oxc-transform@0.111.0 want: 0.111.0
1437 silly placeDep node_modules/vercel @oxc-transform/binding-linux-arm64-gnu@0.111.0 OK for: oxc-transform@0.111.0 want: 0.111.0
1438 silly placeDep node_modules/vercel @oxc-transform/binding-linux-arm64-musl@0.111.0 OK for: oxc-transform@0.111.0 want: 0.111.0
1439 silly placeDep node_modules/vercel @oxc-transform/binding-linux-ppc64-gnu@0.111.0 OK for: oxc-transform@0.111.0 want: 0.111.0
1440 silly placeDep node_modules/vercel @oxc-transform/binding-linux-riscv64-gnu@0.111.0 OK for: oxc-transform@0.111.0 want: 0.111.0
1441 silly placeDep node_modules/vercel @oxc-transform/binding-linux-riscv64-musl@0.111.0 OK for: oxc-transform@0.111.0 want: 0.111.0
1442 silly placeDep node_modules/vercel @oxc-transform/binding-linux-s390x-gnu@0.111.0 OK for: oxc-transform@0.111.0 want: 0.111.0
1443 silly placeDep node_modules/vercel @oxc-transform/binding-linux-x64-gnu@0.111.0 OK for: oxc-transform@0.111.0 want: 0.111.0
1444 silly placeDep node_modules/vercel @oxc-transform/binding-linux-x64-musl@0.111.0 OK for: oxc-transform@0.111.0 want: 0.111.0
1445 silly placeDep node_modules/vercel @oxc-transform/binding-openharmony-arm64@0.111.0 OK for: oxc-transform@0.111.0 want: 0.111.0
1446 silly placeDep node_modules/vercel @oxc-transform/binding-wasm32-wasi@0.111.0 OK for: oxc-transform@0.111.0 want: 0.111.0
1447 silly placeDep node_modules/vercel @oxc-transform/binding-win32-arm64-msvc@0.111.0 OK for: oxc-transform@0.111.0 want: 0.111.0
1448 silly placeDep node_modules/vercel @oxc-transform/binding-win32-ia32-msvc@0.111.0 OK for: oxc-transform@0.111.0 want: 0.111.0
1449 silly placeDep node_modules/vercel @oxc-transform/binding-win32-x64-msvc@0.111.0 OK for: oxc-transform@0.111.0 want: 0.111.0
1450 silly fetch manifest @napi-rs/wasm-runtime@^1.1.1
1451 silly packumentCache full:https://registry.npmjs.org/@napi-rs%2fwasm-runtime cache-miss
1452 http fetch GET 200 https://registry.npmjs.org/@napi-rs%2fwasm-runtime 227ms (cache miss)
1453 silly packumentCache full:https://registry.npmjs.org/@napi-rs%2fwasm-runtime set size:undefined disposed:false
1454 silly fetch manifest @emnapi/core@^1.7.1
1455 silly packumentCache full:https://registry.npmjs.org/@emnapi%2fcore cache-miss
1456 http fetch GET 200 https://registry.npmjs.org/@emnapi%2fcore 192ms (cache miss)
1457 silly packumentCache full:https://registry.npmjs.org/@emnapi%2fcore set size:undefined disposed:false
1458 silly fetch manifest @emnapi/runtime@^1.7.1
1459 silly packumentCache full:https://registry.npmjs.org/@emnapi%2fruntime cache-miss
1460 http fetch GET 200 https://registry.npmjs.org/@emnapi%2fruntime 280ms (cache updated)
1461 silly packumentCache full:https://registry.npmjs.org/@emnapi%2fruntime set size:undefined disposed:false
1462 silly placeDep node_modules/vercel @napi-rs/wasm-runtime@1.1.6 OK for: @oxc-transform/binding-wasm32-wasi@0.111.0 want: ^1.1.1
1463 silly placeDep node_modules/vercel @emnapi/core@1.11.2 OK for: @napi-rs/wasm-runtime@1.1.6 want: ^1.7.1
1464 silly placeDep node_modules/vercel @emnapi/runtime@1.11.2 OK for: @napi-rs/wasm-runtime@1.1.6 want: ^1.7.1
1465 silly fetch manifest @tybys/wasm-util@^0.10.3
1466 silly packumentCache full:https://registry.npmjs.org/@tybys%2fwasm-util cache-miss
1467 silly fetch manifest tslib@^2.4.0
1468 silly packumentCache full:https://registry.npmjs.org/tslib cache-miss
1469 silly fetch manifest @emnapi/wasi-threads@1.2.2
1470 silly packumentCache full:https://registry.npmjs.org/@emnapi%2fwasi-threads cache-miss
1471 silly fetch manifest tslib@^2.4.0
1472 silly packumentCache full:https://registry.npmjs.org/tslib cache-miss
1473 http fetch GET 200 https://registry.npmjs.org/@emnapi%2fwasi-threads 232ms (cache miss)
1474 silly packumentCache full:https://registry.npmjs.org/@emnapi%2fwasi-threads set size:undefined disposed:false
1475 http fetch GET 200 https://registry.npmjs.org/@tybys%2fwasm-util 254ms (cache miss)
1476 silly packumentCache full:https://registry.npmjs.org/@tybys%2fwasm-util set size:undefined disposed:false
1477 http fetch GET 200 https://registry.npmjs.org/tslib 270ms (cache updated)
1478 silly packumentCache full:https://registry.npmjs.org/tslib set size:undefined disposed:false
1479 http fetch GET 200 https://registry.npmjs.org/tslib 373ms (cache updated)
1480 silly packumentCache full:https://registry.npmjs.org/tslib set size:undefined disposed:false
1481 silly placeDep node_modules/vercel @emnapi/wasi-threads@1.2.2 OK for: @emnapi/core@1.11.2 want: 1.2.2
1482 silly placeDep node_modules/vercel tslib@2.8.1 OK for: @emnapi/core@1.11.2 want: ^2.4.0
1483 silly placeDep node_modules/vercel @tybys/wasm-util@0.10.3 OK for: @napi-rs/wasm-runtime@1.1.6 want: ^0.10.3
1484 silly placeDep node_modules/vercel lru-cache@11.5.1 OK for: path-scurry@2.0.2 want: ^11.0.0
1485 silly placeDep node_modules/vercel parse-ms@2.1.0 OK for: pretty-ms@7.0.1 want: ^2.1.0
1486 silly placeDep node_modules/vercel http-proxy-agent@7.0.2 OK for: proxy-agent@6.4.0 want: ^7.0.1
1487 silly placeDep node_modules/vercel/node_modules/proxy-agent lru-cache@7.18.3 OK for: proxy-agent@6.4.0 want: ^7.14.1
1488 silly placeDep node_modules/vercel pac-proxy-agent@7.2.0 OK for: proxy-agent@6.4.0 want: ^7.0.1
1489 silly placeDep node_modules/vercel proxy-from-env@1.1.0 OK for: proxy-agent@6.4.0 want: ^1.1.0
1490 silly placeDep node_modules/vercel socks-proxy-agent@8.0.5 OK for: proxy-agent@6.4.0 want: ^8.0.2
1491 silly fetch manifest get-uri@^6.0.1
1492 silly packumentCache full:https://registry.npmjs.org/get-uri cache-miss
1493 silly fetch manifest pac-resolver@^7.0.1
1494 silly packumentCache full:https://registry.npmjs.org/pac-resolver cache-miss
1495 silly fetch manifest socks-proxy-agent@^8.0.5
1496 silly packumentCache full:https://registry.npmjs.org/socks-proxy-agent cache-miss
1497 silly fetch manifest @tootallnate/quickjs-emscripten@^0.23.0
1498 silly packumentCache full:https://registry.npmjs.org/@tootallnate%2fquickjs-emscripten cache-miss
1499 silly fetch manifest socks@^2.8.3
1500 silly packumentCache full:https://registry.npmjs.org/socks cache-miss
1501 http cache https://registry.npmjs.org/socks-proxy-agent 42ms (cache hit)
1502 silly packumentCache full:https://registry.npmjs.org/socks-proxy-agent set size:108698 disposed:false
1503 http fetch GET 200 https://registry.npmjs.org/pac-resolver 189ms (cache miss)
1504 silly packumentCache full:https://registry.npmjs.org/pac-resolver set size:undefined disposed:false
1505 http fetch GET 200 https://registry.npmjs.org/@tootallnate%2fquickjs-emscripten 299ms (cache miss)
1506 silly packumentCache full:https://registry.npmjs.org/@tootallnate%2fquickjs-emscripten set size:undefined disposed:false
1507 http fetch GET 200 https://registry.npmjs.org/get-uri 318ms (cache miss)
1508 silly packumentCache full:https://registry.npmjs.org/get-uri set size:undefined disposed:false
1509 http fetch GET 200 https://registry.npmjs.org/socks 331ms (cache updated)
1510 silly packumentCache full:https://registry.npmjs.org/socks set size:undefined disposed:false
1511 silly placeDep node_modules/vercel @tootallnate/quickjs-emscripten@0.23.0 OK for: pac-proxy-agent@7.2.0 want: ^0.23.0
1512 silly placeDep node_modules/vercel get-uri@6.0.5 OK for: pac-proxy-agent@7.2.0 want: ^6.0.1
1513 silly placeDep node_modules/vercel pac-resolver@7.0.1 OK for: pac-proxy-agent@7.2.0 want: ^7.0.1
1514 silly fetch manifest basic-ftp@^5.0.2
1515 silly packumentCache full:https://registry.npmjs.org/basic-ftp cache-miss
1516 silly fetch manifest data-uri-to-buffer@^6.0.2
1517 silly packumentCache full:https://registry.npmjs.org/data-uri-to-buffer cache-miss
1518 silly fetch manifest netmask@^2.0.2
1519 silly packumentCache full:https://registry.npmjs.org/netmask cache-miss
1520 silly fetch manifest degenerator@^5.0.0
1521 silly packumentCache full:https://registry.npmjs.org/degenerator cache-miss
1522 http fetch GET 200 https://registry.npmjs.org/netmask 144ms (cache miss)
1523 silly packumentCache full:https://registry.npmjs.org/netmask set size:undefined disposed:false
1524 http fetch GET 200 https://registry.npmjs.org/data-uri-to-buffer 202ms (cache revalidated)
1525 silly packumentCache full:https://registry.npmjs.org/data-uri-to-buffer set size:48018 disposed:false
1526 http fetch GET 200 https://registry.npmjs.org/degenerator 411ms (cache miss)
1527 silly packumentCache full:https://registry.npmjs.org/degenerator set size:undefined disposed:false
1528 http fetch GET 200 https://registry.npmjs.org/basic-ftp 447ms (cache miss)
1529 silly packumentCache full:https://registry.npmjs.org/basic-ftp set size:undefined disposed:false
1530 silly placeDep node_modules/vercel basic-ftp@5.3.1 OK for: get-uri@6.0.5 want: ^5.0.2
1531 silly placeDep node_modules/vercel data-uri-to-buffer@6.0.2 OK for: get-uri@6.0.5 want: ^6.0.2
1532 silly placeDep node_modules/vercel degenerator@5.0.1 OK for: pac-resolver@7.0.1 want: ^5.0.0
1533 silly placeDep node_modules/vercel netmask@2.1.1 OK for: pac-resolver@7.0.1 want: ^2.0.2
1534 silly fetch manifest esprima@^4.0.1
1535 silly packumentCache full:https://registry.npmjs.org/esprima cache-miss
1536 silly fetch manifest ast-types@^0.13.4
1537 silly packumentCache full:https://registry.npmjs.org/ast-types cache-miss
1538 silly fetch manifest escodegen@^2.1.0
1539 silly packumentCache full:https://registry.npmjs.org/escodegen cache-miss
1540 http fetch GET 200 https://registry.npmjs.org/esprima 200ms (cache miss)
1541 silly packumentCache full:https://registry.npmjs.org/esprima set size:undefined disposed:false
1542 http fetch GET 200 https://registry.npmjs.org/escodegen 277ms (cache miss)
1543 silly packumentCache full:https://registry.npmjs.org/escodegen set size:undefined disposed:false
1544 http fetch GET 200 https://registry.npmjs.org/ast-types 307ms (cache miss)
1545 silly packumentCache full:https://registry.npmjs.org/ast-types set size:undefined disposed:false
1546 silly placeDep node_modules/vercel ast-types@0.13.4 OK for: degenerator@5.0.1 want: ^0.13.4
1547 silly placeDep node_modules/vercel escodegen@2.1.0 OK for: degenerator@5.0.1 want: ^2.1.0
1548 silly placeDep node_modules/vercel esprima@4.0.1 OK for: degenerator@5.0.1 want: ^4.0.1
1549 silly fetch manifest estraverse@^5.2.0
1550 silly packumentCache full:https://registry.npmjs.org/estraverse cache-miss
1551 silly fetch manifest esutils@^2.0.2
1552 silly packumentCache full:https://registry.npmjs.org/esutils cache-miss
1553 silly fetch manifest source-map@~0.6.1
1554 silly packumentCache full:https://registry.npmjs.org/source-map cache-miss
1555 http fetch GET 200 https://registry.npmjs.org/estraverse 202ms (cache miss)
1556 silly packumentCache full:https://registry.npmjs.org/estraverse set size:undefined disposed:false
1557 http fetch GET 200 https://registry.npmjs.org/esutils 232ms (cache miss)
1558 silly packumentCache full:https://registry.npmjs.org/esutils set size:undefined disposed:false
1559 http fetch GET 200 https://registry.npmjs.org/source-map 248ms (cache miss)
1560 silly packumentCache full:https://registry.npmjs.org/source-map set size:undefined disposed:false
1561 silly placeDep node_modules/vercel estraverse@5.3.0 OK for: escodegen@2.1.0 want: ^5.2.0
1562 silly placeDep node_modules/vercel esutils@2.0.3 OK for: escodegen@2.1.0 want: ^2.0.2
1563 silly placeDep node_modules/vercel source-map@0.6.1 OK for: escodegen@2.1.0 want: ~0.6.1
1564 silly placeDep node_modules/vercel end-of-stream@1.4.5 OK for: pump@3.0.4 want: ^1.1.0
1565 silly placeDep node_modules/vercel once@1.4.0 OK for: pump@3.0.4 want: ^1.3.1
1566 silly fetch manifest once@^1.4.0
1567 silly packumentCache full:https://registry.npmjs.org/once cache-miss
1568 silly fetch manifest wrappy@1
1569 silly packumentCache full:https://registry.npmjs.org/wrappy cache-miss
1570 http cache https://registry.npmjs.org/once 22ms (cache hit)
1571 silly packumentCache full:https://registry.npmjs.org/once set size:11752 disposed:false
1572 http fetch GET 200 https://registry.npmjs.org/wrappy 184ms (cache revalidated)
1573 silly packumentCache full:https://registry.npmjs.org/wrappy set size:7682 disposed:false
1574 silly placeDep node_modules/vercel wrappy@1.0.2 OK for: once@1.4.0 want: 1
1575 silly placeDep node_modules/vercel bytes@3.1.0 OK for: raw-body@2.4.1 want: 3.1.0
1576 silly placeDep node_modules/vercel http-errors@1.7.3 OK for: raw-body@2.4.1 want: 1.7.3
1577 silly placeDep node_modules/vercel iconv-lite@0.4.24 OK for: raw-body@2.4.1 want: 0.4.24
1578 silly placeDep node_modules/vercel unpipe@1.0.0 OK for: raw-body@2.4.1 want: 1.0.0
1579 silly fetch manifest depd@~1.1.2
1580 silly packumentCache full:https://registry.npmjs.org/depd cache-miss
1581 silly fetch manifest inherits@2.0.4
1582 silly packumentCache full:https://registry.npmjs.org/inherits cache-miss
1583 silly fetch manifest statuses@>= 1.5.0 < 2
1584 silly packumentCache full:https://registry.npmjs.org/statuses cache-miss
1585 silly fetch manifest toidentifier@1.0.0
1586 silly packumentCache full:https://registry.npmjs.org/toidentifier cache-miss
1587 silly fetch manifest setprototypeof@1.1.1
1588 silly packumentCache full:https://registry.npmjs.org/setprototypeof cache-miss
1589 silly fetch manifest safer-buffer@>= 2.1.2 < 3
1590 silly packumentCache full:https://registry.npmjs.org/safer-buffer cache-miss
1591 http fetch GET 200 https://registry.npmjs.org/inherits 136ms (cache revalidated)
1592 silly packumentCache full:https://registry.npmjs.org/inherits set size:12925 disposed:false
1593 http fetch GET 200 https://registry.npmjs.org/toidentifier 168ms (cache revalidated)
1594 silly packumentCache full:https://registry.npmjs.org/toidentifier set size:12006 disposed:false
1595 http fetch GET 200 https://registry.npmjs.org/safer-buffer 245ms (cache revalidated)
1596 silly packumentCache full:https://registry.npmjs.org/safer-buffer set size:18521 disposed:false
1597 http fetch GET 200 https://registry.npmjs.org/statuses 267ms (cache revalidated)
1598 silly packumentCache full:https://registry.npmjs.org/statuses set size:37117 disposed:false
1599 http fetch GET 200 https://registry.npmjs.org/depd 291ms (cache revalidated)
1600 silly packumentCache full:https://registry.npmjs.org/depd set size:40182 disposed:false
1601 http fetch GET 200 https://registry.npmjs.org/setprototypeof 295ms (cache revalidated)
1602 silly packumentCache full:https://registry.npmjs.org/setprototypeof set size:14532 disposed:false
1603 silly placeDep node_modules/vercel depd@1.1.2 OK for: http-errors@1.7.3 want: ~1.1.2
1604 silly placeDep node_modules/vercel inherits@2.0.4 OK for: http-errors@1.7.3 want: 2.0.4
1605 silly placeDep node_modules/vercel setprototypeof@1.1.1 OK for: http-errors@1.7.3 want: 1.1.1
1606 silly placeDep node_modules/vercel statuses@1.5.0 OK for: http-errors@1.7.3 want: >= 1.5.0 < 2
1607 silly placeDep node_modules/vercel toidentifier@1.0.0 OK for: http-errors@1.7.3 want: 1.0.0
1608 silly placeDep node_modules/vercel safer-buffer@2.1.2 OK for: iconv-lite@0.4.24 want: >= 2.1.2 < 3
1609 silly placeDep node_modules/vercel @oxc-project/types@0.110.0 OK for: rolldown@1.0.0-rc.1 want: =0.110.0
1610 silly placeDep node_modules/vercel @rolldown/binding-android-arm64@1.0.0-rc.1 OK for: rolldown@1.0.0-rc.1 want: 1.0.0-rc.1
1611 silly placeDep node_modules/vercel @rolldown/binding-darwin-arm64@1.0.0-rc.1 OK for: rolldown@1.0.0-rc.1 want: 1.0.0-rc.1
1612 silly placeDep node_modules/vercel @rolldown/binding-darwin-x64@1.0.0-rc.1 OK for: rolldown@1.0.0-rc.1 want: 1.0.0-rc.1
1613 silly placeDep node_modules/vercel @rolldown/binding-freebsd-x64@1.0.0-rc.1 OK for: rolldown@1.0.0-rc.1 want: 1.0.0-rc.1
1614 silly placeDep node_modules/vercel @rolldown/binding-linux-arm-gnueabihf@1.0.0-rc.1 OK for: rolldown@1.0.0-rc.1 want: 1.0.0-rc.1
1615 silly placeDep node_modules/vercel @rolldown/binding-linux-arm64-gnu@1.0.0-rc.1 OK for: rolldown@1.0.0-rc.1 want: 1.0.0-rc.1
1616 silly placeDep node_modules/vercel @rolldown/binding-linux-arm64-musl@1.0.0-rc.1 OK for: rolldown@1.0.0-rc.1 want: 1.0.0-rc.1
1617 silly placeDep node_modules/vercel @rolldown/binding-linux-x64-gnu@1.0.0-rc.1 OK for: rolldown@1.0.0-rc.1 want: 1.0.0-rc.1
1618 silly placeDep node_modules/vercel @rolldown/binding-linux-x64-musl@1.0.0-rc.1 OK for: rolldown@1.0.0-rc.1 want: 1.0.0-rc.1
1619 silly placeDep node_modules/vercel @rolldown/binding-openharmony-arm64@1.0.0-rc.1 OK for: rolldown@1.0.0-rc.1 want: 1.0.0-rc.1
1620 silly placeDep node_modules/vercel @rolldown/binding-wasm32-wasi@1.0.0-rc.1 OK for: rolldown@1.0.0-rc.1 want: 1.0.0-rc.1
1621 silly placeDep node_modules/vercel @rolldown/binding-win32-arm64-msvc@1.0.0-rc.1 OK for: rolldown@1.0.0-rc.1 want: 1.0.0-rc.1
1622 silly placeDep node_modules/vercel @rolldown/binding-win32-x64-msvc@1.0.0-rc.1 OK for: rolldown@1.0.0-rc.1 want: 1.0.0-rc.1
1623 silly placeDep node_modules/vercel @rolldown/pluginutils@1.0.0-rc.1 OK for: rolldown@1.0.0-rc.1 want: 1.0.0-rc.1
1624 silly placeDep node_modules/vercel @vercel/sandbox@2.1.1 OK for: sandbox@3.1.2 want: 2.1.1
1625 silly placeDep node_modules/vercel/node_modules/sandbox debug@4.4.3 OK for: sandbox@3.1.2 want: ^4.4.1
1626 silly fetch manifest ms@2.1.3
1627 silly packumentCache full:https://registry.npmjs.org/ms cache-hit
1628 silly fetch manifest zod@3.24.4
1629 silly packumentCache full:https://registry.npmjs.org/zod cache-miss
1630 silly fetch manifest jose@6.2.3
1631 silly packumentCache full:https://registry.npmjs.org/jose cache-miss
1632 silly fetch manifest undici@^7.27.1
1633 silly packumentCache full:https://registry.npmjs.org/undici cache-miss
1634 silly fetch manifest jsonlines@0.1.1
1635 silly packumentCache full:https://registry.npmjs.org/jsonlines cache-miss
1636 silly fetch manifest picocolors@^1.1.1
1637 silly packumentCache full:https://registry.npmjs.org/picocolors cache-hit
1638 silly fetch manifest tar-stream@3.1.7
1639 silly packumentCache full:https://registry.npmjs.org/tar-stream cache-miss
1640 silly fetch manifest @vercel/oidc@3.2.0
1641 silly packumentCache full:https://registry.npmjs.org/@vercel%2foidc cache-miss
1642 silly fetch manifest @workflow/serde@4.1.0-beta.2
1643 silly packumentCache full:https://registry.npmjs.org/@workflow%2fserde cache-miss
1644 http cache https://registry.npmjs.org/undici 57ms (cache hit)
1645 silly packumentCache full:https://registry.npmjs.org/undici set size:1497166 disposed:false
1646 silly fetch manifest ms@^2.1.3
1647 silly packumentCache full:https://registry.npmjs.org/ms cache-hit
1648 http cache https://registry.npmjs.org/zod 153ms (cache hit)
1649 silly packumentCache full:https://registry.npmjs.org/zod set size:3552562 disposed:false
1650 http cache https://registry.npmjs.org/jose 310ms (cache hit)
1651 silly packumentCache full:https://registry.npmjs.org/jose set size:1413195 disposed:false
1652 http fetch GET 200 https://registry.npmjs.org/@workflow%2fserde 386ms (cache miss)
1653 silly packumentCache full:https://registry.npmjs.org/@workflow%2fserde set size:undefined disposed:false
1654 http fetch GET 200 https://registry.npmjs.org/jsonlines 404ms (cache miss)
1655 silly packumentCache full:https://registry.npmjs.org/jsonlines set size:undefined disposed:false
1656 http fetch GET 200 https://registry.npmjs.org/@vercel%2foidc 398ms (cache miss)
1657 silly packumentCache full:https://registry.npmjs.org/@vercel%2foidc set size:undefined disposed:false
1658 http fetch GET 200 https://registry.npmjs.org/tar-stream 418ms (cache updated)
1659 silly packumentCache full:https://registry.npmjs.org/tar-stream set size:undefined disposed:false
1660 silly placeDep node_modules/vercel @vercel/oidc@3.2.0 OK for: @vercel/sandbox@2.1.1 want: 3.2.0
1661 silly placeDep node_modules/vercel @workflow/serde@4.1.0-beta.2 OK for: @vercel/sandbox@2.1.1 want: 4.1.0-beta.2
1662 silly placeDep node_modules/vercel/node_modules/@vercel/sandbox jose@6.2.3 OK for: @vercel/sandbox@2.1.1 want: 6.2.3
1663 silly placeDep node_modules/vercel jsonlines@0.1.1 OK for: @vercel/sandbox@2.1.1 want: 0.1.1
1664 silly placeDep node_modules/vercel/node_modules/@vercel/sandbox ms@2.1.3 OK for: @vercel/sandbox@2.1.1 want: 2.1.3
1665 silly placeDep node_modules/vercel/node_modules/@vercel/sandbox picocolors@1.1.1 OK for: @vercel/sandbox@2.1.1 want: ^1.1.1
1666 silly placeDep node_modules/vercel tar-stream@3.1.7 OK for: @vercel/sandbox@2.1.1 want: 3.1.7
1667 silly placeDep node_modules/vercel/node_modules/@vercel/sandbox undici@7.28.0 OK for: @vercel/sandbox@2.1.1 want: ^7.27.1
1668 silly placeDep node_modules/vercel/node_modules/@vercel/sandbox xdg-app-paths@5.1.0 OK for: @vercel/sandbox@2.1.1 want: 5.1.0
1669 silly placeDep node_modules/vercel/node_modules/@vercel/sandbox zod@3.24.4 OK for: @vercel/sandbox@2.1.1 want: 3.24.4
1670 silly fetch manifest b4a@^1.6.4
1671 silly packumentCache full:https://registry.npmjs.org/b4a cache-miss
1672 silly fetch manifest streamx@^2.15.0
1673 silly packumentCache full:https://registry.npmjs.org/streamx cache-miss
1674 silly fetch manifest fast-fifo@^1.2.0
1675 silly packumentCache full:https://registry.npmjs.org/fast-fifo cache-miss
1676 http fetch GET 200 https://registry.npmjs.org/fast-fifo 145ms (cache miss)
1677 silly packumentCache full:https://registry.npmjs.org/fast-fifo set size:undefined disposed:false
1678 http fetch GET 200 https://registry.npmjs.org/b4a 160ms (cache miss)
1679 silly packumentCache full:https://registry.npmjs.org/b4a set size:undefined disposed:false
1680 http fetch GET 200 https://registry.npmjs.org/streamx 446ms (cache miss)
1681 silly packumentCache full:https://registry.npmjs.org/streamx set size:undefined disposed:false
1682 silly placeDep node_modules/vercel/node_modules/semver lru-cache@6.0.0 OK for: semver@7.5.4 want: ^6.0.0
1683 silly fetch manifest yallist@^4.0.0
1684 silly packumentCache full:https://registry.npmjs.org/yallist cache-hit
1685 silly placeDep node_modules/vercel shebang-regex@3.0.0 OK for: shebang-command@2.0.0 want: ^3.0.0
1686 silly placeDep node_modules/vercel socks@2.8.9 OK for: socks-proxy-agent@8.0.5 want: ^2.8.3
1687 silly fetch manifest ip-address@^10.1.1
1688 silly packumentCache full:https://registry.npmjs.org/ip-address cache-miss
1689 silly fetch manifest smart-buffer@^4.2.0
1690 silly packumentCache full:https://registry.npmjs.org/smart-buffer cache-miss
1691 http fetch GET 200 https://registry.npmjs.org/smart-buffer 74ms (cache revalidated)
1692 silly packumentCache full:https://registry.npmjs.org/smart-buffer set size:87065 disposed:false
1693 http fetch GET 200 https://registry.npmjs.org/ip-address 167ms (cache updated)
1694 silly packumentCache full:https://registry.npmjs.org/ip-address set size:undefined disposed:false
1695 silly placeDep node_modules/vercel ip-address@10.2.0 OK for: socks@2.8.9 want: ^10.1.1
1696 silly placeDep node_modules/vercel smart-buffer@4.2.0 OK for: socks@2.8.9 want: ^4.2.0
1697 silly placeDep node_modules/vercel any-promise@1.3.0 OK for: stream-to-promise@2.2.0 want: ~1.3.0
1698 silly placeDep node_modules/vercel/node_modules/stream-to-promise end-of-stream@1.1.0 OK for: stream-to-promise@2.2.0 want: ~1.1.0
1699 silly placeDep node_modules/vercel stream-to-array@2.3.0 OK for: stream-to-promise@2.2.0 want: ~2.3.0
1700 silly fetch manifest once@~1.3.0
1701 silly packumentCache full:https://registry.npmjs.org/once cache-hit
1702 silly placeDep node_modules/vercel @isaacs/fs-minipass@4.0.1 OK for: tar@7.5.7 want: ^4.0.0
1703 silly placeDep node_modules/vercel chownr@3.0.0 OK for: tar@7.5.7 want: ^3.0.0
1704 silly placeDep node_modules/vercel minizlib@3.1.0 OK for: tar@7.5.7 want: ^3.1.0
1705 silly placeDep node_modules/vercel yallist@5.0.0 OK for: tar@7.5.7 want: ^5.0.0
1706 silly fetch manifest react-native-b4a@*
1707 silly packumentCache full:https://registry.npmjs.org/react-native-b4a cache-miss
1708 http fetch GET 200 https://registry.npmjs.org/react-native-b4a 159ms (cache miss)
1709 silly packumentCache full:https://registry.npmjs.org/react-native-b4a set size:undefined disposed:false
1710 silly fetch manifest react@*
1711 silly packumentCache full:https://registry.npmjs.org/react cache-miss
1712 http fetch GET 200 https://registry.npmjs.org/react 1744ms (cache miss)
1713 silly packumentCache full:https://registry.npmjs.org/react set size:undefined disposed:false
1714 silly fetch manifest react-native@*
1715 silly packumentCache full:https://registry.npmjs.org/react-native cache-miss
1716 http fetch GET 200 https://registry.npmjs.org/react-native 1366ms (cache miss)
1717 silly packumentCache full:https://registry.npmjs.org/react-native set size:undefined disposed:false
1718 silly fetch manifest @react-native/jest-preset@0.86.0
1719 silly packumentCache full:https://registry.npmjs.org/@react-native%2fjest-preset cache-miss
1720 http fetch GET 200 https://registry.npmjs.org/@react-native%2fjest-preset 484ms (cache miss)
1721 silly packumentCache full:https://registry.npmjs.org/@react-native%2fjest-preset set size:undefined disposed:false
1722 silly fetch manifest @types/react@^19.1.1
1723 silly packumentCache full:https://registry.npmjs.org/@types%2freact cache-miss
1724 http fetch GET 200 https://registry.npmjs.org/@types%2freact 1627ms (cache miss)
1725 silly packumentCache full:https://registry.npmjs.org/@types%2freact set size:undefined disposed:false
1726 silly placeDep node_modules/vercel b4a@1.8.1 OK for: tar-stream@3.1.7 want: ^1.6.4
1727 silly placeDep node_modules/vercel fast-fifo@1.3.2 OK for: tar-stream@3.1.7 want: ^1.2.0
1728 silly placeDep node_modules/vercel streamx@2.28.0 OK for: tar-stream@3.1.7 want: ^2.15.0
1729 silly fetch manifest events-universal@^1.0.0
1730 silly packumentCache full:https://registry.npmjs.org/events-universal cache-miss
1731 silly fetch manifest text-decoder@^1.1.0
1732 silly packumentCache full:https://registry.npmjs.org/text-decoder cache-miss
1733 http fetch GET 200 https://registry.npmjs.org/text-decoder 156ms (cache miss)
1734 silly packumentCache full:https://registry.npmjs.org/text-decoder set size:undefined disposed:false
1735 http fetch GET 200 https://registry.npmjs.org/events-universal 203ms (cache miss)
1736 silly packumentCache full:https://registry.npmjs.org/events-universal set size:undefined disposed:false
1737 silly placeDep node_modules/vercel events-universal@1.0.1 OK for: streamx@2.28.0 want: ^1.0.0
1738 silly placeDep node_modules/vercel text-decoder@1.2.7 OK for: streamx@2.28.0 want: ^1.1.0
1739 silly fetch manifest bare-events@^2.7.0
1740 silly packumentCache full:https://registry.npmjs.org/bare-events cache-miss
1741 http fetch GET 200 https://registry.npmjs.org/bare-events 161ms (cache miss)
1742 silly packumentCache full:https://registry.npmjs.org/bare-events set size:undefined disposed:false
1743 silly fetch manifest bare-abort-controller@*
1744 silly packumentCache full:https://registry.npmjs.org/bare-abort-controller cache-miss
1745 http fetch GET 200 https://registry.npmjs.org/bare-abort-controller 115ms (cache miss)
1746 silly packumentCache full:https://registry.npmjs.org/bare-abort-controller set size:undefined disposed:false
1747 silly placeDep node_modules/vercel bare-events@2.9.1 OK for: events-universal@1.0.1 want: ^2.7.0
1748 silly placeDep node_modules/vercel convert-hrtime@3.0.0 OK for: time-span@4.0.0 want: ^3.0.0
1749 silly placeDep node_modules/vercel @ts-morph/common@0.11.1 OK for: ts-morph@12.0.0 want: ~0.11.0
1750 silly placeDep node_modules/vercel code-block-writer@10.1.1 OK for: ts-morph@12.0.0 want: ^10.1.1
1751 silly fetch manifest mkdirp@^1.0.4
1752 silly packumentCache full:https://registry.npmjs.org/mkdirp cache-miss
1753 silly fetch manifest fast-glob@^3.2.7
1754 silly packumentCache full:https://registry.npmjs.org/fast-glob cache-miss
1755 silly fetch manifest minimatch@^3.0.4
1756 silly packumentCache full:https://registry.npmjs.org/minimatch cache-hit
1757 silly fetch manifest path-browserify@^1.0.1
1758 silly packumentCache full:https://registry.npmjs.org/path-browserify cache-miss
1759 http fetch GET 200 https://registry.npmjs.org/mkdirp 137ms (cache revalidated)
1760 silly packumentCache full:https://registry.npmjs.org/mkdirp set size:116431 disposed:false
1761 http fetch GET 200 https://registry.npmjs.org/path-browserify 179ms (cache miss)
1762 silly packumentCache full:https://registry.npmjs.org/path-browserify set size:undefined disposed:false
1763 http fetch GET 200 https://registry.npmjs.org/fast-glob 254ms (cache miss)
1764 silly packumentCache full:https://registry.npmjs.org/fast-glob set size:undefined disposed:false
1765 silly placeDep node_modules/vercel fast-glob@3.3.3 OK for: @ts-morph/common@0.11.1 want: ^3.2.7
1766 silly placeDep node_modules/vercel/node_modules/@ts-morph/common minimatch@3.1.5 OK for: @ts-morph/common@0.11.1 want: ^3.0.4
1767 silly placeDep node_modules/vercel mkdirp@1.0.4 OK for: @ts-morph/common@0.11.1 want: ^1.0.4
1768 silly placeDep node_modules/vercel path-browserify@1.0.1 OK for: @ts-morph/common@0.11.1 want: ^1.0.1
1769 silly fetch manifest @nodelib/fs.stat@^2.0.2
1770 silly packumentCache full:https://registry.npmjs.org/@nodelib%2ffs.stat cache-miss
1771 silly fetch manifest @nodelib/fs.walk@^1.2.3
1772 silly packumentCache full:https://registry.npmjs.org/@nodelib%2ffs.walk cache-miss
1773 silly fetch manifest glob-parent@^5.1.2
1774 silly packumentCache full:https://registry.npmjs.org/glob-parent cache-miss
1775 silly fetch manifest merge2@^1.3.0
1776 silly packumentCache full:https://registry.npmjs.org/merge2 cache-miss
1777 silly fetch manifest micromatch@^4.0.8
1778 silly packumentCache full:https://registry.npmjs.org/micromatch cache-miss
1779 silly fetch manifest brace-expansion@^1.1.7
1780 silly packumentCache full:https://registry.npmjs.org/brace-expansion cache-miss
1781 http cache https://registry.npmjs.org/brace-expansion 43ms (cache hit)
1782 silly packumentCache full:https://registry.npmjs.org/brace-expansion set size:77035 disposed:false
1783 http fetch GET 200 https://registry.npmjs.org/merge2 180ms (cache miss)
1784 silly packumentCache full:https://registry.npmjs.org/merge2 set size:undefined disposed:false
1785 http fetch GET 200 https://registry.npmjs.org/glob-parent 192ms (cache miss)
1786 silly packumentCache full:https://registry.npmjs.org/glob-parent set size:undefined disposed:false
1787 http fetch GET 200 https://registry.npmjs.org/@nodelib%2ffs.stat 203ms (cache miss)
1788 silly packumentCache full:https://registry.npmjs.org/@nodelib%2ffs.stat set size:undefined disposed:false
1789 http fetch GET 200 https://registry.npmjs.org/micromatch 238ms (cache miss)
1790 silly packumentCache full:https://registry.npmjs.org/micromatch set size:undefined disposed:false
1791 http fetch GET 200 https://registry.npmjs.org/@nodelib%2ffs.walk 265ms (cache miss)
1792 silly packumentCache full:https://registry.npmjs.org/@nodelib%2ffs.walk set size:undefined disposed:false
1793 silly placeDep node_modules/vercel @nodelib/fs.stat@2.0.5 OK for: fast-glob@3.3.3 want: ^2.0.2
1794 silly placeDep node_modules/vercel @nodelib/fs.walk@1.2.8 OK for: fast-glob@3.3.3 want: ^1.2.3
1795 silly placeDep node_modules/vercel glob-parent@5.1.2 OK for: fast-glob@3.3.3 want: ^5.1.2
1796 silly placeDep node_modules/vercel merge2@1.4.1 OK for: fast-glob@3.3.3 want: ^1.3.0
1797 silly placeDep node_modules/vercel micromatch@4.0.8 OK for: fast-glob@3.3.3 want: ^4.0.8
1798 silly fetch manifest fastq@^1.6.0
1799 silly packumentCache full:https://registry.npmjs.org/fastq cache-miss
1800 silly fetch manifest @nodelib/fs.scandir@2.1.5
1801 silly packumentCache full:https://registry.npmjs.org/@nodelib%2ffs.scandir cache-miss
1802 silly fetch manifest is-glob@^4.0.1
1803 silly packumentCache full:https://registry.npmjs.org/is-glob cache-miss
1804 silly fetch manifest braces@^3.0.3
1805 silly packumentCache full:https://registry.npmjs.org/braces cache-miss
1806 silly fetch manifest picomatch@^2.3.1
1807 silly packumentCache full:https://registry.npmjs.org/picomatch cache-miss
1808 http cache https://registry.npmjs.org/picomatch 39ms (cache hit)
1809 silly packumentCache full:https://registry.npmjs.org/picomatch set size:128942 disposed:false
1810 http fetch GET 200 https://registry.npmjs.org/@nodelib%2ffs.scandir 228ms (cache miss)
1811 silly packumentCache full:https://registry.npmjs.org/@nodelib%2ffs.scandir set size:undefined disposed:false
1812 http fetch GET 200 https://registry.npmjs.org/is-glob 233ms (cache miss)
1813 silly packumentCache full:https://registry.npmjs.org/is-glob set size:undefined disposed:false
1814 http fetch GET 200 https://registry.npmjs.org/fastq 245ms (cache miss)
1815 silly packumentCache full:https://registry.npmjs.org/fastq set size:undefined disposed:false
1816 http fetch GET 200 https://registry.npmjs.org/braces 287ms (cache miss)
1817 silly packumentCache full:https://registry.npmjs.org/braces set size:undefined disposed:false
1818 silly placeDep node_modules/vercel @nodelib/fs.scandir@2.1.5 OK for: @nodelib/fs.walk@1.2.8 want: 2.1.5
1819 silly placeDep node_modules/vercel fastq@1.20.1 OK for: @nodelib/fs.walk@1.2.8 want: ^1.6.0
1820 silly fetch manifest run-parallel@^1.1.9
1821 silly packumentCache full:https://registry.npmjs.org/run-parallel cache-miss
1822 silly fetch manifest reusify@^1.0.4
1823 silly packumentCache full:https://registry.npmjs.org/reusify cache-miss
1824 http fetch GET 200 https://registry.npmjs.org/reusify 87ms (cache miss)
1825 silly packumentCache full:https://registry.npmjs.org/reusify set size:undefined disposed:false
1826 http fetch GET 200 https://registry.npmjs.org/run-parallel 160ms (cache miss)
1827 silly packumentCache full:https://registry.npmjs.org/run-parallel set size:undefined disposed:false
1828 silly placeDep node_modules/vercel run-parallel@1.2.0 OK for: @nodelib/fs.scandir@2.1.5 want: ^1.1.9
1829 silly fetch manifest queue-microtask@^1.2.2
1830 silly packumentCache full:https://registry.npmjs.org/queue-microtask cache-miss
1831 http fetch GET 200 https://registry.npmjs.org/queue-microtask 122ms (cache miss)
1832 silly packumentCache full:https://registry.npmjs.org/queue-microtask set size:undefined disposed:false
1833 silly placeDep node_modules/vercel reusify@1.1.0 OK for: fastq@1.20.1 want: ^1.0.4
1834 silly placeDep node_modules/vercel is-glob@4.0.3 OK for: glob-parent@5.1.2 want: ^4.0.1
1835 silly fetch manifest is-extglob@^2.1.1
1836 silly packumentCache full:https://registry.npmjs.org/is-extglob cache-miss
1837 http fetch GET 200 https://registry.npmjs.org/is-extglob 97ms (cache miss)
1838 silly packumentCache full:https://registry.npmjs.org/is-extglob set size:undefined disposed:false
1839 silly placeDep node_modules/vercel is-extglob@2.1.1 OK for: is-glob@4.0.3 want: ^2.1.1
1840 silly placeDep node_modules/vercel braces@3.0.3 OK for: micromatch@4.0.8 want: ^3.0.3
1841 silly placeDep node_modules/vercel/node_modules/micromatch picomatch@2.3.2 OK for: micromatch@4.0.8 want: ^2.3.1
1842 silly fetch manifest fill-range@^7.1.1
1843 silly packumentCache full:https://registry.npmjs.org/fill-range cache-miss
1844 http fetch GET 200 https://registry.npmjs.org/fill-range 150ms (cache miss)
1845 silly packumentCache full:https://registry.npmjs.org/fill-range set size:undefined disposed:false
1846 silly placeDep node_modules/vercel fill-range@7.1.1 OK for: braces@3.0.3 want: ^7.1.1
1847 silly fetch manifest to-regex-range@^5.0.1
1848 silly packumentCache full:https://registry.npmjs.org/to-regex-range cache-miss
1849 http fetch GET 200 https://registry.npmjs.org/to-regex-range 155ms (cache miss)
1850 silly packumentCache full:https://registry.npmjs.org/to-regex-range set size:undefined disposed:false
1851 silly placeDep node_modules/vercel to-regex-range@5.0.1 OK for: fill-range@7.1.1 want: ^5.0.1
1852 silly fetch manifest is-number@^7.0.0
1853 silly packumentCache full:https://registry.npmjs.org/is-number cache-miss
1854 http fetch GET 200 https://registry.npmjs.org/is-number 211ms (cache miss)
1855 silly packumentCache full:https://registry.npmjs.org/is-number set size:undefined disposed:false
1856 silly placeDep node_modules/vercel queue-microtask@1.2.3 OK for: run-parallel@1.2.0 want: ^1.2.2
1857 silly placeDep node_modules/vercel is-number@7.0.0 OK for: to-regex-range@5.0.1 want: ^7.0.0
1858 silly placeDep node_modules/vercel fsevents@2.3.3 OK for: tsx@4.21.0 want: ~2.3.3
1859 silly placeDep node_modules/vercel get-tsconfig@4.14.0 OK for: tsx@4.21.0 want: ^4.7.5
1860 silly fetch manifest resolve-pkg-maps@^1.0.0
1861 silly packumentCache full:https://registry.npmjs.org/resolve-pkg-maps cache-miss
1862 http fetch GET 200 https://registry.npmjs.org/resolve-pkg-maps 150ms (cache miss)
1863 silly packumentCache full:https://registry.npmjs.org/resolve-pkg-maps set size:undefined disposed:false
1864 silly placeDep node_modules/vercel resolve-pkg-maps@1.0.0 OK for: get-tsconfig@4.14.0 want: ^1.0.0
1865 silly placeDep node_modules/vercel @fastify/busboy@2.1.1 OK for: undici@5.29.0 want: ^2.0.0
1866 silly placeDep node_modules/vercel punycode@2.3.1 OK for: uri-js@4.4.1 want: ^2.1.0
1867 silly placeDep node_modules/vercel tr46@0.0.3 OK for: whatwg-url@5.0.0 want: ~0.0.3
1868 silly placeDep node_modules/vercel webidl-conversions@3.0.1 OK for: whatwg-url@5.0.0 want: ^3.0.0
1869 silly placeDep node_modules/vercel isexe@2.0.0 OK for: which@2.0.2 want: ^2.0.0
1870 silly placeDep node_modules/vercel os-paths@4.4.0 OK for: xdg-app-paths@5.5.1 want: ^4.0.1
1871 silly placeDep node_modules/vercel xdg-portable@7.3.0 OK for: xdg-app-paths@5.5.1 want: ^7.2.0
1872 silly placeDep node_modules/vercel yauzl@2.10.0 OK for: yauzl-promise@2.1.3 want: ^2.9.1
1873 silly placeDep node_modules/vercel yauzl-clone@1.0.4 OK for: yauzl-promise@2.1.3 want: ^1.0.4
1874 silly fetch manifest fd-slicer@~1.1.0
1875 silly packumentCache full:https://registry.npmjs.org/fd-slicer cache-miss
1876 silly fetch manifest buffer-crc32@~0.2.3
1877 silly packumentCache full:https://registry.npmjs.org/buffer-crc32 cache-miss
1878 silly fetch manifest events-intercept@^2.0.0
1879 silly packumentCache full:https://registry.npmjs.org/events-intercept cache-miss
1880 http fetch GET 200 https://registry.npmjs.org/fd-slicer 93ms (cache miss)
1881 silly packumentCache full:https://registry.npmjs.org/fd-slicer set size:undefined disposed:false
1882 http fetch GET 200 https://registry.npmjs.org/buffer-crc32 99ms (cache miss)
1883 silly packumentCache full:https://registry.npmjs.org/buffer-crc32 set size:undefined disposed:false
1884 http fetch GET 200 https://registry.npmjs.org/events-intercept 195ms (cache miss)
1885 silly packumentCache full:https://registry.npmjs.org/events-intercept set size:undefined disposed:false
1886 silly placeDep node_modules/vercel buffer-crc32@0.2.13 OK for: yauzl@2.10.0 want: ~0.2.3
1887 silly placeDep node_modules/vercel fd-slicer@1.1.0 OK for: yauzl@2.10.0 want: ~1.1.0
1888 silly fetch manifest pend@~1.2.0
1889 silly packumentCache full:https://registry.npmjs.org/pend cache-miss
1890 http fetch GET 200 https://registry.npmjs.org/pend 124ms (cache miss)
1891 silly packumentCache full:https://registry.npmjs.org/pend set size:undefined disposed:false
1892 silly placeDep node_modules/vercel pend@1.2.0 OK for: fd-slicer@1.1.0 want: ~1.2.0
1893 silly placeDep node_modules/vercel events-intercept@2.0.0 OK for: yauzl-clone@1.0.4 want: ^2.0.0
1894 silly placeDep node_modules/vercel brace-expansion@1.1.15 OK for: minimatch@3.1.5 want: ^1.1.7
1895 silly fetch manifest concat-map@0.0.1
1896 silly packumentCache full:https://registry.npmjs.org/concat-map cache-miss
1897 silly fetch manifest balanced-match@^1.0.0
1898 silly packumentCache full:https://registry.npmjs.org/balanced-match cache-miss
1899 http fetch GET 200 https://registry.npmjs.org/concat-map 141ms (cache revalidated)
1900 silly packumentCache full:https://registry.npmjs.org/concat-map set size:9290 disposed:false
1901 http fetch GET 200 https://registry.npmjs.org/balanced-match 179ms (cache updated)
1902 silly packumentCache full:https://registry.npmjs.org/balanced-match set size:undefined disposed:false
1903 silly placeDep node_modules/vercel balanced-match@1.0.2 OK for: brace-expansion@1.1.15 want: ^1.0.0
1904 silly placeDep node_modules/vercel concat-map@0.0.1 OK for: brace-expansion@1.1.15 want: 0.0.1
1905 silly placeDep node_modules/vercel/node_modules/@vercel/rust get-stream@6.0.1 OK for: execa@5.1.1 want: ^6.0.0
1906 silly placeDep node_modules/vercel/node_modules/@vercel/rust human-signals@2.1.0 OK for: execa@5.1.1 want: ^2.1.0
1907 silly placeDep node_modules/vercel/node_modules/@vercel/rust signal-exit@3.0.7 OK for: execa@5.1.1 want: ^3.0.3
1908 silly placeDep node_modules/vercel/node_modules/glob brace-expansion@5.0.7 OK for: minimatch@10.2.5 want: ^5.0.5
1909 silly fetch manifest balanced-match@^4.0.2
1910 silly packumentCache full:https://registry.npmjs.org/balanced-match cache-miss
1911 http cache https://registry.npmjs.org/balanced-match 18ms (cache hit)
1912 silly packumentCache full:https://registry.npmjs.org/balanced-match set size:39082 disposed:false
1913 silly placeDep node_modules/vercel/node_modules/glob balanced-match@4.0.4 OK for: brace-expansion@5.0.7 want: ^4.0.2
1914 silly placeDep node_modules/vercel/node_modules/sandbox ms@2.1.3 OK for: debug@4.4.3 want: ^2.1.3
1915 silly placeDep node_modules/vercel/node_modules/semver yallist@4.0.0 OK for: lru-cache@6.0.0 want: ^4.0.0
1916 silly placeDep node_modules/vercel/node_modules/stream-to-promise once@1.3.3 OK for: end-of-stream@1.1.0 want: ~1.3.0
1917 warn EBADENGINE Unsupported engine {
1917 warn EBADENGINE   package: '@renovatebot/pep440@4.2.1',
1917 warn EBADENGINE   required: { node: '^20.9.0 || ^22.11.0 || ^24', pnpm: '^10.0.0' },
1917 warn EBADENGINE   current: { node: 'v26.3.0', npm: '11.17.0' }
1917 warn EBADENGINE }
1918 silly reify moves {}
1919 http cache vercel@https://registry.npmjs.org/vercel/-/vercel-54.20.1.tgz 0ms (cache hit)
1920 http cache balanced-match@https://registry.npmjs.org/balanced-match/-/balanced-match-1.0.2.tgz 0ms (cache hit)
1921 http cache concat-map@https://registry.npmjs.org/concat-map/-/concat-map-0.0.1.tgz 0ms (cache hit)
1922 http cache brace-expansion@https://registry.npmjs.org/brace-expansion/-/brace-expansion-1.1.15.tgz 0ms (cache hit)
1923 http cache events-intercept@https://registry.npmjs.org/events-intercept/-/events-intercept-2.0.0.tgz 0ms (cache hit)
1924 http cache fd-slicer@https://registry.npmjs.org/fd-slicer/-/fd-slicer-1.1.0.tgz 1ms (cache hit)
1925 http cache yauzl-clone@https://registry.npmjs.org/yauzl-clone/-/yauzl-clone-1.0.4.tgz 0ms (cache hit)
1926 http cache buffer-crc32@https://registry.npmjs.org/buffer-crc32/-/buffer-crc32-0.2.13.tgz 0ms (cache hit)
1927 http cache yauzl@https://registry.npmjs.org/yauzl/-/yauzl-2.10.0.tgz 0ms (cache hit)
1928 http cache pend@https://registry.npmjs.org/pend/-/pend-1.2.0.tgz 0ms (cache hit)
1929 http cache os-paths@https://registry.npmjs.org/os-paths/-/os-paths-4.4.0.tgz 0ms (cache hit)
1930 http cache xdg-portable@https://registry.npmjs.org/xdg-portable/-/xdg-portable-7.3.0.tgz 0ms (cache hit)
1931 http cache isexe@https://registry.npmjs.org/isexe/-/isexe-2.0.0.tgz 0ms (cache hit)
1932 http cache tr46@https://registry.npmjs.org/tr46/-/tr46-0.0.3.tgz 0ms (cache hit)
1933 http cache webidl-conversions@https://registry.npmjs.org/webidl-conversions/-/webidl-conversions-3.0.1.tgz 0ms (cache hit)
1934 http cache punycode@https://registry.npmjs.org/punycode/-/punycode-2.3.1.tgz 0ms (cache hit)
1935 http cache @fastify/busboy@https://registry.npmjs.org/@fastify/busboy/-/busboy-2.1.1.tgz 0ms (cache hit)
1936 http cache resolve-pkg-maps@https://registry.npmjs.org/resolve-pkg-maps/-/resolve-pkg-maps-1.0.0.tgz 0ms (cache hit)
1937 http cache get-tsconfig@https://registry.npmjs.org/get-tsconfig/-/get-tsconfig-4.14.0.tgz 0ms (cache hit)
1938 http cache is-number@https://registry.npmjs.org/is-number/-/is-number-7.0.0.tgz 1ms (cache hit)
1939 http cache queue-microtask@https://registry.npmjs.org/queue-microtask/-/queue-microtask-1.2.3.tgz 1ms (cache hit)
1940 http cache to-regex-range@https://registry.npmjs.org/to-regex-range/-/to-regex-range-5.0.1.tgz 0ms (cache hit)
1941 http cache fill-range@https://registry.npmjs.org/fill-range/-/fill-range-7.1.1.tgz 0ms (cache hit)
1942 http cache braces@https://registry.npmjs.org/braces/-/braces-3.0.3.tgz 0ms (cache hit)
1943 http cache is-extglob@https://registry.npmjs.org/is-extglob/-/is-extglob-2.1.1.tgz 0ms (cache hit)
1944 http cache is-glob@https://registry.npmjs.org/is-glob/-/is-glob-4.0.3.tgz 0ms (cache hit)
1945 http cache reusify@https://registry.npmjs.org/reusify/-/reusify-1.1.0.tgz 0ms (cache hit)
1946 http cache run-parallel@https://registry.npmjs.org/run-parallel/-/run-parallel-1.2.0.tgz 0ms (cache hit)
1947 http cache fastq@https://registry.npmjs.org/fastq/-/fastq-1.20.1.tgz 0ms (cache hit)
1948 http cache @nodelib/fs.scandir@https://registry.npmjs.org/@nodelib/fs.scandir/-/fs.scandir-2.1.5.tgz 0ms (cache hit)
1949 http cache micromatch@https://registry.npmjs.org/micromatch/-/micromatch-4.0.8.tgz 0ms (cache hit)
1950 http cache picomatch@https://registry.npmjs.org/picomatch/-/picomatch-2.3.2.tgz 0ms (cache hit)
1951 http cache merge2@https://registry.npmjs.org/merge2/-/merge2-1.4.1.tgz 0ms (cache hit)
1952 http cache glob-parent@https://registry.npmjs.org/glob-parent/-/glob-parent-5.1.2.tgz 0ms (cache hit)
1953 http cache @nodelib/fs.stat@https://registry.npmjs.org/@nodelib/fs.stat/-/fs.stat-2.0.5.tgz 0ms (cache hit)
1954 http cache @nodelib/fs.walk@https://registry.npmjs.org/@nodelib/fs.walk/-/fs.walk-1.2.8.tgz 0ms (cache hit)
1955 http cache path-browserify@https://registry.npmjs.org/path-browserify/-/path-browserify-1.0.1.tgz 0ms (cache hit)
1956 http cache mkdirp@https://registry.npmjs.org/mkdirp/-/mkdirp-1.0.4.tgz 0ms (cache hit)
1957 http cache fast-glob@https://registry.npmjs.org/fast-glob/-/fast-glob-3.3.3.tgz 0ms (cache hit)
1958 http cache code-block-writer@https://registry.npmjs.org/code-block-writer/-/code-block-writer-10.1.1.tgz 0ms (cache hit)
1959 http cache @ts-morph/common@https://registry.npmjs.org/@ts-morph/common/-/common-0.11.1.tgz 0ms (cache hit)
1960 http cache minimatch@https://registry.npmjs.org/minimatch/-/minimatch-3.1.5.tgz 0ms (cache hit)
1961 http cache convert-hrtime@https://registry.npmjs.org/convert-hrtime/-/convert-hrtime-3.0.0.tgz 0ms (cache hit)
1962 http cache bare-events@https://registry.npmjs.org/bare-events/-/bare-events-2.9.1.tgz 0ms (cache hit)
1963 http cache text-decoder@https://registry.npmjs.org/text-decoder/-/text-decoder-1.2.7.tgz 0ms (cache hit)
1964 http cache events-universal@https://registry.npmjs.org/events-universal/-/events-universal-1.0.1.tgz 0ms (cache hit)
1965 http cache streamx@https://registry.npmjs.org/streamx/-/streamx-2.28.0.tgz 0ms (cache hit)
1966 http cache fast-fifo@https://registry.npmjs.org/fast-fifo/-/fast-fifo-1.3.2.tgz 0ms (cache hit)
1967 http cache b4a@https://registry.npmjs.org/b4a/-/b4a-1.8.1.tgz 0ms (cache hit)
1968 http cache yallist@https://registry.npmjs.org/yallist/-/yallist-5.0.0.tgz 0ms (cache hit)
1969 http cache minizlib@https://registry.npmjs.org/minizlib/-/minizlib-3.1.0.tgz 0ms (cache hit)
1970 http cache chownr@https://registry.npmjs.org/chownr/-/chownr-3.0.0.tgz 0ms (cache hit)
1971 http cache @isaacs/fs-minipass@https://registry.npmjs.org/@isaacs/fs-minipass/-/fs-minipass-4.0.1.tgz 0ms (cache hit)
1972 http cache stream-to-array@https://registry.npmjs.org/stream-to-array/-/stream-to-array-2.3.0.tgz 0ms (cache hit)
1973 http cache any-promise@https://registry.npmjs.org/any-promise/-/any-promise-1.3.0.tgz 0ms (cache hit)
1974 http cache smart-buffer@https://registry.npmjs.org/smart-buffer/-/smart-buffer-4.2.0.tgz 0ms (cache hit)
1975 http cache ip-address@https://registry.npmjs.org/ip-address/-/ip-address-10.2.0.tgz 0ms (cache hit)
1976 http cache socks@https://registry.npmjs.org/socks/-/socks-2.8.9.tgz 0ms (cache hit)
1977 http cache shebang-regex@https://registry.npmjs.org/shebang-regex/-/shebang-regex-3.0.0.tgz 0ms (cache hit)
1978 http cache tar-stream@https://registry.npmjs.org/tar-stream/-/tar-stream-3.1.7.tgz 0ms (cache hit)
1979 http cache jsonlines@https://registry.npmjs.org/jsonlines/-/jsonlines-0.1.1.tgz 0ms (cache hit)
1980 http cache @workflow/serde@https://registry.npmjs.org/@workflow/serde/-/serde-4.1.0-beta.2.tgz 0ms (cache hit)
1981 http cache @vercel/sandbox@https://registry.npmjs.org/@vercel/sandbox/-/sandbox-2.1.1.tgz 0ms (cache hit)
1982 http cache @vercel/oidc@https://registry.npmjs.org/@vercel/oidc/-/oidc-3.2.0.tgz 0ms (cache hit)
1983 http cache zod@https://registry.npmjs.org/zod/-/zod-3.24.4.tgz 0ms (cache hit)
1984 http cache xdg-app-paths@https://registry.npmjs.org/xdg-app-paths/-/xdg-app-paths-5.1.0.tgz 0ms (cache hit)
1985 http cache undici@https://registry.npmjs.org/undici/-/undici-7.28.0.tgz 0ms (cache hit)
1986 http cache picocolors@https://registry.npmjs.org/picocolors/-/picocolors-1.1.1.tgz 0ms (cache hit)
1987 http cache ms@https://registry.npmjs.org/ms/-/ms-2.1.3.tgz 0ms (cache hit)
1988 http cache jose@https://registry.npmjs.org/jose/-/jose-6.2.3.tgz 1ms (cache hit)
1989 http cache @rolldown/pluginutils@https://registry.npmjs.org/@rolldown/pluginutils/-/pluginutils-1.0.0-rc.1.tgz 0ms (cache hit)
1990 http cache @rolldown/binding-android-arm64@https://registry.npmjs.org/@rolldown/binding-android-arm64/-/binding-android-arm64-1.0.0-rc.1.tgz 0ms (cache hit)
1991 http cache safer-buffer@https://registry.npmjs.org/safer-buffer/-/safer-buffer-2.1.2.tgz 0ms (cache hit)
1992 http cache @oxc-project/types@https://registry.npmjs.org/@oxc-project/types/-/types-0.110.0.tgz 0ms (cache hit)
1993 http cache toidentifier@https://registry.npmjs.org/toidentifier/-/toidentifier-1.0.0.tgz 0ms (cache hit)
1994 http cache statuses@https://registry.npmjs.org/statuses/-/statuses-1.5.0.tgz 0ms (cache hit)
1995 http cache setprototypeof@https://registry.npmjs.org/setprototypeof/-/setprototypeof-1.1.1.tgz 0ms (cache hit)
1996 http cache inherits@https://registry.npmjs.org/inherits/-/inherits-2.0.4.tgz 0ms (cache hit)
1997 http cache depd@https://registry.npmjs.org/depd/-/depd-1.1.2.tgz 0ms (cache hit)
1998 http cache unpipe@https://registry.npmjs.org/unpipe/-/unpipe-1.0.0.tgz 0ms (cache hit)
1999 http cache iconv-lite@https://registry.npmjs.org/iconv-lite/-/iconv-lite-0.4.24.tgz 0ms (cache hit)
2000 http cache http-errors@https://registry.npmjs.org/http-errors/-/http-errors-1.7.3.tgz 0ms (cache hit)
2001 http cache bytes@https://registry.npmjs.org/bytes/-/bytes-3.1.0.tgz 0ms (cache hit)
2002 http cache wrappy@https://registry.npmjs.org/wrappy/-/wrappy-1.0.2.tgz 0ms (cache hit)
2003 http cache end-of-stream@https://registry.npmjs.org/end-of-stream/-/end-of-stream-1.4.5.tgz 0ms (cache hit)
2004 http cache once@https://registry.npmjs.org/once/-/once-1.4.0.tgz 0ms (cache hit)
2005 http cache esutils@https://registry.npmjs.org/esutils/-/esutils-2.0.3.tgz 0ms (cache hit)
2006 http cache source-map@https://registry.npmjs.org/source-map/-/source-map-0.6.1.tgz 0ms (cache hit)
2007 http cache estraverse@https://registry.npmjs.org/estraverse/-/estraverse-5.3.0.tgz 0ms (cache hit)
2008 http cache esprima@https://registry.npmjs.org/esprima/-/esprima-4.0.1.tgz 1ms (cache hit)
2009 http cache ast-types@https://registry.npmjs.org/ast-types/-/ast-types-0.13.4.tgz 0ms (cache hit)
2010 http cache escodegen@https://registry.npmjs.org/escodegen/-/escodegen-2.1.0.tgz 0ms (cache hit)
2011 http cache netmask@https://registry.npmjs.org/netmask/-/netmask-2.1.1.tgz 1ms (cache hit)
2012 http cache degenerator@https://registry.npmjs.org/degenerator/-/degenerator-5.0.1.tgz 0ms (cache hit)
2013 http cache data-uri-to-buffer@https://registry.npmjs.org/data-uri-to-buffer/-/data-uri-to-buffer-6.0.2.tgz 0ms (cache hit)
2014 http cache basic-ftp@https://registry.npmjs.org/basic-ftp/-/basic-ftp-5.3.1.tgz 1ms (cache hit)
2015 http cache @tootallnate/quickjs-emscripten@https://registry.npmjs.org/@tootallnate/quickjs-emscripten/-/quickjs-emscripten-0.23.0.tgz 0ms (cache hit)
2016 http cache socks-proxy-agent@https://registry.npmjs.org/socks-proxy-agent/-/socks-proxy-agent-8.0.5.tgz 0ms (cache hit)
2017 http cache proxy-from-env@https://registry.npmjs.org/proxy-from-env/-/proxy-from-env-1.1.0.tgz 0ms (cache hit)
2018 http cache pac-proxy-agent@https://registry.npmjs.org/pac-proxy-agent/-/pac-proxy-agent-7.2.0.tgz 0ms (cache hit)
2019 http cache http-proxy-agent@https://registry.npmjs.org/http-proxy-agent/-/http-proxy-agent-7.0.2.tgz 0ms (cache hit)
2020 http cache parse-ms@https://registry.npmjs.org/parse-ms/-/parse-ms-2.1.0.tgz 0ms (cache hit)
2021 http cache lru-cache@https://registry.npmjs.org/lru-cache/-/lru-cache-11.5.1.tgz 0ms (cache hit)
2022 http cache tslib@https://registry.npmjs.org/tslib/-/tslib-2.8.1.tgz 0ms (cache hit)
2023 http cache @oxc-transform/binding-android-arm64@https://registry.npmjs.org/@oxc-transform/binding-android-arm64/-/binding-android-arm64-0.111.0.tgz 0ms (cache hit)
2024 http cache is-wsl@https://registry.npmjs.org/is-wsl/-/is-wsl-2.2.0.tgz 0ms (cache hit)
2025 http cache is-docker@https://registry.npmjs.org/is-docker/-/is-docker-2.2.1.tgz 0ms (cache hit)
2026 http cache define-lazy-prop@https://registry.npmjs.org/define-lazy-prop/-/define-lazy-prop-2.0.0.tgz 0ms (cache hit)
2027 http cache mimic-fn@https://registry.npmjs.org/mimic-fn/-/mimic-fn-2.1.0.tgz 0ms (cache hit)
2028 http cache abbrev@https://registry.npmjs.org/abbrev/-/abbrev-3.0.1.tgz 0ms (cache hit)
2029 http cache pac-resolver@https://registry.npmjs.org/pac-resolver/-/pac-resolver-7.0.1.tgz 0ms (cache hit)
2030 http cache whatwg-url@https://registry.npmjs.org/whatwg-url/-/whatwg-url-5.0.0.tgz 0ms (cache hit)
2031 http cache @isaacs/balanced-match@https://registry.npmjs.org/@isaacs/balanced-match/-/balanced-match-4.0.1.tgz 0ms (cache hit)
2032 http cache @isaacs/brace-expansion@https://registry.npmjs.org/@isaacs/brace-expansion/-/brace-expansion-5.0.1.tgz 0ms (cache hit)
2033 http cache mime-db@https://registry.npmjs.org/mime-db/-/mime-db-1.52.0.tgz 0ms (cache hit)
2034 http cache raw-body@https://registry.npmjs.org/raw-body/-/raw-body-2.4.1.tgz 0ms (cache hit)
2035 http cache content-type@https://registry.npmjs.org/content-type/-/content-type-1.0.4.tgz 0ms (cache hit)
2036 http cache ts-toolbelt@https://registry.npmjs.org/ts-toolbelt/-/ts-toolbelt-6.15.5.tgz 0ms (cache hit)
2037 http cache @types/json-schema@https://registry.npmjs.org/@types/json-schema/-/json-schema-7.0.15.tgz 0ms (cache hit)
2038 http cache arg@https://registry.npmjs.org/arg/-/arg-4.1.0.tgz 0ms (cache hit)
2039 http cache argparse@https://registry.npmjs.org/argparse/-/argparse-2.0.1.tgz 0ms (cache hit)
2040 http cache agent-base@https://registry.npmjs.org/agent-base/-/agent-base-7.1.4.tgz 1ms (cache hit)
2041 http cache path-scurry@https://registry.npmjs.org/path-scurry/-/path-scurry-2.0.2.tgz 0ms (cache hit)
2042 http cache minipass@https://registry.npmjs.org/minipass/-/minipass-7.1.3.tgz 0ms (cache hit)
2043 http cache pump@https://registry.npmjs.org/pump/-/pump-3.0.4.tgz 1ms (cache hit)
2044 http cache universalify@https://registry.npmjs.org/universalify/-/universalify-2.0.1.tgz 0ms (cache hit)
2045 http cache jsonfile@https://registry.npmjs.org/jsonfile/-/jsonfile-6.2.1.tgz 0ms (cache hit)
2046 http cache which@https://registry.npmjs.org/which/-/which-2.0.2.tgz 0ms (cache hit)
2047 http cache shebang-command@https://registry.npmjs.org/shebang-command/-/shebang-command-2.0.0.tgz 0ms (cache hit)
2048 http cache path-key@https://registry.npmjs.org/path-key/-/path-key-3.1.1.tgz 0ms (cache hit)
2049 http cache get-uri@https://registry.npmjs.org/get-uri/-/get-uri-6.0.5.tgz 0ms (cache hit)
2050 http cache p-finally@https://registry.npmjs.org/p-finally/-/p-finally-2.0.1.tgz 0ms (cache hit)
2051 http cache strip-final-newline@https://registry.npmjs.org/strip-final-newline/-/strip-final-newline-2.0.0.tgz 0ms (cache hit)
2052 http cache onetime@https://registry.npmjs.org/onetime/-/onetime-5.1.2.tgz 0ms (cache hit)
2053 http cache npm-run-path@https://registry.npmjs.org/npm-run-path/-/npm-run-path-4.0.1.tgz 0ms (cache hit)
2054 http cache merge-stream@https://registry.npmjs.org/merge-stream/-/merge-stream-2.0.0.tgz 0ms (cache hit)
2055 http cache human-signals@https://registry.npmjs.org/human-signals/-/human-signals-1.1.1.tgz 0ms (cache hit)
2056 http cache is-stream@https://registry.npmjs.org/is-stream/-/is-stream-2.0.1.tgz 0ms (cache hit)
2057 http cache get-stream@https://registry.npmjs.org/get-stream/-/get-stream-5.2.0.tgz 0ms (cache hit)
2058 http cache cross-spawn@https://registry.npmjs.org/cross-spawn/-/cross-spawn-7.0.6.tgz 0ms (cache hit)
2059 http cache @esbuild/android-arm64@https://registry.npmjs.org/@esbuild/android-arm64/-/android-arm64-0.27.0.tgz 0ms (cache hit)
2060 http cache signal-exit@https://registry.npmjs.org/signal-exit/-/signal-exit-4.0.2.tgz 0ms (cache hit)
2061 http cache time-span@https://registry.npmjs.org/time-span/-/time-span-4.0.0.tgz 0ms (cache hit)
2062 http cache pretty-ms@https://registry.npmjs.org/pretty-ms/-/pretty-ms-7.0.1.tgz 0ms (cache hit)
2063 http cache picocolors@https://registry.npmjs.org/picocolors/-/picocolors-1.0.0.tgz 0ms (cache hit)
2064 http cache mri@https://registry.npmjs.org/mri/-/mri-1.2.0.tgz 0ms (cache hit)
2065 http cache @edge-runtime/format@https://registry.npmjs.org/@edge-runtime/format/-/format-2.2.1.tgz 0ms (cache hit)
2066 http cache @edge-runtime/ponyfill@https://registry.npmjs.org/@edge-runtime/ponyfill/-/ponyfill-2.4.2.tgz 0ms (cache hit)
2067 http cache readdirp@https://registry.npmjs.org/readdirp/-/readdirp-4.1.2.tgz 0ms (cache hit)
2068 http cache file-uri-to-path@https://registry.npmjs.org/file-uri-to-path/-/file-uri-to-path-1.0.0.tgz 0ms (cache hit)
2069 http cache retry@https://registry.npmjs.org/retry/-/retry-0.13.1.tgz 0ms (cache hit)
2070 http cache uri-js@https://registry.npmjs.org/uri-js/-/uri-js-4.4.1.tgz 0ms (cache hit)
2071 http cache require-from-string@https://registry.npmjs.org/require-from-string/-/require-from-string-2.0.2.tgz 0ms (cache hit)
2072 http cache json-schema-traverse@https://registry.npmjs.org/json-schema-traverse/-/json-schema-traverse-1.0.0.tgz 0ms (cache hit)
2073 http cache fast-deep-equal@https://registry.npmjs.org/fast-deep-equal/-/fast-deep-equal-3.1.3.tgz 1ms (cache hit)
2074 http cache json-schema-to-ts@https://registry.npmjs.org/json-schema-to-ts/-/json-schema-to-ts-1.6.4.tgz 0ms (cache hit)
2075 http cache ajv@https://registry.npmjs.org/ajv/-/ajv-8.6.3.tgz 1ms (cache hit)
2076 http cache @sinclair/typebox@https://registry.npmjs.org/@sinclair/typebox/-/typebox-0.25.24.tgz 0ms (cache hit)
2077 http cache web-vitals@https://registry.npmjs.org/web-vitals/-/web-vitals-0.2.4.tgz 0ms (cache hit)
2078 http cache @vercel/gatsby-plugin-vercel-builder@https://registry.npmjs.org/@vercel/gatsby-plugin-vercel-builder/-/gatsby-plugin-vercel-builder-2.2.24.tgz 0ms (cache hit)
2079 http cache @vercel/gatsby-plugin-vercel-analytics@https://registry.npmjs.org/@vercel/gatsby-plugin-vercel-analytics/-/gatsby-plugin-vercel-analytics-1.0.11.tgz 0ms (cache hit)
2080 http cache minimatch@https://registry.npmjs.org/minimatch/-/minimatch-10.1.1.tgz 0ms (cache hit)
2081 http cache js-yaml@https://registry.npmjs.org/js-yaml/-/js-yaml-4.1.1.tgz 0ms (cache hit)
2082 http cache @renovatebot/pep440@https://registry.npmjs.org/@renovatebot/pep440/-/pep440-4.2.1.tgz 0ms (cache hit)
2083 http cache @bytecodealliance/preview2-shim@https://registry.npmjs.org/@bytecodealliance/preview2-shim/-/preview2-shim-0.17.6.tgz 0ms (cache hit)
2084 http cache undici-types@https://registry.npmjs.org/undici-types/-/undici-types-5.26.5.tgz 0ms (cache hit)
2085 http cache typescript@https://registry.npmjs.org/typescript/-/typescript-5.9.3.tgz 0ms (cache hit)
2086 http cache path-to-regexp-updated@https://registry.npmjs.org/path-to-regexp/-/path-to-regexp-6.3.0.tgz 0ms (cache hit)
2087 http cache mime-types@https://registry.npmjs.org/mime-types/-/mime-types-2.1.35.tgz 0ms (cache hit)
2088 http cache etag@https://registry.npmjs.org/etag/-/etag-1.8.1.tgz 0ms (cache hit)
2089 http cache edge-runtime@https://registry.npmjs.org/edge-runtime/-/edge-runtime-2.5.9.tgz 0ms (cache hit)
2090 http cache async-listen@https://registry.npmjs.org/async-listen/-/async-listen-3.0.1.tgz 0ms (cache hit)
2091 http cache @vercel/error-utils@https://registry.npmjs.org/@vercel/error-utils/-/error-utils-2.2.0.tgz 0ms (cache hit)
2092 http cache @types/node@https://registry.npmjs.org/@types/node/-/node-20.11.0.tgz 0ms (cache hit)
2093 http cache @edge-runtime/vm@https://registry.npmjs.org/@edge-runtime/vm/-/vm-3.2.0.tgz 0ms (cache hit)
2094 http cache @edge-runtime/primitives@https://registry.npmjs.org/@edge-runtime/primitives/-/primitives-4.1.0.tgz 0ms (cache hit)
2095 http cache @edge-runtime/node-utils@https://registry.npmjs.org/@edge-runtime/node-utils/-/node-utils-2.3.0.tgz 0ms (cache hit)
2096 http cache @types/estree@https://registry.npmjs.org/@types/estree/-/estree-1.0.9.tgz 0ms (cache hit)
2097 http cache nopt@https://registry.npmjs.org/nopt/-/nopt-8.1.0.tgz 0ms (cache hit)
2098 http cache https-proxy-agent@https://registry.npmjs.org/https-proxy-agent/-/https-proxy-agent-7.0.6.tgz 0ms (cache hit)
2099 http cache detect-libc@https://registry.npmjs.org/detect-libc/-/detect-libc-2.1.2.tgz 0ms (cache hit)
2100 http cache consola@https://registry.npmjs.org/consola/-/consola-3.4.2.tgz 0ms (cache hit)
2101 http cache resolve-from@https://registry.npmjs.org/resolve-from/-/resolve-from-5.0.0.tgz 0ms (cache hit)
2102 http cache picomatch@https://registry.npmjs.org/picomatch/-/picomatch-4.0.5.tgz 0ms (cache hit)
2103 http cache node-gyp-build@https://registry.npmjs.org/node-gyp-build/-/node-gyp-build-4.8.4.tgz 0ms (cache hit)
2104 http cache graceful-fs@https://registry.npmjs.org/graceful-fs/-/graceful-fs-4.2.11.tgz 0ms (cache hit)
2105 http cache glob@https://registry.npmjs.org/glob/-/glob-13.0.6.tgz 0ms (cache hit)
2106 http cache balanced-match@https://registry.npmjs.org/balanced-match/-/balanced-match-4.0.4.tgz 1ms (cache hit)
2107 http cache brace-expansion@https://registry.npmjs.org/brace-expansion/-/brace-expansion-5.0.7.tgz 0ms (cache hit)
2108 http cache minimatch@https://registry.npmjs.org/minimatch/-/minimatch-10.2.5.tgz 0ms (cache hit)
2109 http cache estree-walker@https://registry.npmjs.org/estree-walker/-/estree-walker-2.0.2.tgz 0ms (cache hit)
2110 http cache bindings@https://registry.npmjs.org/bindings/-/bindings-1.5.0.tgz 0ms (cache hit)
2111 http cache acorn-import-attributes@https://registry.npmjs.org/acorn-import-attributes/-/acorn-import-attributes-1.9.5.tgz 1ms (cache hit)
2112 http cache acorn@https://registry.npmjs.org/acorn/-/acorn-8.17.0.tgz 0ms (cache hit)
2113 http cache async-sema@https://registry.npmjs.org/async-sema/-/async-sema-3.1.1.tgz 0ms (cache hit)
2114 http cache @rollup/pluginutils@https://registry.npmjs.org/@rollup/pluginutils/-/pluginutils-5.4.0.tgz 0ms (cache hit)
2115 http cache yauzl-promise@https://registry.npmjs.org/yauzl-promise/-/yauzl-promise-2.1.3.tgz 0ms (cache hit)
2116 http cache @mapbox/node-pre-gyp@https://registry.npmjs.org/@mapbox/node-pre-gyp/-/node-pre-gyp-2.0.3.tgz 0ms (cache hit)
2117 http cache uid-promise@https://registry.npmjs.org/uid-promise/-/uid-promise-1.0.0.tgz 0ms (cache hit)
2118 http cache tree-kill@https://registry.npmjs.org/tree-kill/-/tree-kill-1.2.2.tgz 0ms (cache hit)
2119 http cache tinyexec@https://registry.npmjs.org/tinyexec/-/tinyexec-0.3.2.tgz 0ms (cache hit)
2120 http cache tar@https://registry.npmjs.org/tar/-/tar-7.5.7.tgz 1ms (cache hit)
2121 http cache stream-to-promise@https://registry.npmjs.org/stream-to-promise/-/stream-to-promise-2.2.0.tgz 0ms (cache hit)
2122 http cache once@https://registry.npmjs.org/once/-/once-1.3.3.tgz 0ms (cache hit)
2123 http cache end-of-stream@https://registry.npmjs.org/end-of-stream/-/end-of-stream-1.1.0.tgz 0ms (cache hit)
2124 http cache semver@https://registry.npmjs.org/semver/-/semver-7.5.4.tgz 0ms (cache hit)
2125 http cache yallist@https://registry.npmjs.org/yallist/-/yallist-4.0.0.tgz 0ms (cache hit)
2126 http cache lru-cache@https://registry.npmjs.org/lru-cache/-/lru-cache-6.0.0.tgz 0ms (cache hit)
2127 http cache promisepipe@https://registry.npmjs.org/promisepipe/-/promisepipe-3.0.0.tgz 0ms (cache hit)
2128 http cache node-fetch@https://registry.npmjs.org/node-fetch/-/node-fetch-2.6.7.tgz 0ms (cache hit)
2129 http cache ms@https://registry.npmjs.org/ms/-/ms-2.1.1.tgz 0ms (cache hit)
2130 http cache micro@https://registry.npmjs.org/micro/-/micro-9.3.5-canary.3.tgz 0ms (cache hit)
2131 http cache stat-mode@https://registry.npmjs.org/stat-mode/-/stat-mode-0.3.0.tgz 0ms (cache hit)
2132 http cache generic-pool@https://registry.npmjs.org/generic-pool/-/generic-pool-3.4.2.tgz 0ms (cache hit)
2133 http cache debug@https://registry.npmjs.org/debug/-/debug-4.3.4.tgz 0ms (cache hit)
2134 http cache ms@https://registry.npmjs.org/ms/-/ms-2.1.2.tgz 0ms (cache hit)
2135 http cache @tootallnate/once@https://registry.npmjs.org/@tootallnate/once/-/once-2.0.0.tgz 0ms (cache hit)
2136 http cache @vercel/cervel@https://registry.npmjs.org/@vercel/cervel/-/cervel-0.1.29.tgz 0ms (cache hit)
2137 http cache xdg-app-paths@https://registry.npmjs.org/xdg-app-paths/-/xdg-app-paths-5.5.1.tgz 0ms (cache hit)
2138 http cache open@https://registry.npmjs.org/open/-/open-8.4.0.tgz 0ms (cache hit)
2139 http cache @napi-rs/keyring@https://registry.npmjs.org/@napi-rs/keyring/-/keyring-1.2.0.tgz 0ms (cache hit)
2140 http cache async-listen@https://registry.npmjs.org/async-listen/-/async-listen-3.0.0.tgz 0ms (cache hit)
2141 http cache es-module-lexer@https://registry.npmjs.org/es-module-lexer/-/es-module-lexer-1.5.0.tgz 0ms (cache hit)
2142 http cache cjs-module-lexer@https://registry.npmjs.org/cjs-module-lexer/-/cjs-module-lexer-1.2.3.tgz 0ms (cache hit)
2143 http cache @vercel/python-analysis@https://registry.npmjs.org/@vercel/python-analysis/-/python-analysis-0.11.1.tgz 0ms (cache hit)
2144 http cache throttleit@https://registry.npmjs.org/throttleit/-/throttleit-2.1.0.tgz 0ms (cache hit)
2145 http cache zod@https://registry.npmjs.org/zod/-/zod-3.22.4.tgz 0ms (cache hit)
2146 http cache fs-extra@https://registry.npmjs.org/fs-extra/-/fs-extra-11.1.1.tgz 0ms (cache hit)
2147 http cache is-node-process@https://registry.npmjs.org/is-node-process/-/is-node-process-1.2.0.tgz 0ms (cache hit)
2148 http cache is-buffer@https://registry.npmjs.org/is-buffer/-/is-buffer-2.0.5.tgz 0ms (cache hit)
2149 http cache async-retry@https://registry.npmjs.org/async-retry/-/async-retry-1.3.3.tgz 0ms (cache hit)
2150 http cache tsx@https://registry.npmjs.org/tsx/-/tsx-4.21.0.tgz 0ms (cache hit)
2151 http cache ts-morph@https://registry.npmjs.org/ts-morph/-/ts-morph-12.0.0.tgz 0ms (cache hit)
2152 http cache srvx@https://registry.npmjs.org/srvx/-/srvx-0.11.16.tgz 0ms (cache hit)
2153 http cache rolldown@https://registry.npmjs.org/rolldown/-/rolldown-1.0.0-rc.1.tgz 0ms (cache hit)
2154 http cache resolve.exports@https://registry.npmjs.org/resolve.exports/-/resolve.exports-2.0.3.tgz 0ms (cache hit)
2155 http cache path-to-regexp@https://registry.npmjs.org/path-to-regexp/-/path-to-regexp-8.3.0.tgz 0ms (cache hit)
2156 http cache oxc-transform@https://registry.npmjs.org/oxc-transform/-/oxc-transform-0.111.0.tgz 0ms (cache hit)
2157 http cache get-port@https://registry.npmjs.org/get-port/-/get-port-5.1.1.tgz 0ms (cache hit)
2158 http cache fs-extra@https://registry.npmjs.org/fs-extra/-/fs-extra-11.1.0.tgz 0ms (cache hit)
2159 http cache execa@https://registry.npmjs.org/execa/-/execa-3.2.0.tgz 0ms (cache hit)
2160 http cache @vercel/static-config@https://registry.npmjs.org/@vercel/static-config/-/static-config-3.4.0.tgz 0ms (cache hit)
2161 http cache signal-exit@https://registry.npmjs.org/signal-exit/-/signal-exit-3.0.7.tgz 0ms (cache hit)
2162 http cache @vercel/nft@https://registry.npmjs.org/@vercel/nft/-/nft-1.10.0.tgz 0ms (cache hit)
2163 http cache zod@https://registry.npmjs.org/zod/-/zod-4.1.11.tgz 0ms (cache hit)
2164 http cache undici@https://registry.npmjs.org/undici/-/undici-5.29.0.tgz 0ms (cache hit)
2165 http cache smol-toml@https://registry.npmjs.org/smol-toml/-/smol-toml-1.5.2.tgz 0ms (cache hit)
2166 http cache sandbox@https://registry.npmjs.org/sandbox/-/sandbox-3.1.2.tgz 0ms (cache hit)
2167 http cache ms@https://registry.npmjs.org/ms/-/ms-2.1.3.tgz 0ms (cache hit)
2168 http cache debug@https://registry.npmjs.org/debug/-/debug-4.4.3.tgz 0ms (cache hit)
2169 http cache proxy-agent@https://registry.npmjs.org/proxy-agent/-/proxy-agent-6.4.0.tgz 0ms (cache hit)
2170 http cache lru-cache@https://registry.npmjs.org/lru-cache/-/lru-cache-7.18.3.tgz 0ms (cache hit)
2171 http cache luxon@https://registry.npmjs.org/luxon/-/luxon-3.7.2.tgz 0ms (cache hit)
2172 http cache jose@https://registry.npmjs.org/jose/-/jose-5.9.6.tgz 0ms (cache hit)
2173 http cache chokidar@https://registry.npmjs.org/chokidar/-/chokidar-4.0.0.tgz 0ms (cache hit)
2174 http cache esbuild@https://registry.npmjs.org/esbuild/-/esbuild-0.27.0.tgz 0ms (cache hit)
2175 http cache @vercel/static-build@https://registry.npmjs.org/@vercel/static-build/-/static-build-2.11.4.tgz 0ms (cache hit)
2176 http cache @vercel/rust@https://registry.npmjs.org/@vercel/rust/-/rust-1.4.0.tgz 0ms (cache hit)
2177 http cache signal-exit@https://registry.npmjs.org/signal-exit/-/signal-exit-3.0.7.tgz 0ms (cache hit)
2178 http cache human-signals@https://registry.npmjs.org/human-signals/-/human-signals-2.1.0.tgz 0ms (cache hit)
2179 http cache get-stream@https://registry.npmjs.org/get-stream/-/get-stream-6.0.1.tgz 0ms (cache hit)
2180 http cache execa@https://registry.npmjs.org/execa/-/execa-5.1.1.tgz 0ms (cache hit)
2181 http cache @vercel/ruby@https://registry.npmjs.org/@vercel/ruby/-/ruby-2.5.1.tgz 0ms (cache hit)
2182 http cache @vercel/remix-builder@https://registry.npmjs.org/@vercel/remix-builder/-/remix-builder-5.9.1.tgz 0ms (cache hit)
2183 http cache @vercel/redwood@https://registry.npmjs.org/@vercel/redwood/-/redwood-2.5.0.tgz 0ms (cache hit)
2184 http cache path-to-regexp@https://registry.npmjs.org/path-to-regexp/-/path-to-regexp-6.1.0.tgz 0ms (cache hit)
2185 http cache semver@https://registry.npmjs.org/semver/-/semver-6.3.1.tgz 0ms (cache hit)
2186 http cache @vercel/python@https://registry.npmjs.org/@vercel/python/-/python-6.47.3.tgz 0ms (cache hit)
2187 http cache @vercel/prepare-flags-definitions@https://registry.npmjs.org/@vercel/prepare-flags-definitions/-/prepare-flags-definitions-0.3.0.tgz 0ms (cache hit)
2188 http cache @vercel/node@https://registry.npmjs.org/@vercel/node/-/node-5.8.22.tgz 0ms (cache hit)
2189 http cache undici@https://registry.npmjs.org/undici/-/undici-5.28.4.tgz 0ms (cache hit)
2190 http cache path-to-regexp@https://registry.npmjs.org/path-to-regexp/-/path-to-regexp-6.1.0.tgz 0ms (cache hit)
2191 http cache node-fetch@https://registry.npmjs.org/node-fetch/-/node-fetch-2.6.9.tgz 0ms (cache hit)
2192 http cache es-module-lexer@https://registry.npmjs.org/es-module-lexer/-/es-module-lexer-1.4.1.tgz 0ms (cache hit)
2193 http cache @vercel/next@https://registry.npmjs.org/@vercel/next/-/next-4.20.2.tgz 0ms (cache hit)
2194 http cache @vercel/nestjs@https://registry.npmjs.org/@vercel/nestjs/-/nestjs-0.2.102.tgz 0ms (cache hit)
2195 http cache @vercel/koa@https://registry.npmjs.org/@vercel/koa/-/koa-0.1.81.tgz 0ms (cache hit)
2196 http cache @vercel/hydrogen@https://registry.npmjs.org/@vercel/hydrogen/-/hydrogen-1.4.0.tgz 0ms (cache hit)
2197 http cache @vercel/hono@https://registry.npmjs.org/@vercel/hono/-/hono-0.2.101.tgz 0ms (cache hit)
2198 http cache zod@https://registry.npmjs.org/zod/-/zod-3.22.4.tgz 0ms (cache hit)
2199 http cache @vercel/h3@https://registry.npmjs.org/@vercel/h3/-/h3-0.1.107.tgz 0ms (cache hit)
2200 http cache @vercel/go@https://registry.npmjs.org/@vercel/go/-/go-3.10.2.tgz 0ms (cache hit)
2201 http cache @vercel/fun@https://registry.npmjs.org/@vercel/fun/-/fun-1.3.0.tgz 0ms (cache hit)
2202 http cache xdg-app-paths@https://registry.npmjs.org/xdg-app-paths/-/xdg-app-paths-5.1.0.tgz 0ms (cache hit)
2203 http cache path-to-regexp@https://registry.npmjs.org/path-to-regexp/-/path-to-regexp-8.2.0.tgz 0ms (cache hit)
2204 http cache async-listen@https://registry.npmjs.org/async-listen/-/async-listen-1.2.0.tgz 0ms (cache hit)
2205 http cache @vercel/fastify@https://registry.npmjs.org/@vercel/fastify/-/fastify-0.1.101.tgz 0ms (cache hit)
2206 http cache @vercel/express@https://registry.npmjs.org/@vercel/express/-/express-0.1.112.tgz 0ms (cache hit)
2207 http cache zod@https://registry.npmjs.org/zod/-/zod-3.22.4.tgz 0ms (cache hit)
2208 http cache @vercel/elysia@https://registry.npmjs.org/@vercel/elysia/-/elysia-0.1.98.tgz 0ms (cache hit)
2209 http cache @vercel/detect-agent@https://registry.npmjs.org/@vercel/detect-agent/-/detect-agent-1.2.3.tgz 0ms (cache hit)
2210 http cache @vercel/container@https://registry.npmjs.org/@vercel/container/-/container-0.0.4.tgz 0ms (cache hit)
2211 http cache @vercel/cli-config@https://registry.npmjs.org/@vercel/cli-config/-/cli-config-0.2.0.tgz 0ms (cache hit)
2212 http cache @vercel/cli-auth@https://registry.npmjs.org/@vercel/cli-auth/-/cli-auth-0.3.0.tgz 0ms (cache hit)
2213 http cache @vercel/build-utils@https://registry.npmjs.org/@vercel/build-utils/-/build-utils-13.32.2.tgz 0ms (cache hit)
2214 http cache @vercel/blob@https://registry.npmjs.org/@vercel/blob/-/blob-2.4.0.tgz 0ms (cache hit)
2215 http cache undici@https://registry.npmjs.org/undici/-/undici-6.27.0.tgz 0ms (cache hit)
2216 http cache @vercel/backends@https://registry.npmjs.org/@vercel/backends/-/backends-0.8.21.tgz 0ms (cache hit)
2217 http cache zod@https://registry.npmjs.org/zod/-/zod-3.22.4.tgz 0ms (cache hit)
2218 silly tarball no local data for vercel@https://registry.npmjs.org/vercel/-/vercel-54.20.1.tgz. Extracting by manifest.
2219 silly tarball no local data for brace-expansion@https://registry.npmjs.org/brace-expansion/-/brace-expansion-1.1.15.tgz. Extracting by manifest.
2220 silly tarball no local data for events-intercept@https://registry.npmjs.org/events-intercept/-/events-intercept-2.0.0.tgz. Extracting by manifest.
2221 silly tarball no local data for yauzl-clone@https://registry.npmjs.org/yauzl-clone/-/yauzl-clone-1.0.4.tgz. Extracting by manifest.
2222 silly tarball no local data for os-paths@https://registry.npmjs.org/os-paths/-/os-paths-4.4.0.tgz. Extracting by manifest.
2223 silly tarball no local data for xdg-portable@https://registry.npmjs.org/xdg-portable/-/xdg-portable-7.3.0.tgz. Extracting by manifest.
2224 silly tarball no local data for @fastify/busboy@https://registry.npmjs.org/@fastify/busboy/-/busboy-2.1.1.tgz. Extracting by manifest.
2225 silly tarball no local data for get-tsconfig@https://registry.npmjs.org/get-tsconfig/-/get-tsconfig-4.14.0.tgz. Extracting by manifest.
2226 silly tarball no local data for resolve-pkg-maps@https://registry.npmjs.org/resolve-pkg-maps/-/resolve-pkg-maps-1.0.0.tgz. Extracting by manifest.
2227 silly tarball no local data for fastq@https://registry.npmjs.org/fastq/-/fastq-1.20.1.tgz. Extracting by manifest.
2228 silly tarball no local data for picomatch@https://registry.npmjs.org/picomatch/-/picomatch-2.3.2.tgz. Extracting by manifest.
2229 silly tarball no local data for path-browserify@https://registry.npmjs.org/path-browserify/-/path-browserify-1.0.1.tgz. Extracting by manifest.
2230 silly tarball no local data for code-block-writer@https://registry.npmjs.org/code-block-writer/-/code-block-writer-10.1.1.tgz. Extracting by manifest.
2231 silly tarball no local data for @ts-morph/common@https://registry.npmjs.org/@ts-morph/common/-/common-0.11.1.tgz. Extracting by manifest.
2232 silly tarball no local data for convert-hrtime@https://registry.npmjs.org/convert-hrtime/-/convert-hrtime-3.0.0.tgz. Extracting by manifest.
2233 silly tarball no local data for minimatch@https://registry.npmjs.org/minimatch/-/minimatch-3.1.5.tgz. Extracting by manifest.
2234 silly tarball no local data for bare-events@https://registry.npmjs.org/bare-events/-/bare-events-2.9.1.tgz. Extracting by manifest.
2235 silly tarball no local data for text-decoder@https://registry.npmjs.org/text-decoder/-/text-decoder-1.2.7.tgz. Extracting by manifest.
2236 silly tarball no local data for streamx@https://registry.npmjs.org/streamx/-/streamx-2.28.0.tgz. Extracting by manifest.
2237 silly tarball no local data for b4a@https://registry.npmjs.org/b4a/-/b4a-1.8.1.tgz. Extracting by manifest.
2238 silly tarball no local data for stream-to-array@https://registry.npmjs.org/stream-to-array/-/stream-to-array-2.3.0.tgz. Extracting by manifest.
2239 silly tarball no local data for any-promise@https://registry.npmjs.org/any-promise/-/any-promise-1.3.0.tgz. Extracting by manifest.
2240 silly tarball no local data for ip-address@https://registry.npmjs.org/ip-address/-/ip-address-10.2.0.tgz. Extracting by manifest.
2241 silly tarball no local data for socks@https://registry.npmjs.org/socks/-/socks-2.8.9.tgz. Extracting by manifest.
2242 silly tarball no local data for jsonlines@https://registry.npmjs.org/jsonlines/-/jsonlines-0.1.1.tgz. Extracting by manifest.
2243 silly tarball no local data for @workflow/serde@https://registry.npmjs.org/@workflow/serde/-/serde-4.1.0-beta.2.tgz. Extracting by manifest.
2244 silly tarball no local data for @vercel/sandbox@https://registry.npmjs.org/@vercel/sandbox/-/sandbox-2.1.1.tgz. Extracting by manifest.
2245 silly tarball no local data for @vercel/oidc@https://registry.npmjs.org/@vercel/oidc/-/oidc-3.2.0.tgz. Extracting by manifest.
2246 silly tarball no local data for zod@https://registry.npmjs.org/zod/-/zod-3.24.4.tgz. Extracting by manifest.
2247 silly tarball no local data for xdg-app-paths@https://registry.npmjs.org/xdg-app-paths/-/xdg-app-paths-5.1.0.tgz. Extracting by manifest.
2248 silly tarball no local data for undici@https://registry.npmjs.org/undici/-/undici-7.28.0.tgz. Extracting by manifest.
2249 silly tarball no local data for jose@https://registry.npmjs.org/jose/-/jose-6.2.3.tgz. Extracting by manifest.
2250 silly tarball no local data for @rolldown/pluginutils@https://registry.npmjs.org/@rolldown/pluginutils/-/pluginutils-1.0.0-rc.1.tgz. Extracting by manifest.
2251 silly tarball no local data for @rolldown/binding-android-arm64@https://registry.npmjs.org/@rolldown/binding-android-arm64/-/binding-android-arm64-1.0.0-rc.1.tgz. Extracting by manifest.
2252 silly tarball no local data for @oxc-project/types@https://registry.npmjs.org/@oxc-project/types/-/types-0.110.0.tgz. Extracting by manifest.
2253 silly tarball no local data for toidentifier@https://registry.npmjs.org/toidentifier/-/toidentifier-1.0.0.tgz. Extracting by manifest.
2254 silly tarball no local data for setprototypeof@https://registry.npmjs.org/setprototypeof/-/setprototypeof-1.1.1.tgz. Extracting by manifest.
2255 silly tarball no local data for iconv-lite@https://registry.npmjs.org/iconv-lite/-/iconv-lite-0.4.24.tgz. Extracting by manifest.
2256 silly tarball no local data for bytes@https://registry.npmjs.org/bytes/-/bytes-3.1.0.tgz. Extracting by manifest.
2257 silly tarball no local data for http-errors@https://registry.npmjs.org/http-errors/-/http-errors-1.7.3.tgz. Extracting by manifest.
2258 silly tarball no local data for ast-types@https://registry.npmjs.org/ast-types/-/ast-types-0.13.4.tgz. Extracting by manifest.
2259 silly tarball no local data for netmask@https://registry.npmjs.org/netmask/-/netmask-2.1.1.tgz. Extracting by manifest.
2260 silly tarball no local data for degenerator@https://registry.npmjs.org/degenerator/-/degenerator-5.0.1.tgz. Extracting by manifest.
2261 silly tarball no local data for data-uri-to-buffer@https://registry.npmjs.org/data-uri-to-buffer/-/data-uri-to-buffer-6.0.2.tgz. Extracting by manifest.
2262 silly tarball no local data for basic-ftp@https://registry.npmjs.org/basic-ftp/-/basic-ftp-5.3.1.tgz. Extracting by manifest.
2263 silly tarball no local data for socks-proxy-agent@https://registry.npmjs.org/socks-proxy-agent/-/socks-proxy-agent-8.0.5.tgz. Extracting by manifest.
2264 silly tarball no local data for @tootallnate/quickjs-emscripten@https://registry.npmjs.org/@tootallnate/quickjs-emscripten/-/quickjs-emscripten-0.23.0.tgz. Extracting by manifest.
2265 silly tarball no local data for pac-proxy-agent@https://registry.npmjs.org/pac-proxy-agent/-/pac-proxy-agent-7.2.0.tgz. Extracting by manifest.
2266 silly tarball no local data for http-proxy-agent@https://registry.npmjs.org/http-proxy-agent/-/http-proxy-agent-7.0.2.tgz. Extracting by manifest.
2267 silly tarball no local data for parse-ms@https://registry.npmjs.org/parse-ms/-/parse-ms-2.1.0.tgz. Extracting by manifest.
2268 silly tarball no local data for lru-cache@https://registry.npmjs.org/lru-cache/-/lru-cache-11.5.1.tgz. Extracting by manifest.
2269 silly tarball no local data for @oxc-transform/binding-android-arm64@https://registry.npmjs.org/@oxc-transform/binding-android-arm64/-/binding-android-arm64-0.111.0.tgz. Extracting by manifest.
2270 silly tarball no local data for is-wsl@https://registry.npmjs.org/is-wsl/-/is-wsl-2.2.0.tgz. Extracting by manifest.
2271 silly tarball no local data for is-docker@https://registry.npmjs.org/is-docker/-/is-docker-2.2.1.tgz. Extracting by manifest.
2272 silly tarball no local data for define-lazy-prop@https://registry.npmjs.org/define-lazy-prop/-/define-lazy-prop-2.0.0.tgz. Extracting by manifest.
2273 silly tarball no local data for pac-resolver@https://registry.npmjs.org/pac-resolver/-/pac-resolver-7.0.1.tgz. Extracting by manifest.
2274 silly tarball no local data for @isaacs/balanced-match@https://registry.npmjs.org/@isaacs/balanced-match/-/balanced-match-4.0.1.tgz. Extracting by manifest.
2275 silly tarball no local data for @isaacs/brace-expansion@https://registry.npmjs.org/@isaacs/brace-expansion/-/brace-expansion-5.0.1.tgz. Extracting by manifest.
2276 silly tarball no local data for raw-body@https://registry.npmjs.org/raw-body/-/raw-body-2.4.1.tgz. Extracting by manifest.
2277 silly tarball no local data for content-type@https://registry.npmjs.org/content-type/-/content-type-1.0.4.tgz. Extracting by manifest.
2278 silly tarball no local data for @types/json-schema@https://registry.npmjs.org/@types/json-schema/-/json-schema-7.0.15.tgz. Extracting by manifest.
2279 silly tarball no local data for ts-toolbelt@https://registry.npmjs.org/ts-toolbelt/-/ts-toolbelt-6.15.5.tgz. Extracting by manifest.
2280 silly tarball no local data for arg@https://registry.npmjs.org/arg/-/arg-4.1.0.tgz. Extracting by manifest.
2281 silly tarball no local data for argparse@https://registry.npmjs.org/argparse/-/argparse-2.0.1.tgz. Extracting by manifest.
2282 silly tarball no local data for path-scurry@https://registry.npmjs.org/path-scurry/-/path-scurry-2.0.2.tgz. Extracting by manifest.
2283 silly tarball no local data for minipass@https://registry.npmjs.org/minipass/-/minipass-7.1.3.tgz. Extracting by manifest.
2284 silly tarball no local data for pump@https://registry.npmjs.org/pump/-/pump-3.0.4.tgz. Extracting by manifest.
2285 silly tarball no local data for universalify@https://registry.npmjs.org/universalify/-/universalify-2.0.1.tgz. Extracting by manifest.
2286 silly tarball no local data for jsonfile@https://registry.npmjs.org/jsonfile/-/jsonfile-6.2.1.tgz. Extracting by manifest.
2287 silly tarball no local data for get-uri@https://registry.npmjs.org/get-uri/-/get-uri-6.0.5.tgz. Extracting by manifest.
2288 silly tarball no local data for p-finally@https://registry.npmjs.org/p-finally/-/p-finally-2.0.1.tgz. Extracting by manifest.
2289 silly tarball no local data for human-signals@https://registry.npmjs.org/human-signals/-/human-signals-1.1.1.tgz. Extracting by manifest.
2290 silly tarball no local data for @esbuild/android-arm64@https://registry.npmjs.org/@esbuild/android-arm64/-/android-arm64-0.27.0.tgz. Extracting by manifest.
2291 silly tarball no local data for signal-exit@https://registry.npmjs.org/signal-exit/-/signal-exit-4.0.2.tgz. Extracting by manifest.
2292 silly tarball no local data for time-span@https://registry.npmjs.org/time-span/-/time-span-4.0.0.tgz. Extracting by manifest.
2293 silly tarball no local data for pretty-ms@https://registry.npmjs.org/pretty-ms/-/pretty-ms-7.0.1.tgz. Extracting by manifest.
2294 silly tarball no local data for picocolors@https://registry.npmjs.org/picocolors/-/picocolors-1.0.0.tgz. Extracting by manifest.
2295 silly tarball no local data for mri@https://registry.npmjs.org/mri/-/mri-1.2.0.tgz. Extracting by manifest.
2296 silly tarball no local data for @edge-runtime/format@https://registry.npmjs.org/@edge-runtime/format/-/format-2.2.1.tgz. Extracting by manifest.
2297 silly tarball no local data for @edge-runtime/ponyfill@https://registry.npmjs.org/@edge-runtime/ponyfill/-/ponyfill-2.4.2.tgz. Extracting by manifest.
2298 silly tarball no local data for json-schema-to-ts@https://registry.npmjs.org/json-schema-to-ts/-/json-schema-to-ts-1.6.4.tgz. Extracting by manifest.
2299 silly tarball no local data for ajv@https://registry.npmjs.org/ajv/-/ajv-8.6.3.tgz. Extracting by manifest.
2300 silly tarball no local data for @sinclair/typebox@https://registry.npmjs.org/@sinclair/typebox/-/typebox-0.25.24.tgz. Extracting by manifest.
2301 silly tarball no local data for web-vitals@https://registry.npmjs.org/web-vitals/-/web-vitals-0.2.4.tgz. Extracting by manifest.
2302 silly tarball no local data for @vercel/gatsby-plugin-vercel-builder@https://registry.npmjs.org/@vercel/gatsby-plugin-vercel-builder/-/gatsby-plugin-vercel-builder-2.2.24.tgz. Extracting by manifest.
2303 silly tarball no local data for @vercel/gatsby-plugin-vercel-analytics@https://registry.npmjs.org/@vercel/gatsby-plugin-vercel-analytics/-/gatsby-plugin-vercel-analytics-1.0.11.tgz. Extracting by manifest.
2304 silly tarball no local data for minimatch@https://registry.npmjs.org/minimatch/-/minimatch-10.1.1.tgz. Extracting by manifest.
2305 silly tarball no local data for js-yaml@https://registry.npmjs.org/js-yaml/-/js-yaml-4.1.1.tgz. Extracting by manifest.
2306 silly tarball no local data for @renovatebot/pep440@https://registry.npmjs.org/@renovatebot/pep440/-/pep440-4.2.1.tgz. Extracting by manifest.
2307 silly tarball no local data for @bytecodealliance/preview2-shim@https://registry.npmjs.org/@bytecodealliance/preview2-shim/-/preview2-shim-0.17.6.tgz. Extracting by manifest.
2308 silly tarball no local data for undici-types@https://registry.npmjs.org/undici-types/-/undici-types-5.26.5.tgz. Extracting by manifest.
2309 silly tarball no local data for typescript@https://registry.npmjs.org/typescript/-/typescript-5.9.3.tgz. Extracting by manifest.
2310 silly tarball no local data for edge-runtime@https://registry.npmjs.org/edge-runtime/-/edge-runtime-2.5.9.tgz. Extracting by manifest.
2311 silly tarball no local data for async-listen@https://registry.npmjs.org/async-listen/-/async-listen-3.0.1.tgz. Extracting by manifest.
2312 silly tarball no local data for @types/node@https://registry.npmjs.org/@types/node/-/node-20.11.0.tgz. Extracting by manifest.
2313 silly tarball no local data for @vercel/error-utils@https://registry.npmjs.org/@vercel/error-utils/-/error-utils-2.2.0.tgz. Extracting by manifest.
2314 silly tarball no local data for @edge-runtime/vm@https://registry.npmjs.org/@edge-runtime/vm/-/vm-3.2.0.tgz. Extracting by manifest.
2315 silly tarball no local data for @edge-runtime/primitives@https://registry.npmjs.org/@edge-runtime/primitives/-/primitives-4.1.0.tgz. Extracting by manifest.
2316 silly tarball no local data for @edge-runtime/node-utils@https://registry.npmjs.org/@edge-runtime/node-utils/-/node-utils-2.3.0.tgz. Extracting by manifest.
2317 silly tarball no local data for @types/estree@https://registry.npmjs.org/@types/estree/-/estree-1.0.9.tgz. Extracting by manifest.
2318 silly tarball no local data for picomatch@https://registry.npmjs.org/picomatch/-/picomatch-4.0.5.tgz. Extracting by manifest.
2319 silly tarball no local data for glob@https://registry.npmjs.org/glob/-/glob-13.0.6.tgz. Extracting by manifest.
2320 silly tarball no local data for brace-expansion@https://registry.npmjs.org/brace-expansion/-/brace-expansion-5.0.7.tgz. Extracting by manifest.
2321 silly tarball no local data for minimatch@https://registry.npmjs.org/minimatch/-/minimatch-10.2.5.tgz. Extracting by manifest.
2322 silly tarball no local data for acorn@https://registry.npmjs.org/acorn/-/acorn-8.17.0.tgz. Extracting by manifest.
2323 silly tarball no local data for @rollup/pluginutils@https://registry.npmjs.org/@rollup/pluginutils/-/pluginutils-5.4.0.tgz. Extracting by manifest.
2324 silly tarball no local data for yauzl-promise@https://registry.npmjs.org/yauzl-promise/-/yauzl-promise-2.1.3.tgz. Extracting by manifest.
2325 silly tarball no local data for @mapbox/node-pre-gyp@https://registry.npmjs.org/@mapbox/node-pre-gyp/-/node-pre-gyp-2.0.3.tgz. Extracting by manifest.
2326 silly tarball no local data for uid-promise@https://registry.npmjs.org/uid-promise/-/uid-promise-1.0.0.tgz. Extracting by manifest.
2327 silly tarball no local data for tree-kill@https://registry.npmjs.org/tree-kill/-/tree-kill-1.2.2.tgz. Extracting by manifest.
2328 silly tarball no local data for tinyexec@https://registry.npmjs.org/tinyexec/-/tinyexec-0.3.2.tgz. Extracting by manifest.
2329 silly tarball no local data for tar@https://registry.npmjs.org/tar/-/tar-7.5.7.tgz. Extracting by manifest.
2330 silly tarball no local data for stream-to-promise@https://registry.npmjs.org/stream-to-promise/-/stream-to-promise-2.2.0.tgz. Extracting by manifest.
2331 silly tarball no local data for once@https://registry.npmjs.org/once/-/once-1.3.3.tgz. Extracting by manifest.
2332 silly tarball no local data for semver@https://registry.npmjs.org/semver/-/semver-7.5.4.tgz. Extracting by manifest.
2333 silly tarball no local data for end-of-stream@https://registry.npmjs.org/end-of-stream/-/end-of-stream-1.1.0.tgz. Extracting by manifest.
2334 silly tarball no local data for promisepipe@https://registry.npmjs.org/promisepipe/-/promisepipe-3.0.0.tgz. Extracting by manifest.
2335 silly tarball no local data for node-fetch@https://registry.npmjs.org/node-fetch/-/node-fetch-2.6.7.tgz. Extracting by manifest.
2336 silly tarball no local data for ms@https://registry.npmjs.org/ms/-/ms-2.1.1.tgz. Extracting by manifest.
2337 silly tarball no local data for micro@https://registry.npmjs.org/micro/-/micro-9.3.5-canary.3.tgz. Extracting by manifest.
2338 silly tarball no local data for stat-mode@https://registry.npmjs.org/stat-mode/-/stat-mode-0.3.0.tgz. Extracting by manifest.
2339 silly tarball no local data for generic-pool@https://registry.npmjs.org/generic-pool/-/generic-pool-3.4.2.tgz. Extracting by manifest.
2340 silly tarball no local data for debug@https://registry.npmjs.org/debug/-/debug-4.3.4.tgz. Extracting by manifest.
2341 silly tarball no local data for @tootallnate/once@https://registry.npmjs.org/@tootallnate/once/-/once-2.0.0.tgz. Extracting by manifest.
2342 silly tarball no local data for @vercel/cervel@https://registry.npmjs.org/@vercel/cervel/-/cervel-0.1.29.tgz. Extracting by manifest.
2343 silly tarball no local data for xdg-app-paths@https://registry.npmjs.org/xdg-app-paths/-/xdg-app-paths-5.5.1.tgz. Extracting by manifest.
2344 silly tarball no local data for open@https://registry.npmjs.org/open/-/open-8.4.0.tgz. Extracting by manifest.
2345 silly tarball no local data for @napi-rs/keyring@https://registry.npmjs.org/@napi-rs/keyring/-/keyring-1.2.0.tgz. Extracting by manifest.
2346 silly tarball no local data for async-listen@https://registry.npmjs.org/async-listen/-/async-listen-3.0.0.tgz. Extracting by manifest.
2347 silly tarball no local data for es-module-lexer@https://registry.npmjs.org/es-module-lexer/-/es-module-lexer-1.5.0.tgz. Extracting by manifest.
2348 silly tarball no local data for cjs-module-lexer@https://registry.npmjs.org/cjs-module-lexer/-/cjs-module-lexer-1.2.3.tgz. Extracting by manifest.
2349 silly tarball no local data for @vercel/python-analysis@https://registry.npmjs.org/@vercel/python-analysis/-/python-analysis-0.11.1.tgz. Extracting by manifest.
2350 silly tarball no local data for throttleit@https://registry.npmjs.org/throttleit/-/throttleit-2.1.0.tgz. Extracting by manifest.
2351 silly tarball no local data for zod@https://registry.npmjs.org/zod/-/zod-3.22.4.tgz. Extracting by manifest.
2352 silly tarball no local data for fs-extra@https://registry.npmjs.org/fs-extra/-/fs-extra-11.1.1.tgz. Extracting by manifest.
2353 silly tarball no local data for is-node-process@https://registry.npmjs.org/is-node-process/-/is-node-process-1.2.0.tgz. Extracting by manifest.
2354 silly tarball no local data for is-buffer@https://registry.npmjs.org/is-buffer/-/is-buffer-2.0.5.tgz. Extracting by manifest.
2355 silly tarball no local data for async-retry@https://registry.npmjs.org/async-retry/-/async-retry-1.3.3.tgz. Extracting by manifest.
2356 silly tarball no local data for tsx@https://registry.npmjs.org/tsx/-/tsx-4.21.0.tgz. Extracting by manifest.
2357 silly tarball no local data for ts-morph@https://registry.npmjs.org/ts-morph/-/ts-morph-12.0.0.tgz. Extracting by manifest.
2358 silly tarball no local data for srvx@https://registry.npmjs.org/srvx/-/srvx-0.11.16.tgz. Extracting by manifest.
2359 silly tarball no local data for rolldown@https://registry.npmjs.org/rolldown/-/rolldown-1.0.0-rc.1.tgz. Extracting by manifest.
2360 silly tarball no local data for resolve.exports@https://registry.npmjs.org/resolve.exports/-/resolve.exports-2.0.3.tgz. Extracting by manifest.
2361 silly tarball no local data for oxc-transform@https://registry.npmjs.org/oxc-transform/-/oxc-transform-0.111.0.tgz. Extracting by manifest.
2362 silly tarball no local data for fs-extra@https://registry.npmjs.org/fs-extra/-/fs-extra-11.1.0.tgz. Extracting by manifest.
2363 silly tarball no local data for execa@https://registry.npmjs.org/execa/-/execa-3.2.0.tgz. Extracting by manifest.
2364 silly tarball no local data for @vercel/static-config@https://registry.npmjs.org/@vercel/static-config/-/static-config-3.4.0.tgz. Extracting by manifest.
2365 silly tarball no local data for @vercel/nft@https://registry.npmjs.org/@vercel/nft/-/nft-1.10.0.tgz. Extracting by manifest.
2366 silly tarball no local data for zod@https://registry.npmjs.org/zod/-/zod-4.1.11.tgz. Extracting by manifest.
2367 silly tarball no local data for smol-toml@https://registry.npmjs.org/smol-toml/-/smol-toml-1.5.2.tgz. Extracting by manifest.
2368 silly tarball no local data for undici@https://registry.npmjs.org/undici/-/undici-5.29.0.tgz. Extracting by manifest.
2369 silly tarball no local data for sandbox@https://registry.npmjs.org/sandbox/-/sandbox-3.1.2.tgz. Extracting by manifest.
2370 silly tarball no local data for proxy-agent@https://registry.npmjs.org/proxy-agent/-/proxy-agent-6.4.0.tgz. Extracting by manifest.
2371 silly tarball no local data for lru-cache@https://registry.npmjs.org/lru-cache/-/lru-cache-7.18.3.tgz. Extracting by manifest.
2372 silly tarball no local data for jose@https://registry.npmjs.org/jose/-/jose-5.9.6.tgz. Extracting by manifest.
2373 silly tarball no local data for chokidar@https://registry.npmjs.org/chokidar/-/chokidar-4.0.0.tgz. Extracting by manifest.
2374 silly tarball no local data for esbuild@https://registry.npmjs.org/esbuild/-/esbuild-0.27.0.tgz. Extracting by manifest.
2375 silly tarball no local data for @vercel/static-build@https://registry.npmjs.org/@vercel/static-build/-/static-build-2.11.4.tgz. Extracting by manifest.
2376 silly tarball no local data for @vercel/rust@https://registry.npmjs.org/@vercel/rust/-/rust-1.4.0.tgz. Extracting by manifest.
2377 silly tarball no local data for @vercel/ruby@https://registry.npmjs.org/@vercel/ruby/-/ruby-2.5.1.tgz. Extracting by manifest.
2378 silly tarball no local data for @vercel/remix-builder@https://registry.npmjs.org/@vercel/remix-builder/-/remix-builder-5.9.1.tgz. Extracting by manifest.
2379 silly tarball no local data for path-to-regexp@https://registry.npmjs.org/path-to-regexp/-/path-to-regexp-6.1.0.tgz. Extracting by manifest.
2380 silly tarball no local data for @vercel/redwood@https://registry.npmjs.org/@vercel/redwood/-/redwood-2.5.0.tgz. Extracting by manifest.
2381 silly tarball no local data for semver@https://registry.npmjs.org/semver/-/semver-6.3.1.tgz. Extracting by manifest.
2382 silly tarball no local data for @vercel/python@https://registry.npmjs.org/@vercel/python/-/python-6.47.3.tgz. Extracting by manifest.
2383 silly tarball no local data for @vercel/prepare-flags-definitions@https://registry.npmjs.org/@vercel/prepare-flags-definitions/-/prepare-flags-definitions-0.3.0.tgz. Extracting by manifest.
2384 silly tarball no local data for undici@https://registry.npmjs.org/undici/-/undici-5.28.4.tgz. Extracting by manifest.
2385 silly tarball no local data for @vercel/node@https://registry.npmjs.org/@vercel/node/-/node-5.8.22.tgz. Extracting by manifest.
2386 silly tarball no local data for path-to-regexp@https://registry.npmjs.org/path-to-regexp/-/path-to-regexp-6.1.0.tgz. Extracting by manifest.
2387 silly tarball no local data for node-fetch@https://registry.npmjs.org/node-fetch/-/node-fetch-2.6.9.tgz. Extracting by manifest.
2388 silly tarball no local data for es-module-lexer@https://registry.npmjs.org/es-module-lexer/-/es-module-lexer-1.4.1.tgz. Extracting by manifest.
2389 silly tarball no local data for @vercel/nestjs@https://registry.npmjs.org/@vercel/nestjs/-/nestjs-0.2.102.tgz. Extracting by manifest.
2390 silly tarball no local data for @vercel/next@https://registry.npmjs.org/@vercel/next/-/next-4.20.2.tgz. Extracting by manifest.
2391 silly tarball no local data for @vercel/koa@https://registry.npmjs.org/@vercel/koa/-/koa-0.1.81.tgz. Extracting by manifest.
2392 silly tarball no local data for @vercel/hydrogen@https://registry.npmjs.org/@vercel/hydrogen/-/hydrogen-1.4.0.tgz. Extracting by manifest.
2393 silly tarball no local data for @vercel/hono@https://registry.npmjs.org/@vercel/hono/-/hono-0.2.101.tgz. Extracting by manifest.
2394 silly tarball no local data for zod@https://registry.npmjs.org/zod/-/zod-3.22.4.tgz. Extracting by manifest.
2395 silly tarball no local data for @vercel/h3@https://registry.npmjs.org/@vercel/h3/-/h3-0.1.107.tgz. Extracting by manifest.
2396 silly tarball no local data for @vercel/go@https://registry.npmjs.org/@vercel/go/-/go-3.10.2.tgz. Extracting by manifest.
2397 silly tarball no local data for @vercel/fun@https://registry.npmjs.org/@vercel/fun/-/fun-1.3.0.tgz. Extracting by manifest.
2398 silly tarball no local data for xdg-app-paths@https://registry.npmjs.org/xdg-app-paths/-/xdg-app-paths-5.1.0.tgz. Extracting by manifest.
2399 silly tarball no local data for async-listen@https://registry.npmjs.org/async-listen/-/async-listen-1.2.0.tgz. Extracting by manifest.
2400 silly tarball no local data for path-to-regexp@https://registry.npmjs.org/path-to-regexp/-/path-to-regexp-8.2.0.tgz. Extracting by manifest.
2401 silly tarball no local data for @vercel/fastify@https://registry.npmjs.org/@vercel/fastify/-/fastify-0.1.101.tgz. Extracting by manifest.
2402 silly tarball no local data for @vercel/express@https://registry.npmjs.org/@vercel/express/-/express-0.1.112.tgz. Extracting by manifest.
2403 silly tarball no local data for zod@https://registry.npmjs.org/zod/-/zod-3.22.4.tgz. Extracting by manifest.
2404 silly tarball no local data for @vercel/elysia@https://registry.npmjs.org/@vercel/elysia/-/elysia-0.1.98.tgz. Extracting by manifest.
2405 silly tarball no local data for @vercel/detect-agent@https://registry.npmjs.org/@vercel/detect-agent/-/detect-agent-1.2.3.tgz. Extracting by manifest.
2406 silly tarball no local data for @vercel/container@https://registry.npmjs.org/@vercel/container/-/container-0.0.4.tgz. Extracting by manifest.
2407 silly tarball no local data for @vercel/cli-config@https://registry.npmjs.org/@vercel/cli-config/-/cli-config-0.2.0.tgz. Extracting by manifest.
2408 silly tarball no local data for @vercel/build-utils@https://registry.npmjs.org/@vercel/build-utils/-/build-utils-13.32.2.tgz. Extracting by manifest.
2409 silly tarball no local data for @vercel/cli-auth@https://registry.npmjs.org/@vercel/cli-auth/-/cli-auth-0.3.0.tgz. Extracting by manifest.
2410 silly tarball no local data for @vercel/blob@https://registry.npmjs.org/@vercel/blob/-/blob-2.4.0.tgz. Extracting by manifest.
2411 silly tarball no local data for undici@https://registry.npmjs.org/undici/-/undici-6.27.0.tgz. Extracting by manifest.
2412 silly tarball no local data for zod@https://registry.npmjs.org/zod/-/zod-3.22.4.tgz. Extracting by manifest.
2413 silly tarball no local data for @vercel/backends@https://registry.npmjs.org/@vercel/backends/-/backends-0.8.21.tgz. Extracting by manifest.
2414 http fetch GET 200 https://registry.npmjs.org/events-intercept/-/events-intercept-2.0.0.tgz 3224ms (cache miss)
2415 http fetch GET 200 https://registry.npmjs.org/os-paths/-/os-paths-4.4.0.tgz 3220ms (cache miss)
2416 http fetch GET 200 https://registry.npmjs.org/brace-expansion/-/brace-expansion-1.1.15.tgz 3234ms (cache miss)
2417 http fetch GET 200 https://registry.npmjs.org/yauzl-clone/-/yauzl-clone-1.0.4.tgz 3230ms (cache miss)
2418 http fetch GET 200 https://registry.npmjs.org/xdg-portable/-/xdg-portable-7.3.0.tgz 3225ms (cache miss)
2419 http fetch GET 200 https://registry.npmjs.org/text-decoder/-/text-decoder-1.2.7.tgz 3379ms (cache miss)
2420 http fetch GET 200 https://registry.npmjs.org/b4a/-/b4a-1.8.1.tgz 3376ms (cache miss)
2421 http fetch GET 200 https://registry.npmjs.org/stream-to-array/-/stream-to-array-2.3.0.tgz 3373ms (cache miss)
2422 http fetch GET 200 https://registry.npmjs.org/minimatch/-/minimatch-3.1.5.tgz 3481ms (cache miss)
2423 http fetch GET 200 https://registry.npmjs.org/any-promise/-/any-promise-1.3.0.tgz 3588ms (cache miss)
2424 http fetch GET 200 https://registry.npmjs.org/jsonlines/-/jsonlines-0.1.1.tgz 3580ms (cache miss)
2425 http fetch GET 200 https://registry.npmjs.org/@workflow/serde/-/serde-4.1.0-beta.2.tgz 3581ms (cache miss)
2426 http fetch GET 200 https://registry.npmjs.org/bare-events/-/bare-events-2.9.1.tgz 3780ms (cache miss)
2427 http fetch GET 200 https://registry.npmjs.org/streamx/-/streamx-2.28.0.tgz 3776ms (cache miss)
2428 http fetch GET 200 https://registry.npmjs.org/xdg-app-paths/-/xdg-app-paths-5.1.0.tgz 3989ms (cache miss)
2429 http fetch GET 200 https://registry.npmjs.org/convert-hrtime/-/convert-hrtime-3.0.0.tgz 4361ms (cache miss)
2430 http fetch GET 200 https://registry.npmjs.org/@rolldown/pluginutils/-/pluginutils-1.0.0-rc.1.tgz 4308ms (cache miss)
2431 http fetch GET 200 https://registry.npmjs.org/bytes/-/bytes-3.1.0.tgz 4290ms (cache miss)
2432 http fetch GET 200 https://registry.npmjs.org/toidentifier/-/toidentifier-1.0.0.tgz 4393ms (cache miss)
2433 http fetch GET 200 https://registry.npmjs.org/setprototypeof/-/setprototypeof-1.1.1.tgz 4391ms (cache miss)
2434 http fetch GET 200 https://registry.npmjs.org/socks-proxy-agent/-/socks-proxy-agent-8.0.5.tgz 4431ms (cache miss)
2435 http fetch GET 200 https://registry.npmjs.org/pac-proxy-agent/-/pac-proxy-agent-7.2.0.tgz 4526ms (cache miss)
2436 http fetch GET 200 https://registry.npmjs.org/parse-ms/-/parse-ms-2.1.0.tgz 4592ms (cache miss)
2437 http fetch GET 200 https://registry.npmjs.org/is-wsl/-/is-wsl-2.2.0.tgz 4586ms (cache miss)
2438 http fetch GET 200 https://registry.npmjs.org/is-docker/-/is-docker-2.2.1.tgz 4585ms (cache miss)
2439 http fetch GET 200 https://registry.npmjs.org/resolve-pkg-maps/-/resolve-pkg-maps-1.0.0.tgz 4804ms (cache miss)
2440 http fetch GET 200 https://registry.npmjs.org/content-type/-/content-type-1.0.4.tgz 4648ms (cache miss)
2441 http fetch GET 200 https://registry.npmjs.org/@types/json-schema/-/json-schema-7.0.15.tgz 4649ms (cache miss)
2442 http fetch GET 200 https://registry.npmjs.org/http-errors/-/http-errors-1.7.3.tgz 4815ms (cache miss)
2443 http fetch GET 200 https://registry.npmjs.org/define-lazy-prop/-/define-lazy-prop-2.0.0.tgz 4771ms (cache miss)
2444 http fetch GET 200 https://registry.npmjs.org/raw-body/-/raw-body-2.4.1.tgz 4762ms (cache miss)
2445 http fetch GET 200 https://registry.npmjs.org/@oxc-project/types/-/types-0.110.0.tgz 4945ms (cache miss)
2446 http fetch GET 200 https://registry.npmjs.org/pump/-/pump-3.0.4.tgz 4853ms (cache miss)
2447 http fetch GET 200 https://registry.npmjs.org/universalify/-/universalify-2.0.1.tgz 4853ms (cache miss)
2448 http fetch GET 200 https://registry.npmjs.org/jsonfile/-/jsonfile-6.2.1.tgz 4853ms (cache miss)
2449 http fetch GET 200 https://registry.npmjs.org/time-span/-/time-span-4.0.0.tgz 4936ms (cache miss)
2450 http fetch GET 200 https://registry.npmjs.org/http-proxy-agent/-/http-proxy-agent-7.0.2.tgz 5105ms (cache miss)
2451 http fetch GET 200 https://registry.npmjs.org/p-finally/-/p-finally-2.0.1.tgz 5049ms (cache miss)
2452 http fetch GET 200 https://registry.npmjs.org/human-signals/-/human-signals-1.1.1.tgz 5047ms (cache miss)
2453 http fetch GET 200 https://registry.npmjs.org/pretty-ms/-/pretty-ms-7.0.1.tgz 5039ms (cache miss)
2454 http fetch GET 200 https://registry.npmjs.org/picocolors/-/picocolors-1.0.0.tgz 5040ms (cache miss)
2455 http fetch GET 200 https://registry.npmjs.org/mri/-/mri-1.2.0.tgz 5105ms (cache miss)
2456 http fetch GET 200 https://registry.npmjs.org/@edge-runtime/ponyfill/-/ponyfill-2.4.2.tgz 5103ms (cache miss)
2457 http fetch GET 200 https://registry.npmjs.org/@edge-runtime/format/-/format-2.2.1.tgz 5232ms (cache miss)
2458 http fetch GET 200 https://registry.npmjs.org/arg/-/arg-4.1.0.tgz 5384ms (cache miss)
2459 http fetch GET 200 https://registry.npmjs.org/@vercel/gatsby-plugin-vercel-analytics/-/gatsby-plugin-vercel-analytics-1.0.11.tgz 5320ms (cache miss)
2460 http fetch GET 200 https://registry.npmjs.org/async-listen/-/async-listen-3.0.1.tgz 5299ms (cache miss)
2461 http fetch GET 200 https://registry.npmjs.org/@types/estree/-/estree-1.0.9.tgz 5375ms (cache miss)
2462 http fetch GET 200 https://registry.npmjs.org/brace-expansion/-/brace-expansion-5.0.7.tgz 5479ms (cache miss)
2463 http fetch GET 200 https://registry.npmjs.org/@vercel/error-utils/-/error-utils-2.2.0.tgz 5651ms (cache miss)
2464 http fetch GET 200 https://registry.npmjs.org/yauzl-promise/-/yauzl-promise-2.1.3.tgz 5621ms (cache miss)
2465 http fetch GET 200 https://registry.npmjs.org/uid-promise/-/uid-promise-1.0.0.tgz 5617ms (cache miss)
2466 http fetch GET 200 https://registry.npmjs.org/tree-kill/-/tree-kill-1.2.2.tgz 5616ms (cache miss)
2467 http fetch GET 200 https://registry.npmjs.org/stream-to-promise/-/stream-to-promise-2.2.0.tgz 5722ms (cache miss)
2468 warn deprecated stream-to-promise@2.2.0: Deprecated. Use node:stream/promises and node:stream/consumers instead.
2469 http fetch GET 200 https://registry.npmjs.org/once/-/once-1.3.3.tgz 5724ms (cache miss)
2470 http fetch GET 200 https://registry.npmjs.org/fastq/-/fastq-1.20.1.tgz 6112ms (cache miss)
2471 http fetch GET 200 https://registry.npmjs.org/ms/-/ms-2.1.1.tgz 5794ms (cache miss)
2472 http fetch GET 200 https://registry.npmjs.org/stat-mode/-/stat-mode-0.3.0.tgz 5790ms (cache miss)
2473 http fetch GET 200 https://registry.npmjs.org/end-of-stream/-/end-of-stream-1.1.0.tgz 5905ms (cache miss)
2474 http fetch GET 200 https://registry.npmjs.org/debug/-/debug-4.3.4.tgz 5889ms (cache miss)
2475 http fetch GET 200 https://registry.npmjs.org/@tootallnate/once/-/once-2.0.0.tgz 5888ms (cache miss)
2476 http fetch GET 200 https://registry.npmjs.org/code-block-writer/-/code-block-writer-10.1.1.tgz 6310ms (cache miss)
2477 http fetch GET 200 https://registry.npmjs.org/netmask/-/netmask-2.1.1.tgz 6222ms (cache miss)
2478 http fetch GET 200 https://registry.npmjs.org/tinyexec/-/tinyexec-0.3.2.tgz 6037ms (cache miss)
2479 http fetch GET 200 https://registry.npmjs.org/promisepipe/-/promisepipe-3.0.0.tgz 6024ms (cache miss)
2480 http fetch GET 200 https://registry.npmjs.org/open/-/open-8.4.0.tgz 6164ms (cache miss)
2481 http fetch GET 200 https://registry.npmjs.org/@vercel/cervel/-/cervel-0.1.29.tgz 6205ms (cache miss)
2482 http fetch GET 200 https://registry.npmjs.org/throttleit/-/throttleit-2.1.0.tgz 6214ms (cache miss)
2483 http fetch GET 200 https://registry.npmjs.org/async-listen/-/async-listen-3.0.0.tgz 6228ms (cache miss)
2484 http fetch GET 200 https://registry.npmjs.org/xdg-app-paths/-/xdg-app-paths-5.5.1.tgz 6283ms (cache miss)
2485 http fetch GET 200 https://registry.npmjs.org/is-node-process/-/is-node-process-1.2.0.tgz 6258ms (cache miss)
2486 http fetch GET 200 https://registry.npmjs.org/@napi-rs/keyring/-/keyring-1.2.0.tgz 6282ms (cache miss)
2487 http fetch GET 200 https://registry.npmjs.org/@vercel/gatsby-plugin-vercel-builder/-/gatsby-plugin-vercel-builder-2.2.24.tgz 6426ms (cache miss)
2488 http fetch GET 200 https://registry.npmjs.org/is-buffer/-/is-buffer-2.0.5.tgz 6310ms (cache miss)
2489 http fetch GET 200 https://registry.npmjs.org/async-retry/-/async-retry-1.3.3.tgz 6309ms (cache miss)
2490 http fetch GET 200 https://registry.npmjs.org/resolve.exports/-/resolve.exports-2.0.3.tgz 6334ms (cache miss)
2491 http fetch GET 200 https://registry.npmjs.org/micro/-/micro-9.3.5-canary.3.tgz 6445ms (cache miss)
2492 http fetch GET 200 https://registry.npmjs.org/oxc-transform/-/oxc-transform-0.111.0.tgz 6377ms (cache miss)
2493 http fetch GET 200 https://registry.npmjs.org/proxy-agent/-/proxy-agent-6.4.0.tgz 6373ms (cache miss)
2494 http fetch GET 200 https://registry.npmjs.org/@vercel/static-config/-/static-config-3.4.0.tgz 6395ms (cache miss)
2495 http fetch GET 200 https://registry.npmjs.org/@vercel/rust/-/rust-1.4.0.tgz 6393ms (cache miss)
2496 http fetch GET 200 https://registry.npmjs.org/es-module-lexer/-/es-module-lexer-1.5.0.tgz 6501ms (cache miss)
2497 http fetch GET 200 https://registry.npmjs.org/semver/-/semver-6.3.1.tgz 6409ms (cache miss)
2498 http fetch GET 200 https://registry.npmjs.org/@vercel/prepare-flags-definitions/-/prepare-flags-definitions-0.3.0.tgz 6407ms (cache miss)
2499 http fetch GET 200 https://registry.npmjs.org/node-fetch/-/node-fetch-2.6.7.tgz 6640ms (cache miss)
2500 http fetch GET 200 https://registry.npmjs.org/lru-cache/-/lru-cache-7.18.3.tgz 6532ms (cache miss)
2501 http fetch GET 200 https://registry.npmjs.org/@vercel/nestjs/-/nestjs-0.2.102.tgz 6437ms (cache miss)
2502 http fetch GET 200 https://registry.npmjs.org/esbuild/-/esbuild-0.27.0.tgz 6566ms (cache miss)
2503 http fetch GET 200 https://registry.npmjs.org/@vercel/koa/-/koa-0.1.81.tgz 6474ms (cache miss)
2504 http fetch GET 200 https://registry.npmjs.org/@vercel/hono/-/hono-0.2.101.tgz 6472ms (cache miss)
2505 http fetch GET 200 https://registry.npmjs.org/@vercel/hydrogen/-/hydrogen-1.4.0.tgz 6477ms (cache miss)
2506 http fetch GET 200 https://registry.npmjs.org/@vercel/h3/-/h3-0.1.107.tgz 6472ms (cache miss)
2507 http fetch GET 200 https://registry.npmjs.org/@vercel/redwood/-/redwood-2.5.0.tgz 6627ms (cache miss)
2508 http fetch GET 200 https://registry.npmjs.org/xdg-app-paths/-/xdg-app-paths-5.1.0.tgz 6532ms (cache miss)
2509 http fetch GET 200 https://registry.npmjs.org/async-listen/-/async-listen-1.2.0.tgz 6532ms (cache miss)
2510 http fetch GET 200 https://registry.npmjs.org/@vercel/fastify/-/fastify-0.1.101.tgz 6529ms (cache miss)
2511 http fetch GET 200 https://registry.npmjs.org/@rollup/pluginutils/-/pluginutils-5.4.0.tgz 6832ms (cache miss)
2512 http fetch GET 200 https://registry.npmjs.org/path-to-regexp/-/path-to-regexp-8.2.0.tgz 6565ms (cache miss)
2513 http fetch GET 200 https://registry.npmjs.org/@vercel/express/-/express-0.1.112.tgz 6561ms (cache miss)
2514 http fetch GET 200 https://registry.npmjs.org/@vercel/container/-/container-0.0.4.tgz 6578ms (cache miss)
2515 http fetch GET 200 https://registry.npmjs.org/@vercel/elysia/-/elysia-0.1.98.tgz 6585ms (cache miss)
2516 http fetch GET 200 https://registry.npmjs.org/argparse/-/argparse-2.0.1.tgz 7025ms (cache miss)
2517 http fetch GET 200 https://registry.npmjs.org/@renovatebot/pep440/-/pep440-4.2.1.tgz 6953ms (cache miss)
2518 http fetch GET 200 https://registry.npmjs.org/@vercel/cli-config/-/cli-config-0.2.0.tgz 6626ms (cache miss)
2519 http fetch GET 200 https://registry.npmjs.org/picomatch/-/picomatch-4.0.5.tgz 6950ms (cache miss)
2520 http fetch GET 200 https://registry.npmjs.org/@vercel/detect-agent/-/detect-agent-1.2.3.tgz 6662ms (cache miss)
2521 http fetch GET 200 https://registry.npmjs.org/picomatch/-/picomatch-2.3.2.tgz 7257ms (cache miss)
2522 http fetch GET 200 https://registry.npmjs.org/undici-types/-/undici-types-5.26.5.tgz 7019ms (cache miss)
2523 http fetch GET 200 https://registry.npmjs.org/es-module-lexer/-/es-module-lexer-1.4.1.tgz 6739ms (cache miss)
2524 http fetch GET 200 https://registry.npmjs.org/data-uri-to-buffer/-/data-uri-to-buffer-6.0.2.tgz 7180ms (cache miss)
2525 http fetch GET 200 https://registry.npmjs.org/execa/-/execa-3.2.0.tgz 6899ms (cache miss)
2526 http fetch GET 200 https://registry.npmjs.org/node-fetch/-/node-fetch-2.6.9.tgz 6798ms (cache miss)
2527 http fetch GET 200 https://registry.npmjs.org/degenerator/-/degenerator-5.0.1.tgz 7238ms (cache miss)
2528 http fetch GET 200 https://registry.npmjs.org/@vercel/ruby/-/ruby-2.5.1.tgz 6896ms (cache miss)
2529 http fetch GET 200 https://registry.npmjs.org/cjs-module-lexer/-/cjs-module-lexer-1.2.3.tgz 6993ms (cache miss)
2530 http fetch GET 200 https://registry.npmjs.org/path-browserify/-/path-browserify-1.0.1.tgz 7390ms (cache miss)
2531 http fetch GET 200 https://registry.npmjs.org/@edge-runtime/vm/-/vm-3.2.0.tgz 7185ms (cache miss)
2532 http fetch GET 200 https://registry.npmjs.org/@isaacs/balanced-match/-/balanced-match-4.0.1.tgz 7323ms (cache miss)
2533 http fetch GET 200 https://registry.npmjs.org/@vercel/remix-builder/-/remix-builder-5.9.1.tgz 7037ms (cache miss)
2534 http fetch GET 200 https://registry.npmjs.org/get-tsconfig/-/get-tsconfig-4.14.0.tgz 7529ms (cache miss)
2535 http fetch GET 200 https://registry.npmjs.org/@isaacs/brace-expansion/-/brace-expansion-5.0.1.tgz 7430ms (cache miss)
2536 http fetch GET 200 https://registry.npmjs.org/@vercel/python/-/python-6.47.3.tgz 7096ms (cache miss)
2537 http fetch GET 200 https://registry.npmjs.org/@vercel/cli-auth/-/cli-auth-0.3.0.tgz 7116ms (cache miss)
2538 http fetch GET 200 https://registry.npmjs.org/acorn/-/acorn-8.17.0.tgz 7664ms (cache miss)
2539 http fetch GET 200 https://registry.npmjs.org/ts-toolbelt/-/ts-toolbelt-6.15.5.tgz 7841ms (cache miss)
2540 http fetch GET 200 https://registry.npmjs.org/@fastify/busboy/-/busboy-2.1.1.tgz 8089ms (cache miss)
2541 http fetch GET 200 https://registry.npmjs.org/chokidar/-/chokidar-4.0.0.tgz 7763ms (cache miss)
2542 http fetch GET 200 https://registry.npmjs.org/smol-toml/-/smol-toml-1.5.2.tgz 7861ms (cache miss)
2543 http fetch GET 200 https://registry.npmjs.org/minipass/-/minipass-7.1.3.tgz 8120ms (cache miss)
2544 http fetch GET 200 https://registry.npmjs.org/path-to-regexp/-/path-to-regexp-6.1.0.tgz 7914ms (cache miss)
2545 http fetch GET 200 https://registry.npmjs.org/path-to-regexp/-/path-to-regexp-6.1.0.tgz 7995ms (cache miss)
2546 http fetch GET 200 https://registry.npmjs.org/get-uri/-/get-uri-6.0.5.tgz 8383ms (cache miss)
2547 http fetch GET 200 https://registry.npmjs.org/basic-ftp/-/basic-ftp-5.3.1.tgz 8559ms (cache miss)
2548 http fetch GET 200 https://registry.npmjs.org/generic-pool/-/generic-pool-3.4.2.tgz 8360ms (cache miss)
2549 http fetch GET 200 https://registry.npmjs.org/@vercel/oidc/-/oidc-3.2.0.tgz 8680ms (cache miss)
2550 http fetch GET 200 https://registry.npmjs.org/iconv-lite/-/iconv-lite-0.4.24.tgz 8716ms (cache miss)
2551 http fetch GET 200 https://registry.npmjs.org/path-scurry/-/path-scurry-2.0.2.tgz 8650ms (cache miss)
2552 http fetch GET 200 https://registry.npmjs.org/ip-address/-/ip-address-10.2.0.tgz 8814ms (cache miss)
2553 http fetch GET 200 https://registry.npmjs.org/@edge-runtime/node-utils/-/node-utils-2.3.0.tgz 8715ms (cache miss)
2554 http fetch GET 200 https://registry.npmjs.org/ts-morph/-/ts-morph-12.0.0.tgz 8702ms (cache miss)
2555 http fetch GET 200 https://registry.npmjs.org/socks/-/socks-2.8.9.tgz 9136ms (cache miss)
2556 http fetch GET 200 https://registry.npmjs.org/@vercel/static-build/-/static-build-2.11.4.tgz 8734ms (cache miss)
2557 http fetch GET 200 https://registry.npmjs.org/signal-exit/-/signal-exit-4.0.2.tgz 9094ms (cache miss)
2558 http fetch GET 200 https://registry.npmjs.org/fs-extra/-/fs-extra-11.1.0.tgz 8987ms (cache miss)
2559 http fetch GET 200 https://registry.npmjs.org/@vercel/next/-/next-4.20.2.tgz 8887ms (cache miss)
2560 http fetch GET 200 https://registry.npmjs.org/fs-extra/-/fs-extra-11.1.1.tgz 9055ms (cache miss)
2561 http fetch GET 200 https://registry.npmjs.org/@vercel/blob/-/blob-2.4.0.tgz 8957ms (cache miss)
2562 http fetch GET 200 https://registry.npmjs.org/semver/-/semver-7.5.4.tgz 9256ms (cache miss)
2563 http fetch GET 200 https://registry.npmjs.org/js-yaml/-/js-yaml-4.1.1.tgz 9351ms (cache miss)
2564 http fetch GET 200 https://registry.npmjs.org/@mapbox/node-pre-gyp/-/node-pre-gyp-2.0.3.tgz 9320ms (cache miss)
2565 http fetch GET 200 https://registry.npmjs.org/@edge-runtime/primitives/-/primitives-4.1.0.tgz 9398ms (cache miss)
2566 http fetch GET 200 https://registry.npmjs.org/srvx/-/srvx-0.11.16.tgz 9375ms (cache miss)
2567 http fetch GET 200 https://registry.npmjs.org/edge-runtime/-/edge-runtime-2.5.9.tgz 9523ms (cache miss)
2568 http fetch GET 200 https://registry.npmjs.org/web-vitals/-/web-vitals-0.2.4.tgz 9664ms (cache miss)
2569 http fetch GET 200 https://registry.npmjs.org/@vercel/backends/-/backends-0.8.21.tgz 9364ms (cache miss)
2570 http fetch GET 200 https://registry.npmjs.org/pac-resolver/-/pac-resolver-7.0.1.tgz 9854ms (cache miss)
2571 http fetch GET 200 https://registry.npmjs.org/ast-types/-/ast-types-0.13.4.tgz 10024ms (cache miss)
2572 http fetch GET 200 https://registry.npmjs.org/@sinclair/typebox/-/typebox-0.25.24.tgz 10095ms (cache miss)
2573 http fetch GET 200 https://registry.npmjs.org/@vercel/nft/-/nft-1.10.0.tgz 9924ms (cache miss)
2574 http fetch GET 200 https://registry.npmjs.org/tsx/-/tsx-4.21.0.tgz 9995ms (cache miss)
2575 http fetch GET 200 https://registry.npmjs.org/rolldown/-/rolldown-1.0.0-rc.1.tgz 9990ms (cache miss)
2576 http fetch GET 200 https://registry.npmjs.org/@vercel/node/-/node-5.8.22.tgz 9953ms (cache miss)
2577 http fetch GET 200 https://registry.npmjs.org/zod/-/zod-3.22.4.tgz 10211ms (cache miss)
2578 http fetch GET 200 https://registry.npmjs.org/zod/-/zod-3.22.4.tgz 10079ms (cache miss)
2579 http fetch GET 200 https://registry.npmjs.org/zod/-/zod-3.22.4.tgz 10091ms (cache miss)
2580 http fetch GET 200 https://registry.npmjs.org/zod/-/zod-3.22.4.tgz 10076ms (cache miss)
2581 http fetch GET 200 https://registry.npmjs.org/zod/-/zod-3.24.4.tgz 10633ms (cache miss)
2582 http fetch GET 200 https://registry.npmjs.org/minimatch/-/minimatch-10.1.1.tgz 10746ms (cache miss)
2583 http fetch GET 200 https://registry.npmjs.org/minimatch/-/minimatch-10.2.5.tgz 10704ms (cache miss)
2584 http fetch GET 200 https://registry.npmjs.org/@oxc-transform/binding-android-arm64/-/binding-android-arm64-0.111.0.tgz 10903ms (cache miss)
2585 http fetch GET 200 https://registry.npmjs.org/@bytecodealliance/preview2-shim/-/preview2-shim-0.17.6.tgz 11090ms (cache miss)
2586 http fetch GET 200 https://registry.npmjs.org/@tootallnate/quickjs-emscripten/-/quickjs-emscripten-0.23.0.tgz 11261ms (cache miss)
2587 http fetch GET 200 https://registry.npmjs.org/json-schema-to-ts/-/json-schema-to-ts-1.6.4.tgz 11362ms (cache miss)
2588 http fetch GET 200 https://registry.npmjs.org/glob/-/glob-13.0.6.tgz 11726ms (cache miss)
2589 http fetch GET 200 https://registry.npmjs.org/@vercel/python-analysis/-/python-analysis-0.11.1.tgz 12086ms (cache miss)
2590 http fetch GET 200 https://registry.npmjs.org/@types/node/-/node-20.11.0.tgz 12413ms (cache miss)
2591 http fetch GET 200 https://registry.npmjs.org/jose/-/jose-6.2.3.tgz 12853ms (cache miss)
2592 http fetch GET 200 https://registry.npmjs.org/lru-cache/-/lru-cache-11.5.1.tgz 13465ms (cache miss)
2593 http fetch GET 200 https://registry.npmjs.org/undici/-/undici-5.28.4.tgz 13114ms (cache miss)
2594 http fetch GET 200 https://registry.npmjs.org/undici/-/undici-5.29.0.tgz 13250ms (cache miss)
2595 http fetch GET 200 https://registry.npmjs.org/sandbox/-/sandbox-3.1.2.tgz 13274ms (cache miss)
2596 http fetch GET 200 https://registry.npmjs.org/@ts-morph/common/-/common-0.11.1.tgz 13730ms (cache miss)
2597 http fetch GET 200 https://registry.npmjs.org/@vercel/build-utils/-/build-utils-13.32.2.tgz 13163ms (cache miss)
2598 http fetch GET 200 https://registry.npmjs.org/@esbuild/android-arm64/-/android-arm64-0.27.0.tgz 13612ms (cache miss)
2599 http fetch GET 200 https://registry.npmjs.org/@vercel/go/-/go-3.10.2.tgz 13822ms (cache miss)
2600 http fetch GET 200 https://registry.npmjs.org/@vercel/fun/-/fun-1.3.0.tgz 13846ms (cache miss)
2601 http fetch GET 200 https://registry.npmjs.org/undici/-/undici-6.27.0.tgz 13850ms (cache miss)
2602 http fetch GET 200 https://registry.npmjs.org/@vercel/sandbox/-/sandbox-2.1.1.tgz 14564ms (cache miss)
2603 http fetch GET 200 https://registry.npmjs.org/undici/-/undici-7.28.0.tgz 14724ms (cache miss)
2604 http fetch GET 200 https://registry.npmjs.org/tar/-/tar-7.5.7.tgz 14595ms (cache miss)
2605 warn deprecated tar@7.5.7: Old versions of tar are not supported, and contain widely publicized security vulnerabilities, which have been fixed in the current version. Please update. Support for old versions may be purchased (at exorbitant rates) by contacting i@izs.me
2606 http fetch GET 200 https://registry.npmjs.org/vercel/-/vercel-54.20.1.tgz 14962ms (cache miss)
2607 http fetch GET 200 https://registry.npmjs.org/@rolldown/binding-android-arm64/-/binding-android-arm64-1.0.0-rc.1.tgz 14903ms (cache miss)
2608 http fetch GET 200 https://registry.npmjs.org/typescript/-/typescript-5.9.3.tgz 15250ms (cache miss)
2609 http fetch GET 200 https://registry.npmjs.org/jose/-/jose-5.9.6.tgz 15194ms (cache miss)
2610 http fetch GET 200 https://registry.npmjs.org/ajv/-/ajv-8.6.3.tgz 15628ms (cache miss)
2611 http fetch GET 200 https://registry.npmjs.org/zod/-/zod-4.1.11.tgz 15880ms (cache miss)
2612 info run esbuild@0.27.0 postinstall node_modules/vercel/node_modules/esbuild node install.js
2613 info run esbuild@0.27.0 postinstall { code: 0, signal: null }
2614 silly ADD node_modules/vercel
2615 silly ADD node_modules/vercel/node_modules/concat-map
2616 silly ADD node_modules/vercel/node_modules/balanced-match
2617 silly ADD node_modules/vercel/node_modules/brace-expansion
2618 silly ADD node_modules/vercel/node_modules/events-intercept
2619 silly ADD node_modules/vercel/node_modules/pend
2620 silly ADD node_modules/vercel/node_modules/fd-slicer
2621 silly ADD node_modules/vercel/node_modules/buffer-crc32
2622 silly ADD node_modules/vercel/node_modules/yauzl-clone
2623 silly ADD node_modules/vercel/node_modules/yauzl
2624 silly ADD node_modules/vercel/node_modules/xdg-portable
2625 silly ADD node_modules/vercel/node_modules/os-paths
2626 silly ADD node_modules/vercel/node_modules/isexe
2627 silly ADD node_modules/vercel/node_modules/webidl-conversions
2628 silly ADD node_modules/vercel/node_modules/tr46
2629 silly ADD node_modules/vercel/node_modules/punycode
2630 silly ADD node_modules/vercel/node_modules/@fastify/busboy
2631 silly ADD node_modules/vercel/node_modules/resolve-pkg-maps
2632 silly ADD node_modules/vercel/node_modules/get-tsconfig
2633 silly ADD node_modules/vercel/node_modules/is-number
2634 silly ADD node_modules/vercel/node_modules/queue-microtask
2635 silly ADD node_modules/vercel/node_modules/to-regex-range
2636 silly ADD node_modules/vercel/node_modules/fill-range
2637 silly ADD node_modules/vercel/node_modules/braces
2638 silly ADD node_modules/vercel/node_modules/is-extglob
2639 silly ADD node_modules/vercel/node_modules/is-glob
2640 silly ADD node_modules/vercel/node_modules/reusify
2641 silly ADD node_modules/vercel/node_modules/run-parallel
2642 silly ADD node_modules/vercel/node_modules/fastq
2643 silly ADD node_modules/vercel/node_modules/@nodelib/fs.scandir
2644 silly ADD node_modules/vercel/node_modules/micromatch
2645 silly ADD node_modules/vercel/node_modules/micromatch/node_modules/picomatch
2646 silly ADD node_modules/vercel/node_modules/merge2
2647 silly ADD node_modules/vercel/node_modules/glob-parent
2648 silly ADD node_modules/vercel/node_modules/@nodelib/fs.walk
2649 silly ADD node_modules/vercel/node_modules/@nodelib/fs.stat
2650 silly ADD node_modules/vercel/node_modules/path-browserify
2651 silly ADD node_modules/vercel/node_modules/mkdirp
2652 silly ADD node_modules/vercel/node_modules/fast-glob
2653 silly ADD node_modules/vercel/node_modules/code-block-writer
2654 silly ADD node_modules/vercel/node_modules/@ts-morph/common
2655 silly ADD node_modules/vercel/node_modules/@ts-morph/common/node_modules/minimatch
2656 silly ADD node_modules/vercel/node_modules/convert-hrtime
2657 silly ADD node_modules/vercel/node_modules/bare-events
2658 silly ADD node_modules/vercel/node_modules/text-decoder
2659 silly ADD node_modules/vercel/node_modules/events-universal
2660 silly ADD node_modules/vercel/node_modules/streamx
2661 silly ADD node_modules/vercel/node_modules/fast-fifo
2662 silly ADD node_modules/vercel/node_modules/b4a
2663 silly ADD node_modules/vercel/node_modules/yallist
2664 silly ADD node_modules/vercel/node_modules/minizlib
2665 silly ADD node_modules/vercel/node_modules/chownr
2666 silly ADD node_modules/vercel/node_modules/@isaacs/fs-minipass
2667 silly ADD node_modules/vercel/node_modules/stream-to-array
2668 silly ADD node_modules/vercel/node_modules/any-promise
2669 silly ADD node_modules/vercel/node_modules/smart-buffer
2670 silly ADD node_modules/vercel/node_modules/ip-address
2671 silly ADD node_modules/vercel/node_modules/socks
2672 silly ADD node_modules/vercel/node_modules/shebang-regex
2673 silly ADD node_modules/vercel/node_modules/tar-stream
2674 silly ADD node_modules/vercel/node_modules/jsonlines
2675 silly ADD node_modules/vercel/node_modules/@workflow/serde
2676 silly ADD node_modules/vercel/node_modules/@vercel/oidc
2677 silly ADD node_modules/vercel/node_modules/@vercel/sandbox
2678 silly ADD node_modules/vercel/node_modules/@vercel/sandbox/node_modules/zod
2679 silly ADD node_modules/vercel/node_modules/@vercel/sandbox/node_modules/xdg-app-paths
2680 silly ADD node_modules/vercel/node_modules/@vercel/sandbox/node_modules/undici
2681 silly ADD node_modules/vercel/node_modules/@vercel/sandbox/node_modules/picocolors
2682 silly ADD node_modules/vercel/node_modules/@vercel/sandbox/node_modules/ms
2683 silly ADD node_modules/vercel/node_modules/@vercel/sandbox/node_modules/jose
2684 silly ADD node_modules/vercel/node_modules/@rolldown/pluginutils
2685 silly ADD node_modules/vercel/node_modules/@rolldown/binding-android-arm64
2686 silly ADD node_modules/vercel/node_modules/@oxc-project/types
2687 silly ADD node_modules/vercel/node_modules/safer-buffer
2688 silly ADD node_modules/vercel/node_modules/toidentifier
2689 silly ADD node_modules/vercel/node_modules/statuses
2690 silly ADD node_modules/vercel/node_modules/setprototypeof
2691 silly ADD node_modules/vercel/node_modules/inherits
2692 silly ADD node_modules/vercel/node_modules/depd
2693 silly ADD node_modules/vercel/node_modules/unpipe
2694 silly ADD node_modules/vercel/node_modules/iconv-lite
2695 silly ADD node_modules/vercel/node_modules/http-errors
2696 silly ADD node_modules/vercel/node_modules/bytes
2697 silly ADD node_modules/vercel/node_modules/wrappy
2698 silly ADD node_modules/vercel/node_modules/once
2699 silly ADD node_modules/vercel/node_modules/end-of-stream
2700 silly ADD node_modules/vercel/node_modules/source-map
2701 silly ADD node_modules/vercel/node_modules/esutils
2702 silly ADD node_modules/vercel/node_modules/estraverse
2703 silly ADD node_modules/vercel/node_modules/esprima
2704 silly ADD node_modules/vercel/node_modules/escodegen
2705 silly ADD node_modules/vercel/node_modules/ast-types
2706 silly ADD node_modules/vercel/node_modules/netmask
2707 silly ADD node_modules/vercel/node_modules/degenerator
2708 silly ADD node_modules/vercel/node_modules/data-uri-to-buffer
2709 silly ADD node_modules/vercel/node_modules/basic-ftp
2710 silly ADD node_modules/vercel/node_modules/pac-resolver
2711 silly ADD node_modules/vercel/node_modules/get-uri
2712 silly ADD node_modules/vercel/node_modules/@tootallnate/quickjs-emscripten
2713 silly ADD node_modules/vercel/node_modules/socks-proxy-agent
2714 silly ADD node_modules/vercel/node_modules/proxy-from-env
2715 silly ADD node_modules/vercel/node_modules/pac-proxy-agent
2716 silly ADD node_modules/vercel/node_modules/http-proxy-agent
2717 silly ADD node_modules/vercel/node_modules/parse-ms
2718 silly ADD node_modules/vercel/node_modules/lru-cache
2719 silly ADD node_modules/vercel/node_modules/tslib
2720 silly ADD node_modules/vercel/node_modules/@oxc-transform/binding-android-arm64
2721 silly ADD node_modules/vercel/node_modules/is-wsl
2722 silly ADD node_modules/vercel/node_modules/is-docker
2723 silly ADD node_modules/vercel/node_modules/define-lazy-prop
2724 silly ADD node_modules/vercel/node_modules/mimic-fn
2725 silly ADD node_modules/vercel/node_modules/abbrev
2726 silly ADD node_modules/vercel/node_modules/whatwg-url
2727 silly ADD node_modules/vercel/node_modules/@isaacs/balanced-match
2728 silly ADD node_modules/vercel/node_modules/@isaacs/brace-expansion
2729 silly ADD node_modules/vercel/node_modules/mime-db
2730 silly ADD node_modules/vercel/node_modules/raw-body
2731 silly ADD node_modules/vercel/node_modules/content-type
2732 silly ADD node_modules/vercel/node_modules/arg
2733 silly ADD node_modules/vercel/node_modules/ts-toolbelt
2734 silly ADD node_modules/vercel/node_modules/@types/json-schema
2735 silly ADD node_modules/vercel/node_modules/argparse
2736 silly ADD node_modules/vercel/node_modules/agent-base
2737 silly ADD node_modules/vercel/node_modules/path-scurry
2738 silly ADD node_modules/vercel/node_modules/minipass
2739 silly ADD node_modules/vercel/node_modules/pump
2740 silly ADD node_modules/vercel/node_modules/universalify
2741 silly ADD node_modules/vercel/node_modules/jsonfile
2742 silly ADD node_modules/vercel/node_modules/which
2743 silly ADD node_modules/vercel/node_modules/shebang-command
2744 silly ADD node_modules/vercel/node_modules/path-key
2745 silly ADD node_modules/vercel/node_modules/strip-final-newline
2746 silly ADD node_modules/vercel/node_modules/p-finally
2747 silly ADD node_modules/vercel/node_modules/onetime
2748 silly ADD node_modules/vercel/node_modules/npm-run-path
2749 silly ADD node_modules/vercel/node_modules/merge-stream
2750 silly ADD node_modules/vercel/node_modules/is-stream
2751 silly ADD node_modules/vercel/node_modules/human-signals
2752 silly ADD node_modules/vercel/node_modules/get-stream
2753 silly ADD node_modules/vercel/node_modules/cross-spawn
2754 silly ADD node_modules/vercel/node_modules/@esbuild/android-arm64
2755 silly ADD node_modules/vercel/node_modules/time-span
2756 silly ADD node_modules/vercel/node_modules/signal-exit
2757 silly ADD node_modules/vercel/node_modules/pretty-ms
2758 silly ADD node_modules/vercel/node_modules/picocolors
2759 silly ADD node_modules/vercel/node_modules/mri
2760 silly ADD node_modules/vercel/node_modules/@edge-runtime/ponyfill
2761 silly ADD node_modules/vercel/node_modules/@edge-runtime/format
2762 silly ADD node_modules/vercel/node_modules/readdirp
2763 silly ADD node_modules/vercel/node_modules/file-uri-to-path
2764 silly ADD node_modules/vercel/node_modules/retry
2765 silly ADD node_modules/vercel/node_modules/uri-js
2766 silly ADD node_modules/vercel/node_modules/require-from-string
2767 silly ADD node_modules/vercel/node_modules/json-schema-traverse
2768 silly ADD node_modules/vercel/node_modules/fast-deep-equal
2769 silly ADD node_modules/vercel/node_modules/json-schema-to-ts
2770 silly ADD node_modules/vercel/node_modules/ajv
2771 silly ADD node_modules/vercel/node_modules/@sinclair/typebox
2772 silly ADD node_modules/vercel/node_modules/web-vitals
2773 silly ADD node_modules/vercel/node_modules/@vercel/gatsby-plugin-vercel-builder
2774 silly ADD node_modules/vercel/node_modules/@vercel/gatsby-plugin-vercel-analytics
2775 silly ADD node_modules/vercel/node_modules/minimatch
2776 silly ADD node_modules/vercel/node_modules/js-yaml
2777 silly ADD node_modules/vercel/node_modules/@renovatebot/pep440
2778 silly ADD node_modules/vercel/node_modules/@bytecodealliance/preview2-shim
2779 silly ADD node_modules/vercel/node_modules/undici-types
2780 silly ADD node_modules/vercel/node_modules/typescript
2781 silly ADD node_modules/vercel/node_modules/path-to-regexp-updated
2782 silly ADD node_modules/vercel/node_modules/mime-types
2783 silly ADD node_modules/vercel/node_modules/etag
2784 silly ADD node_modules/vercel/node_modules/edge-runtime
2785 silly ADD node_modules/vercel/node_modules/edge-runtime/node_modules/async-listen
2786 silly ADD node_modules/vercel/node_modules/@vercel/error-utils
2787 silly ADD node_modules/vercel/node_modules/@types/node
2788 silly ADD node_modules/vercel/node_modules/@edge-runtime/vm
2789 silly ADD node_modules/vercel/node_modules/@edge-runtime/primitives
2790 silly ADD node_modules/vercel/node_modules/@edge-runtime/node-utils
2791 silly ADD node_modules/vercel/node_modules/@types/estree
2792 silly ADD node_modules/vercel/node_modules/nopt
2793 silly ADD node_modules/vercel/node_modules/https-proxy-agent
2794 silly ADD node_modules/vercel/node_modules/detect-libc
2795 silly ADD node_modules/vercel/node_modules/consola
2796 silly ADD node_modules/vercel/node_modules/resolve-from
2797 silly ADD node_modules/vercel/node_modules/picomatch
2798 silly ADD node_modules/vercel/node_modules/node-gyp-build
2799 silly ADD node_modules/vercel/node_modules/graceful-fs
2800 silly ADD node_modules/vercel/node_modules/glob
2801 silly ADD node_modules/vercel/node_modules/glob/node_modules/balanced-match
2802 silly ADD node_modules/vercel/node_modules/glob/node_modules/brace-expansion
2803 silly ADD node_modules/vercel/node_modules/glob/node_modules/minimatch
2804 silly ADD node_modules/vercel/node_modules/estree-walker
2805 silly ADD node_modules/vercel/node_modules/bindings
2806 silly ADD node_modules/vercel/node_modules/async-sema
2807 silly ADD node_modules/vercel/node_modules/acorn-import-attributes
2808 silly ADD node_modules/vercel/node_modules/acorn
2809 silly ADD node_modules/vercel/node_modules/@rollup/pluginutils
2810 silly ADD node_modules/vercel/node_modules/@mapbox/node-pre-gyp
2811 silly ADD node_modules/vercel/node_modules/yauzl-promise
2812 silly ADD node_modules/vercel/node_modules/uid-promise
2813 silly ADD node_modules/vercel/node_modules/tree-kill
2814 silly ADD node_modules/vercel/node_modules/tinyexec
2815 silly ADD node_modules/vercel/node_modules/tar
2816 silly ADD node_modules/vercel/node_modules/stream-to-promise
2817 silly ADD node_modules/vercel/node_modules/stream-to-promise/node_modules/once
2818 silly ADD node_modules/vercel/node_modules/stream-to-promise/node_modules/end-of-stream
2819 silly ADD node_modules/vercel/node_modules/stat-mode
2820 silly ADD node_modules/vercel/node_modules/semver
2821 silly ADD node_modules/vercel/node_modules/semver/node_modules/yallist
2822 silly ADD node_modules/vercel/node_modules/semver/node_modules/lru-cache
2823 silly ADD node_modules/vercel/node_modules/promisepipe
2824 silly ADD node_modules/vercel/node_modules/node-fetch
2825 silly ADD node_modules/vercel/node_modules/ms
2826 silly ADD node_modules/vercel/node_modules/micro
2827 silly ADD node_modules/vercel/node_modules/generic-pool
2828 silly ADD node_modules/vercel/node_modules/debug
2829 silly ADD node_modules/vercel/node_modules/debug/node_modules/ms
2830 silly ADD node_modules/vercel/node_modules/@tootallnate/once
2831 silly ADD node_modules/vercel/node_modules/@vercel/cervel
2832 silly ADD node_modules/vercel/node_modules/xdg-app-paths
2833 silly ADD node_modules/vercel/node_modules/open
2834 silly ADD node_modules/vercel/node_modules/async-listen
2835 silly ADD node_modules/vercel/node_modules/@napi-rs/keyring
2836 silly ADD node_modules/vercel/node_modules/es-module-lexer
2837 silly ADD node_modules/vercel/node_modules/cjs-module-lexer
2838 silly ADD node_modules/vercel/node_modules/@vercel/python-analysis
2839 silly ADD node_modules/vercel/node_modules/@vercel/python-analysis/node_modules/zod
2840 silly ADD node_modules/vercel/node_modules/@vercel/python-analysis/node_modules/fs-extra
2841 silly ADD node_modules/vercel/node_modules/throttleit
2842 silly ADD node_modules/vercel/node_modules/is-node-process
2843 silly ADD node_modules/vercel/node_modules/is-buffer
2844 silly ADD node_modules/vercel/node_modules/async-retry
2845 silly ADD node_modules/vercel/node_modules/tsx
2846 silly ADD node_modules/vercel/node_modules/ts-morph
2847 silly ADD node_modules/vercel/node_modules/srvx
2848 silly ADD node_modules/vercel/node_modules/rolldown
2849 silly ADD node_modules/vercel/node_modules/resolve.exports
2850 silly ADD node_modules/vercel/node_modules/path-to-regexp
2851 silly ADD node_modules/vercel/node_modules/oxc-transform
2852 silly ADD node_modules/vercel/node_modules/get-port
2853 silly ADD node_modules/vercel/node_modules/fs-extra
2854 silly ADD node_modules/vercel/node_modules/execa
2855 silly ADD node_modules/vercel/node_modules/execa/node_modules/signal-exit
2856 silly ADD node_modules/vercel/node_modules/@vercel/static-config
2857 silly ADD node_modules/vercel/node_modules/@vercel/nft
2858 silly ADD node_modules/vercel/node_modules/zod
2859 silly ADD node_modules/vercel/node_modules/undici
2860 silly ADD node_modules/vercel/node_modules/smol-toml
2861 silly ADD node_modules/vercel/node_modules/sandbox
2862 silly ADD node_modules/vercel/node_modules/sandbox/node_modules/ms
2863 silly ADD node_modules/vercel/node_modules/sandbox/node_modules/debug
2864 silly ADD node_modules/vercel/node_modules/proxy-agent
2865 silly ADD node_modules/vercel/node_modules/proxy-agent/node_modules/lru-cache
2866 silly ADD node_modules/vercel/node_modules/luxon
2867 silly ADD node_modules/vercel/node_modules/jose
2868 silly ADD node_modules/vercel/node_modules/esbuild
2869 silly ADD node_modules/vercel/node_modules/chokidar
2870 silly ADD node_modules/vercel/node_modules/@vercel/static-build
2871 silly ADD node_modules/vercel/node_modules/@vercel/rust
2872 silly ADD node_modules/vercel/node_modules/@vercel/rust/node_modules/signal-exit
2873 silly ADD node_modules/vercel/node_modules/@vercel/rust/node_modules/human-signals
2874 silly ADD node_modules/vercel/node_modules/@vercel/rust/node_modules/get-stream
2875 silly ADD node_modules/vercel/node_modules/@vercel/rust/node_modules/execa
2876 silly ADD node_modules/vercel/node_modules/@vercel/ruby
2877 silly ADD node_modules/vercel/node_modules/@vercel/remix-builder
2878 silly ADD node_modules/vercel/node_modules/@vercel/remix-builder/node_modules/path-to-regexp
2879 silly ADD node_modules/vercel/node_modules/@vercel/redwood
2880 silly ADD node_modules/vercel/node_modules/@vercel/redwood/node_modules/semver
2881 silly ADD node_modules/vercel/node_modules/@vercel/python
2882 silly ADD node_modules/vercel/node_modules/@vercel/prepare-flags-definitions
2883 silly ADD node_modules/vercel/node_modules/@vercel/node
2884 silly ADD node_modules/vercel/node_modules/@vercel/node/node_modules/undici
2885 silly ADD node_modules/vercel/node_modules/@vercel/node/node_modules/path-to-regexp
2886 silly ADD node_modules/vercel/node_modules/@vercel/node/node_modules/node-fetch
2887 silly ADD node_modules/vercel/node_modules/@vercel/node/node_modules/es-module-lexer
2888 silly ADD node_modules/vercel/node_modules/@vercel/next
2889 silly ADD node_modules/vercel/node_modules/@vercel/nestjs
2890 silly ADD node_modules/vercel/node_modules/@vercel/koa
2891 silly ADD node_modules/vercel/node_modules/@vercel/hydrogen
2892 silly ADD node_modules/vercel/node_modules/@vercel/hono
2893 silly ADD node_modules/vercel/node_modules/@vercel/hono/node_modules/zod
2894 silly ADD node_modules/vercel/node_modules/@vercel/h3
2895 silly ADD node_modules/vercel/node_modules/@vercel/go
2896 silly ADD node_modules/vercel/node_modules/@vercel/fun
2897 silly ADD node_modules/vercel/node_modules/@vercel/fun/node_modules/xdg-app-paths
2898 silly ADD node_modules/vercel/node_modules/@vercel/fun/node_modules/path-to-regexp
2899 silly ADD node_modules/vercel/node_modules/@vercel/fun/node_modules/async-listen
2900 silly ADD node_modules/vercel/node_modules/@vercel/fastify
2901 silly ADD node_modules/vercel/node_modules/@vercel/express
2902 silly ADD node_modules/vercel/node_modules/@vercel/express/node_modules/zod
2903 silly ADD node_modules/vercel/node_modules/@vercel/elysia
2904 silly ADD node_modules/vercel/node_modules/@vercel/detect-agent
2905 silly ADD node_modules/vercel/node_modules/@vercel/container
2906 silly ADD node_modules/vercel/node_modules/@vercel/cli-config
2907 silly ADD node_modules/vercel/node_modules/@vercel/cli-auth
2908 silly ADD node_modules/vercel/node_modules/@vercel/build-utils
2909 silly ADD node_modules/vercel/node_modules/@vercel/blob
2910 silly ADD node_modules/vercel/node_modules/@vercel/blob/node_modules/undici
2911 silly ADD node_modules/vercel/node_modules/@vercel/backends
2912 silly ADD node_modules/vercel/node_modules/@vercel/backends/node_modules/zod
2913 warn allow-scripts 1 package has install scripts not yet covered by allowScripts:
2913 warn allow-scripts   esbuild@0.27.0 (postinstall: node install.js)
2913 warn allow-scripts
2913 warn allow-scripts Run `npm install -g --allow-scripts=esbuild` to allow these scripts once, or `npm config set allow-scripts=esbuild --location=user` to allow them for all global installs.
2914 verbose cwd /data/data/com.termux/files/home/Maestro_trading
2915 verbose os Linux 4.14.186-27270957
2916 verbose node v26.3.0
2917 verbose npm  v11.17.0
2918 verbose exit 0
2919 info ok
