0 verbose cli /data/data/com.termux/files/usr/bin/node /data/data/com.termux/files/usr/bin/npm
1 info using npm@11.11.0
2 info using node@v25.8.1
3 silly config load:file:/data/data/com.termux/files/usr/lib/node_modules/npm/npmrc
4 silly config load:file:/data/data/com.termux/files/home/.npmrc
5 silly config load:file:/data/data/com.termux/files/usr/etc/npmrc
6 verbose title npm install netlify-cli
7 verbose argv "install" "--global" "netlify-cli"
8 verbose logfile logs-max:10 dir:/data/data/com.termux/files/home/.npm/_logs/2026-03-24T17_45_39_997Z-
9 verbose logfile /data/data/com.termux/files/home/.npm/_logs/2026-03-24T17_45_39_997Z-debug-0.log
10 silly packumentCache heap:1074528256 maxSize:268632064 maxEntrySize:134316032
11 silly logfile start cleaning logs, removing 1 files
12 silly logfile done cleaning log files
13 silly idealTree buildDeps
14 silly fetch manifest netlify-cli@*
15 silly packumentCache full:https://registry.npmjs.org/netlify-cli cache-miss
16 http fetch GET 200 https://registry.npmjs.org/netlify-cli 945ms (cache miss)
17 silly packumentCache full:https://registry.npmjs.org/netlify-cli set size:undefined disposed:false
18 silly placeDep ROOT netlify-cli@24.5.0 OK for:  want: *
19 silly fetch manifest @fastify/static@9.0.0
20 silly packumentCache full:https://registry.npmjs.org/@fastify%2fstatic cache-miss
21 silly fetch manifest @netlify/ai@0.4.1
22 silly packumentCache full:https://registry.npmjs.org/@netlify%2fai cache-miss
23 silly fetch manifest @netlify/api@14.0.18
24 silly packumentCache full:https://registry.npmjs.org/@netlify%2fapi cache-miss
25 silly fetch manifest @netlify/blobs@10.7.0
26 silly packumentCache full:https://registry.npmjs.org/@netlify%2fblobs cache-miss
27 silly fetch manifest @netlify/build@35.11.0
28 silly packumentCache full:https://registry.npmjs.org/@netlify%2fbuild cache-miss
29 silly fetch manifest @netlify/build-info@10.4.0
30 silly packumentCache full:https://registry.npmjs.org/@netlify%2fbuild-info cache-miss
31 silly fetch manifest @netlify/config@24.4.4
32 silly packumentCache full:https://registry.npmjs.org/@netlify%2fconfig cache-miss
33 http fetch GET 200 https://registry.npmjs.org/@fastify%2fstatic 336ms (cache miss)
34 silly packumentCache full:https://registry.npmjs.org/@fastify%2fstatic set size:undefined disposed:false
35 silly fetch manifest @netlify/dev@4.16.4
36 silly packumentCache full:https://registry.npmjs.org/@netlify%2fdev cache-miss
37 http fetch GET 200 https://registry.npmjs.org/@netlify%2fapi 570ms (cache miss)
38 silly packumentCache full:https://registry.npmjs.org/@netlify%2fapi set size:undefined disposed:false
39 silly fetch manifest @netlify/dev-utils@4.4.3
40 silly packumentCache full:https://registry.npmjs.org/@netlify%2fdev-utils cache-miss
41 http fetch GET 200 https://registry.npmjs.org/@netlify%2fblobs 609ms (cache miss)
42 silly packumentCache full:https://registry.npmjs.org/@netlify%2fblobs set size:undefined disposed:false
43 silly fetch manifest @netlify/edge-bundler@14.9.19
44 silly packumentCache full:https://registry.npmjs.org/@netlify%2fedge-bundler cache-miss
45 http fetch GET 200 https://registry.npmjs.org/@netlify%2fbuild-info 666ms (cache miss)
46 silly packumentCache full:https://registry.npmjs.org/@netlify%2fbuild-info set size:undefined disposed:false
47 silly fetch manifest @netlify/edge-functions@3.0.6
48 silly packumentCache full:https://registry.npmjs.org/@netlify%2fedge-functions cache-miss
49 http fetch GET 200 https://registry.npmjs.org/@netlify%2fdev 358ms (cache miss)
50 silly packumentCache full:https://registry.npmjs.org/@netlify%2fdev set size:undefined disposed:false
51 silly fetch manifest @netlify/edge-functions-bootstrap@2.17.1
52 silly packumentCache full:https://registry.npmjs.org/@netlify%2fedge-functions-bootstrap cache-miss
53 http fetch GET 200 https://registry.npmjs.org/@netlify%2fdev-utils 271ms (cache miss)
54 silly packumentCache full:https://registry.npmjs.org/@netlify%2fdev-utils set size:undefined disposed:false
55 silly fetch manifest @netlify/headers-parser@9.0.3
56 silly packumentCache full:https://registry.npmjs.org/@netlify%2fheaders-parser cache-miss
57 http fetch GET 200 https://registry.npmjs.org/@netlify%2fedge-bundler 236ms (cache miss)
58 silly packumentCache full:https://registry.npmjs.org/@netlify%2fedge-bundler set size:undefined disposed:false
59 silly fetch manifest @netlify/images@1.3.7
60 silly packumentCache full:https://registry.npmjs.org/@netlify%2fimages cache-miss
61 http fetch GET 200 https://registry.npmjs.org/@netlify%2fedge-functions-bootstrap 204ms (cache miss)
62 silly packumentCache full:https://registry.npmjs.org/@netlify%2fedge-functions-bootstrap set size:undefined disposed:false
63 silly fetch manifest @netlify/local-functions-proxy@2.0.3
64 silly packumentCache full:https://registry.npmjs.org/@netlify%2flocal-functions-proxy cache-miss
65 http fetch GET 200 https://registry.npmjs.org/@netlify%2fai 958ms (cache miss)
66 silly packumentCache full:https://registry.npmjs.org/@netlify%2fai set size:undefined disposed:false
67 silly fetch manifest @netlify/redirect-parser@15.0.4
68 silly packumentCache full:https://registry.npmjs.org/@netlify%2fredirect-parser cache-miss
69 http fetch GET 200 https://registry.npmjs.org/@netlify%2fedge-functions 275ms (cache miss)
70 silly packumentCache full:https://registry.npmjs.org/@netlify%2fedge-functions set size:undefined disposed:false
71 silly fetch manifest @netlify/zip-it-and-ship-it@14.5.1
72 silly packumentCache full:https://registry.npmjs.org/@netlify%2fzip-it-and-ship-it cache-miss
73 http fetch GET 200 https://registry.npmjs.org/@netlify%2fconfig 975ms (cache miss)
74 silly packumentCache full:https://registry.npmjs.org/@netlify%2fconfig set size:undefined disposed:false
75 silly fetch manifest @octokit/rest@22.0.0
76 silly packumentCache full:https://registry.npmjs.org/@octokit%2frest cache-miss
77 http fetch GET 200 https://registry.npmjs.org/@netlify%2flocal-functions-proxy 122ms (cache miss)
78 silly packumentCache full:https://registry.npmjs.org/@netlify%2flocal-functions-proxy set size:undefined disposed:false
79 silly fetch manifest @opentelemetry/api@1.8.0
80 silly packumentCache full:https://registry.npmjs.org/@opentelemetry%2fapi cache-miss
81 http fetch GET 200 https://registry.npmjs.org/@opentelemetry%2fapi 158ms (cache miss)
82 silly packumentCache full:https://registry.npmjs.org/@opentelemetry%2fapi set size:undefined disposed:false
83 silly fetch manifest @pnpm/tabtab@0.5.4
84 silly packumentCache full:https://registry.npmjs.org/@pnpm%2ftabtab cache-miss
85 http fetch GET 200 https://registry.npmjs.org/@netlify%2fredirect-parser 303ms (cache miss)
86 silly packumentCache full:https://registry.npmjs.org/@netlify%2fredirect-parser set size:undefined disposed:false
87 silly fetch manifest ansi-escapes@7.3.0
88 silly packumentCache full:https://registry.npmjs.org/ansi-escapes cache-miss
89 http fetch GET 200 https://registry.npmjs.org/@netlify%2fheaders-parser 480ms (cache miss)
90 silly packumentCache full:https://registry.npmjs.org/@netlify%2fheaders-parser set size:undefined disposed:false
91 silly fetch manifest ansi-to-html@0.7.2
92 silly packumentCache full:https://registry.npmjs.org/ansi-to-html cache-miss
93 http fetch GET 200 https://registry.npmjs.org/@netlify%2fimages 465ms (cache miss)
94 silly packumentCache full:https://registry.npmjs.org/@netlify%2fimages set size:undefined disposed:false
95 silly fetch manifest ascii-table@0.0.9
96 silly packumentCache full:https://registry.npmjs.org/ascii-table cache-miss
97 http fetch GET 200 https://registry.npmjs.org/ansi-escapes 106ms (cache miss)
98 silly packumentCache full:https://registry.npmjs.org/ansi-escapes set size:undefined disposed:false
99 silly fetch manifest backoff@2.5.0
100 silly packumentCache full:https://registry.npmjs.org/backoff cache-miss
101 http fetch GET 200 https://registry.npmjs.org/@netlify%2fbuild 1387ms (cache miss)
102 silly packumentCache full:https://registry.npmjs.org/@netlify%2fbuild set size:undefined disposed:false
103 silly fetch manifest boxen@8.0.1
104 silly packumentCache full:https://registry.npmjs.org/boxen cache-miss
105 http fetch GET 200 https://registry.npmjs.org/ascii-table 236ms (cache miss)
106 silly packumentCache full:https://registry.npmjs.org/ascii-table set size:undefined disposed:false
107 silly fetch manifest chalk@5.6.2
108 silly packumentCache full:https://registry.npmjs.org/chalk cache-miss
109 http fetch GET 200 https://registry.npmjs.org/backoff 229ms (cache miss)
110 silly packumentCache full:https://registry.npmjs.org/backoff set size:undefined disposed:false
111 silly fetch manifest chokidar@4.0.3
112 silly packumentCache full:https://registry.npmjs.org/chokidar cache-miss
113 http fetch GET 200 https://registry.npmjs.org/@netlify%2fzip-it-and-ship-it 679ms (cache miss)
114 silly packumentCache full:https://registry.npmjs.org/@netlify%2fzip-it-and-ship-it set size:undefined disposed:false
115 silly fetch manifest ci-info@4.4.0
116 silly packumentCache full:https://registry.npmjs.org/ci-info cache-miss
117 http fetch GET 200 https://registry.npmjs.org/ansi-to-html 425ms (cache miss)
118 silly packumentCache full:https://registry.npmjs.org/ansi-to-html set size:undefined disposed:false
119 silly fetch manifest clean-deep@3.4.0
120 silly packumentCache full:https://registry.npmjs.org/clean-deep cache-miss
121 http fetch GET 200 https://registry.npmjs.org/chalk 166ms (cache miss)
122 silly packumentCache full:https://registry.npmjs.org/chalk set size:undefined disposed:false
123 silly fetch manifest commander@12.1.0
124 silly packumentCache full:https://registry.npmjs.org/commander cache-miss
125 http fetch GET 200 https://registry.npmjs.org/boxen 228ms (cache miss)
126 silly packumentCache full:https://registry.npmjs.org/boxen set size:undefined disposed:false
127 silly fetch manifest comment-json@4.6.2
128 silly packumentCache full:https://registry.npmjs.org/comment-json cache-miss
129 http fetch GET 200 https://registry.npmjs.org/chokidar 201ms (cache miss)
130 silly packumentCache full:https://registry.npmjs.org/chokidar set size:undefined disposed:false
131 silly fetch manifest content-type@1.0.5
132 silly packumentCache full:https://registry.npmjs.org/content-type cache-miss
133 http fetch GET 200 https://registry.npmjs.org/ci-info 176ms (cache miss)
134 silly packumentCache full:https://registry.npmjs.org/ci-info set size:undefined disposed:false
135 silly fetch manifest cookie@1.1.1
136 silly packumentCache full:https://registry.npmjs.org/cookie cache-miss
137 http fetch GET 200 https://registry.npmjs.org/@pnpm%2ftabtab 692ms (cache miss)
138 silly packumentCache full:https://registry.npmjs.org/@pnpm%2ftabtab set size:undefined disposed:false
139 silly fetch manifest cron-parser@4.9.0
140 silly packumentCache full:https://registry.npmjs.org/cron-parser cache-miss
141 http cache https://registry.npmjs.org/cookie 38ms (cache hit)
142 silly packumentCache full:https://registry.npmjs.org/cookie set size:72891 disposed:false
143 silly fetch manifest debug@4.4.3
144 silly packumentCache full:https://registry.npmjs.org/debug cache-miss
145 http fetch GET 200 https://registry.npmjs.org/commander 176ms (cache miss)
146 silly packumentCache full:https://registry.npmjs.org/commander set size:undefined disposed:false
147 silly fetch manifest decache@4.6.2
148 silly packumentCache full:https://registry.npmjs.org/decache cache-miss
149 http fetch GET 200 https://registry.npmjs.org/content-type 169ms (cache revalidated)
150 silly packumentCache full:https://registry.npmjs.org/content-type set size:17311 disposed:false
151 silly fetch manifest dot-prop@10.1.0
152 silly packumentCache full:https://registry.npmjs.org/dot-prop cache-miss
153 http fetch GET 200 https://registry.npmjs.org/clean-deep 261ms (cache miss)
154 silly packumentCache full:https://registry.npmjs.org/clean-deep set size:undefined disposed:false
155 silly fetch manifest dotenv@17.3.1
156 silly packumentCache full:https://registry.npmjs.org/dotenv cache-miss
157 http fetch GET 200 https://registry.npmjs.org/@octokit%2frest 1020ms (cache miss)
158 silly packumentCache full:https://registry.npmjs.org/@octokit%2frest set size:undefined disposed:false
159 silly fetch manifest env-paths@4.0.0
160 silly packumentCache full:https://registry.npmjs.org/env-paths cache-miss
161 http fetch GET 200 https://registry.npmjs.org/comment-json 308ms (cache miss)
162 silly packumentCache full:https://registry.npmjs.org/comment-json set size:undefined disposed:false
163 silly fetch manifest envinfo@7.21.0
164 silly packumentCache full:https://registry.npmjs.org/envinfo cache-miss
165 http fetch GET 200 https://registry.npmjs.org/cron-parser 208ms (cache miss)
166 silly packumentCache full:https://registry.npmjs.org/cron-parser set size:undefined disposed:false
167 silly fetch manifest etag@1.8.1
168 silly packumentCache full:https://registry.npmjs.org/etag cache-miss
169 http fetch GET 200 https://registry.npmjs.org/debug 214ms (cache revalidated)
170 silly packumentCache full:https://registry.npmjs.org/debug set size:195840 disposed:false
171 silly fetch manifest execa@5.1.1
172 silly packumentCache full:https://registry.npmjs.org/execa cache-miss
173 http fetch GET 200 https://registry.npmjs.org/dot-prop 184ms (cache miss)
174 silly packumentCache full:https://registry.npmjs.org/dot-prop set size:undefined disposed:false
175 silly fetch manifest express@5.2.1
176 silly packumentCache full:https://registry.npmjs.org/express cache-miss
177 http fetch GET 200 https://registry.npmjs.org/dotenv 169ms (cache revalidated)
178 silly packumentCache full:https://registry.npmjs.org/dotenv set size:270065 disposed:false
179 silly fetch manifest express-logging@1.1.1
180 silly packumentCache full:https://registry.npmjs.org/express-logging cache-miss
181 http fetch GET 200 https://registry.npmjs.org/env-paths 187ms (cache revalidated)
182 silly packumentCache full:https://registry.npmjs.org/env-paths set size:26913 disposed:false
183 silly fetch manifest extract-zip@2.0.1
184 silly packumentCache full:https://registry.npmjs.org/extract-zip cache-miss
185 http fetch GET 200 https://registry.npmjs.org/etag 144ms (cache revalidated)
186 silly packumentCache full:https://registry.npmjs.org/etag set size:30032 disposed:false
187 silly fetch manifest fastest-levenshtein@1.0.16
188 silly packumentCache full:https://registry.npmjs.org/fastest-levenshtein cache-miss
189 http fetch GET 200 https://registry.npmjs.org/execa 146ms (cache miss)
190 silly packumentCache full:https://registry.npmjs.org/execa set size:undefined disposed:false
191 silly fetch manifest fastify@5.8.2
192 silly packumentCache full:https://registry.npmjs.org/fastify cache-miss
193 http fetch GET 200 https://registry.npmjs.org/envinfo 242ms (cache miss)
194 silly packumentCache full:https://registry.npmjs.org/envinfo set size:undefined disposed:false
195 silly fetch manifest find-up@8.0.0
196 silly packumentCache full:https://registry.npmjs.org/find-up cache-miss
197 http fetch GET 200 https://registry.npmjs.org/express-logging 183ms (cache miss)
198 silly packumentCache full:https://registry.npmjs.org/express-logging set size:undefined disposed:false
199 silly fetch manifest folder-walker@3.2.0
200 silly packumentCache full:https://registry.npmjs.org/folder-walker cache-miss
201 http fetch GET 200 https://registry.npmjs.org/decache 439ms (cache miss)
202 silly packumentCache full:https://registry.npmjs.org/decache set size:undefined disposed:false
203 silly fetch manifest fuzzy@0.1.3
204 silly packumentCache full:https://registry.npmjs.org/fuzzy cache-miss
205 http fetch GET 200 https://registry.npmjs.org/extract-zip 142ms (cache miss)
206 silly packumentCache full:https://registry.npmjs.org/extract-zip set size:undefined disposed:false
207 silly fetch manifest get-port@5.1.1
208 silly packumentCache full:https://registry.npmjs.org/get-port cache-miss
209 http fetch GET 200 https://registry.npmjs.org/find-up 85ms (cache miss)
210 silly packumentCache full:https://registry.npmjs.org/find-up set size:undefined disposed:false
211 silly fetch manifest git-repo-info@2.1.1
212 silly packumentCache full:https://registry.npmjs.org/git-repo-info cache-miss
213 http fetch GET 200 https://registry.npmjs.org/fuzzy 75ms (cache miss)
214 silly packumentCache full:https://registry.npmjs.org/fuzzy set size:undefined disposed:false
215 silly fetch manifest gitconfiglocal@2.1.0
216 silly packumentCache full:https://registry.npmjs.org/gitconfiglocal cache-miss
217 http fetch GET 200 https://registry.npmjs.org/express 310ms (cache updated)
218 silly packumentCache full:https://registry.npmjs.org/express set size:undefined disposed:false
219 silly fetch manifest http-proxy@1.18.1
220 silly packumentCache full:https://registry.npmjs.org/http-proxy cache-miss
221 http fetch GET 200 https://registry.npmjs.org/get-port 135ms (cache miss)
222 silly packumentCache full:https://registry.npmjs.org/get-port set size:undefined disposed:false
223 silly fetch manifest http-proxy-middleware@3.0.5
224 silly packumentCache full:https://registry.npmjs.org/http-proxy-middleware cache-miss
225 http fetch GET 200 https://registry.npmjs.org/gitconfiglocal 92ms (cache miss)
226 silly packumentCache full:https://registry.npmjs.org/gitconfiglocal set size:undefined disposed:false
227 silly fetch manifest https-proxy-agent@8.0.0
228 silly packumentCache full:https://registry.npmjs.org/https-proxy-agent cache-miss
229 http fetch GET 200 https://registry.npmjs.org/folder-walker 199ms (cache miss)
230 silly packumentCache full:https://registry.npmjs.org/folder-walker set size:undefined disposed:false
231 silly fetch manifest inquirer@8.2.7
232 silly packumentCache full:https://registry.npmjs.org/inquirer cache-miss
233 http fetch GET 200 https://registry.npmjs.org/http-proxy 93ms (cache miss)
234 silly packumentCache full:https://registry.npmjs.org/http-proxy set size:undefined disposed:false
235 silly fetch manifest inquirer-autocomplete-prompt@1.4.0
236 silly packumentCache full:https://registry.npmjs.org/inquirer-autocomplete-prompt cache-miss
237 http fetch GET 200 https://registry.npmjs.org/fastify 339ms (cache miss)
238 silly packumentCache full:https://registry.npmjs.org/fastify set size:undefined disposed:false
239 silly fetch manifest is-docker@4.0.0
240 silly packumentCache full:https://registry.npmjs.org/is-docker cache-miss
241 http fetch GET 200 https://registry.npmjs.org/fastest-levenshtein 443ms (cache miss)
242 silly packumentCache full:https://registry.npmjs.org/fastest-levenshtein set size:undefined disposed:false
243 silly fetch manifest is-stream@4.0.1
244 silly packumentCache full:https://registry.npmjs.org/is-stream cache-miss
245 http fetch GET 200 https://registry.npmjs.org/https-proxy-agent 182ms (cache updated)
246 silly packumentCache full:https://registry.npmjs.org/https-proxy-agent set size:undefined disposed:false
247 silly fetch manifest is-wsl@3.1.0
248 silly packumentCache full:https://registry.npmjs.org/is-wsl cache-miss
249 http fetch GET 200 https://registry.npmjs.org/http-proxy-middleware 230ms (cache miss)
250 silly packumentCache full:https://registry.npmjs.org/http-proxy-middleware set size:undefined disposed:false
251 silly fetch manifest isexe@4.0.0
252 silly packumentCache full:https://registry.npmjs.org/isexe cache-miss
253 http fetch GET 200 https://registry.npmjs.org/git-repo-info 353ms (cache miss)
254 silly packumentCache full:https://registry.npmjs.org/git-repo-info set size:undefined disposed:false
255 silly fetch manifest jsonwebtoken@9.0.3
256 silly packumentCache full:https://registry.npmjs.org/jsonwebtoken cache-miss
257 http fetch GET 200 https://registry.npmjs.org/is-docker 137ms (cache miss)
258 silly packumentCache full:https://registry.npmjs.org/is-docker set size:undefined disposed:false
259 silly fetch manifest jwt-decode@4.0.0
260 silly packumentCache full:https://registry.npmjs.org/jwt-decode cache-miss
261 http fetch GET 200 https://registry.npmjs.org/inquirer-autocomplete-prompt 223ms (cache miss)
262 silly packumentCache full:https://registry.npmjs.org/inquirer-autocomplete-prompt set size:undefined disposed:false
263 silly fetch manifest lambda-local@2.2.0
264 silly packumentCache full:https://registry.npmjs.org/lambda-local cache-miss
265 http fetch GET 200 https://registry.npmjs.org/is-stream 125ms (cache miss)
266 silly packumentCache full:https://registry.npmjs.org/is-stream set size:undefined disposed:false
267 silly fetch manifest locate-path@8.0.0
268 silly packumentCache full:https://registry.npmjs.org/locate-path cache-miss
269 http fetch GET 200 https://registry.npmjs.org/inquirer 295ms (cache miss)
270 silly packumentCache full:https://registry.npmjs.org/inquirer set size:undefined disposed:false
271 silly fetch manifest lodash@4.17.23
272 silly packumentCache full:https://registry.npmjs.org/lodash cache-miss
273 http fetch GET 200 https://registry.npmjs.org/jsonwebtoken 141ms (cache miss)
274 silly packumentCache full:https://registry.npmjs.org/jsonwebtoken set size:undefined disposed:false
275 silly fetch manifest log-update@7.2.0
276 silly packumentCache full:https://registry.npmjs.org/log-update cache-miss
277 http fetch GET 200 https://registry.npmjs.org/isexe 164ms (cache revalidated)
278 silly packumentCache full:https://registry.npmjs.org/isexe set size:31756 disposed:false
279 silly fetch manifest maxstache@1.0.7
280 silly packumentCache full:https://registry.npmjs.org/maxstache cache-miss
281 http fetch GET 200 https://registry.npmjs.org/is-wsl 248ms (cache miss)
282 silly packumentCache full:https://registry.npmjs.org/is-wsl set size:undefined disposed:false
283 silly fetch manifest maxstache-stream@1.0.4
284 silly packumentCache full:https://registry.npmjs.org/maxstache-stream cache-miss
285 http fetch GET 200 https://registry.npmjs.org/locate-path 155ms (cache miss)
286 silly packumentCache full:https://registry.npmjs.org/locate-path set size:undefined disposed:false
287 silly fetch manifest modern-tar@0.7.5
288 silly packumentCache full:https://registry.npmjs.org/modern-tar cache-miss
289 http fetch GET 200 https://registry.npmjs.org/jwt-decode 200ms (cache miss)
290 silly packumentCache full:https://registry.npmjs.org/jwt-decode set size:undefined disposed:false
291 silly fetch manifest multiparty@4.2.3
292 silly packumentCache full:https://registry.npmjs.org/multiparty cache-miss
293 http fetch GET 200 https://registry.npmjs.org/lambda-local 210ms (cache miss)
294 silly packumentCache full:https://registry.npmjs.org/lambda-local set size:undefined disposed:false
295 silly fetch manifest nanospinner@1.2.2
296 silly packumentCache full:https://registry.npmjs.org/nanospinner cache-miss
297 http fetch GET 200 https://registry.npmjs.org/log-update 119ms (cache miss)
298 silly packumentCache full:https://registry.npmjs.org/log-update set size:undefined disposed:false
299 silly fetch manifest netlify-redirector@0.5.0
300 silly packumentCache full:https://registry.npmjs.org/netlify-redirector cache-miss
301 http fetch GET 200 https://registry.npmjs.org/lodash 187ms (cache updated)
302 silly packumentCache full:https://registry.npmjs.org/lodash set size:undefined disposed:false
303 silly fetch manifest node-fetch@3.3.2
304 silly packumentCache full:https://registry.npmjs.org/node-fetch cache-miss
305 http fetch GET 200 https://registry.npmjs.org/modern-tar 101ms (cache miss)
306 silly packumentCache full:https://registry.npmjs.org/modern-tar set size:undefined disposed:false
307 silly fetch manifest normalize-package-data@7.0.1
308 silly packumentCache full:https://registry.npmjs.org/normalize-package-data cache-miss
309 http fetch GET 200 https://registry.npmjs.org/maxstache-stream 152ms (cache miss)
310 silly packumentCache full:https://registry.npmjs.org/maxstache-stream set size:undefined disposed:false
311 silly fetch manifest open@11.0.0
312 silly packumentCache full:https://registry.npmjs.org/open cache-miss
313 http fetch GET 200 https://registry.npmjs.org/maxstache 203ms (cache miss)
314 silly packumentCache full:https://registry.npmjs.org/maxstache set size:undefined disposed:false
315 silly fetch manifest p-filter@4.1.0
316 silly packumentCache full:https://registry.npmjs.org/p-filter cache-miss
317 http fetch GET 200 https://registry.npmjs.org/nanospinner 105ms (cache miss)
318 silly packumentCache full:https://registry.npmjs.org/nanospinner set size:undefined disposed:false
319 silly fetch manifest p-map@7.0.3
320 silly packumentCache full:https://registry.npmjs.org/p-map cache-miss
321 http fetch GET 200 https://registry.npmjs.org/multiparty 144ms (cache miss)
322 silly packumentCache full:https://registry.npmjs.org/multiparty set size:undefined disposed:false
323 silly fetch manifest p-wait-for@6.0.0
324 silly packumentCache full:https://registry.npmjs.org/p-wait-for cache-miss
325 http fetch GET 200 https://registry.npmjs.org/netlify-redirector 172ms (cache miss)
326 silly packumentCache full:https://registry.npmjs.org/netlify-redirector set size:undefined disposed:false
327 silly fetch manifest parallel-transform@1.2.0
328 silly packumentCache full:https://registry.npmjs.org/parallel-transform cache-miss
329 http fetch GET 200 https://registry.npmjs.org/normalize-package-data 136ms (cache miss)
330 silly packumentCache full:https://registry.npmjs.org/normalize-package-data set size:undefined disposed:false
331 silly fetch manifest parse-github-url@1.0.3
332 silly packumentCache full:https://registry.npmjs.org/parse-github-url cache-miss
333 http fetch GET 200 https://registry.npmjs.org/p-map 117ms (cache revalidated)
334 silly packumentCache full:https://registry.npmjs.org/p-map set size:52373 disposed:false
335 silly fetch manifest pg@8.20.0
336 silly packumentCache full:https://registry.npmjs.org/pg cache-miss
337 http fetch GET 200 https://registry.npmjs.org/open 142ms (cache miss)
338 silly packumentCache full:https://registry.npmjs.org/open set size:undefined disposed:false
339 silly fetch manifest prettyjson@1.2.5
340 silly packumentCache full:https://registry.npmjs.org/prettyjson cache-miss
341 http fetch GET 200 https://registry.npmjs.org/parallel-transform 83ms (cache miss)
342 silly packumentCache full:https://registry.npmjs.org/parallel-transform set size:undefined disposed:false
343 silly fetch manifest raw-body@3.0.1
344 silly packumentCache full:https://registry.npmjs.org/raw-body cache-miss
345 http fetch GET 200 https://registry.npmjs.org/node-fetch 243ms (cache miss)
346 silly packumentCache full:https://registry.npmjs.org/node-fetch set size:undefined disposed:false
347 silly fetch manifest read-package-up@12.0.0
348 silly packumentCache full:https://registry.npmjs.org/read-package-up cache-miss
349 http fetch GET 200 https://registry.npmjs.org/parse-github-url 123ms (cache miss)
350 silly packumentCache full:https://registry.npmjs.org/parse-github-url set size:undefined disposed:false
351 silly fetch manifest readdirp@4.1.2
352 silly packumentCache full:https://registry.npmjs.org/readdirp cache-miss
353 http fetch GET 200 https://registry.npmjs.org/p-wait-for 213ms (cache miss)
354 silly packumentCache full:https://registry.npmjs.org/p-wait-for set size:undefined disposed:false
355 silly fetch manifest semver@7.7.2
356 silly packumentCache full:https://registry.npmjs.org/semver cache-miss
357 http cache https://registry.npmjs.org/semver 29ms (cache hit)
358 silly packumentCache full:https://registry.npmjs.org/semver set size:229620 disposed:false
359 silly fetch manifest source-map-support@0.5.21
360 silly packumentCache full:https://registry.npmjs.org/source-map-support cache-miss
361 http fetch GET 200 https://registry.npmjs.org/pg 180ms (cache miss)
362 silly packumentCache full:https://registry.npmjs.org/pg set size:undefined disposed:false
363 silly fetch manifest terminal-link@5.0.0
364 silly packumentCache full:https://registry.npmjs.org/terminal-link cache-miss
365 http fetch GET 200 https://registry.npmjs.org/read-package-up 143ms (cache miss)
366 silly packumentCache full:https://registry.npmjs.org/read-package-up set size:undefined disposed:false
367 silly fetch manifest toml@3.0.0
368 silly packumentCache full:https://registry.npmjs.org/toml cache-miss
369 http fetch GET 200 https://registry.npmjs.org/p-filter 369ms (cache miss)
370 silly packumentCache full:https://registry.npmjs.org/p-filter set size:undefined disposed:false
371 silly fetch manifest tomlify-j0.4@3.0.0
372 silly packumentCache full:https://registry.npmjs.org/tomlify-j0.4 cache-miss
373 http fetch GET 200 https://registry.npmjs.org/prettyjson 234ms (cache miss)
374 silly packumentCache full:https://registry.npmjs.org/prettyjson set size:undefined disposed:false
375 silly fetch manifest ulid@3.0.1
376 silly packumentCache full:https://registry.npmjs.org/ulid cache-miss
377 http fetch GET 200 https://registry.npmjs.org/readdirp 169ms (cache miss)
378 silly packumentCache full:https://registry.npmjs.org/readdirp set size:undefined disposed:false
379 silly fetch manifest update-notifier@7.3.1
380 silly packumentCache full:https://registry.npmjs.org/update-notifier cache-miss
381 http fetch GET 200 https://registry.npmjs.org/raw-body 231ms (cache updated)
382 silly packumentCache full:https://registry.npmjs.org/raw-body set size:undefined disposed:false
383 silly fetch manifest uuid@13.0.0
384 silly packumentCache full:https://registry.npmjs.org/uuid cache-miss
385 http fetch GET 200 https://registry.npmjs.org/source-map-support 136ms (cache miss)
386 silly packumentCache full:https://registry.npmjs.org/source-map-support set size:undefined disposed:false
387 silly fetch manifest write-file-atomic@5.0.1
388 silly packumentCache full:https://registry.npmjs.org/write-file-atomic cache-miss
389 http fetch GET 200 https://registry.npmjs.org/terminal-link 120ms (cache miss)
390 silly packumentCache full:https://registry.npmjs.org/terminal-link set size:undefined disposed:false
391 silly fetch manifest ws@8.19.0
392 silly packumentCache full:https://registry.npmjs.org/ws cache-miss
393 http fetch GET 200 https://registry.npmjs.org/toml 110ms (cache miss)
394 silly packumentCache full:https://registry.npmjs.org/toml set size:undefined disposed:false
395 http cache https://registry.npmjs.org/ws 29ms (cache hit)
396 silly packumentCache full:https://registry.npmjs.org/ws set size:415737 disposed:false
397 http fetch GET 200 https://registry.npmjs.org/uuid 112ms (cache revalidated)
398 silly packumentCache full:https://registry.npmjs.org/uuid set size:224608 disposed:false
399 http fetch GET 200 https://registry.npmjs.org/update-notifier 137ms (cache miss)
400 silly packumentCache full:https://registry.npmjs.org/update-notifier set size:undefined disposed:false
401 http fetch GET 200 https://registry.npmjs.org/write-file-atomic 124ms (cache miss)
402 silly packumentCache full:https://registry.npmjs.org/write-file-atomic set size:undefined disposed:false
403 http fetch GET 200 https://registry.npmjs.org/ulid 182ms (cache miss)
404 silly packumentCache full:https://registry.npmjs.org/ulid set size:undefined disposed:false
405 http fetch GET 200 https://registry.npmjs.org/tomlify-j0.4 340ms (cache miss)
406 silly packumentCache full:https://registry.npmjs.org/tomlify-j0.4 set size:undefined disposed:false
407 silly reify moves {}
408 http cache netlify-cli@https://registry.npmjs.org/netlify-cli/-/netlify-cli-24.5.0.tgz 1ms (cache hit)
409 silly tarball no local data for netlify-cli@https://registry.npmjs.org/netlify-cli/-/netlify-cli-24.5.0.tgz. Extracting by manifest.
410 http fetch GET 200 https://registry.npmjs.org/netlify-cli/-/netlify-cli-24.5.0.tgz 2672ms (cache miss)
411 silly packumentCache corgi:https://registry.npmjs.org/@parcel%2fwatcher-wasm cache-miss
412 http fetch GET 200 https://registry.npmjs.org/@parcel%2fwatcher-wasm 368ms (cache miss)
413 silly packumentCache corgi:https://registry.npmjs.org/@parcel%2fwatcher-wasm set size:undefined disposed:false
414 http fetch GET 200 https://registry.npmjs.org/@parcel/watcher-wasm/-/watcher-wasm-2.5.1.tgz 310ms (cache miss)
415 silly packumentCache corgi:https://registry.npmjs.org/zod cache-miss
416 silly packumentCache corgi:https://registry.npmjs.org/zip-stream cache-miss
417 silly packumentCache corgi:https://registry.npmjs.org/yocto-queue cache-miss
418 silly packumentCache corgi:https://registry.npmjs.org/yn cache-miss
419 silly packumentCache corgi:https://registry.npmjs.org/yauzl cache-miss
420 silly packumentCache corgi:https://registry.npmjs.org/yargs-parser cache-miss
421 silly packumentCache corgi:https://registry.npmjs.org/yargs cache-miss
422 silly packumentCache corgi:https://registry.npmjs.org/y18n cache-miss
423 silly packumentCache corgi:https://registry.npmjs.org/yaml cache-miss
424 silly packumentCache corgi:https://registry.npmjs.org/xtend cache-miss
425 silly packumentCache corgi:https://registry.npmjs.org/xss cache-miss
426 silly packumentCache corgi:https://registry.npmjs.org/xdg-basedir cache-miss
427 silly packumentCache corgi:https://registry.npmjs.org/wsl-utils cache-miss
428 silly packumentCache corgi:https://registry.npmjs.org/write-file-atomic cache-miss
429 silly packumentCache corgi:https://registry.npmjs.org/wrappy cache-miss
430 http cache ws@https://registry.npmjs.org/ws/-/ws-8.19.0.tgz 0ms (cache hit)
431 silly packumentCache corgi:https://registry.npmjs.org/wrap-ansi cache-miss
432 silly packumentCache corgi:https://registry.npmjs.org/winston-transport cache-miss
433 silly packumentCache corgi:https://registry.npmjs.org/wrap-ansi cache-miss
434 silly packumentCache corgi:https://registry.npmjs.org/winston cache-miss
435 silly packumentCache corgi:https://registry.npmjs.org/windows-release cache-miss
436 silly packumentCache corgi:https://registry.npmjs.org/which cache-miss
437 silly packumentCache corgi:https://registry.npmjs.org/widest-line cache-miss
438 silly packumentCache corgi:https://registry.npmjs.org/when-exit cache-miss
439 silly packumentCache corgi:https://registry.npmjs.org/whatwg-url cache-miss
440 silly packumentCache corgi:https://registry.npmjs.org/webidl-conversions cache-miss
441 silly packumentCache corgi:https://registry.npmjs.org/web-streams-polyfill cache-miss
442 silly packumentCache corgi:https://registry.npmjs.org/wcwidth cache-miss
443 silly packumentCache corgi:https://registry.npmjs.org/validate-npm-package-name cache-miss
444 silly packumentCache corgi:https://registry.npmjs.org/vary cache-miss
445 silly packumentCache corgi:https://registry.npmjs.org/validate-npm-package-license cache-miss
446 silly packumentCache corgi:https://registry.npmjs.org/v8-compile-cache-lib cache-miss
447 silly packumentCache corgi:https://registry.npmjs.org/uuid cache-miss
448 silly packumentCache corgi:https://registry.npmjs.org/urlpattern-polyfill cache-miss
449 silly packumentCache corgi:https://registry.npmjs.org/uqr cache-miss
450 silly packumentCache corgi:https://registry.npmjs.org/update-notifier cache-miss
451 silly packumentCache corgi:https://registry.npmjs.org/untun cache-miss
452 silly packumentCache corgi:https://registry.npmjs.org/untildify cache-miss
453 silly packumentCache corgi:https://registry.npmjs.org/util-deprecate cache-miss
454 silly packumentCache corgi:https://registry.npmjs.org/unstorage cache-miss
455 silly packumentCache corgi:https://registry.npmjs.org/unpipe cache-miss
456 silly packumentCache corgi:https://registry.npmjs.org/unixify cache-miss
457 silly packumentCache corgi:https://registry.npmjs.org/unix-dgram cache-miss
458 silly packumentCache corgi:https://registry.npmjs.org/universal-user-agent cache-miss
459 silly packumentCache corgi:https://registry.npmjs.org/undici-types cache-miss
460 silly packumentCache corgi:https://registry.npmjs.org/unicorn-magic cache-miss
461 silly packumentCache corgi:https://registry.npmjs.org/uncrypto cache-miss
462 silly packumentCache corgi:https://registry.npmjs.org/ulid cache-miss
463 silly packumentCache corgi:https://registry.npmjs.org/uid-safe cache-miss
464 silly packumentCache corgi:https://registry.npmjs.org/ufo cache-miss
465 silly packumentCache corgi:https://registry.npmjs.org/typescript cache-miss
466 silly packumentCache corgi:https://registry.npmjs.org/type-fest cache-miss
467 silly packumentCache corgi:https://registry.npmjs.org/tslib cache-miss
468 silly packumentCache corgi:https://registry.npmjs.org/ts-node cache-miss
469 silly packumentCache corgi:https://registry.npmjs.org/ts-api-utils cache-miss
470 silly packumentCache corgi:https://registry.npmjs.org/triple-beam cache-miss
471 silly packumentCache corgi:https://registry.npmjs.org/tr46 cache-miss
472 silly packumentCache corgi:https://registry.npmjs.org/tomlify-j0.4 cache-miss
473 silly packumentCache corgi:https://registry.npmjs.org/toml cache-miss
474 silly packumentCache corgi:https://registry.npmjs.org/toidentifier cache-miss
475 silly packumentCache corgi:https://registry.npmjs.org/toad-cache cache-miss
476 silly packumentCache corgi:https://registry.npmjs.org/to-regex-range cache-miss
477 silly packumentCache corgi:https://registry.npmjs.org/tmp-promise cache-miss
478 silly packumentCache corgi:https://registry.npmjs.org/tmp cache-miss
479 silly packumentCache corgi:https://registry.npmjs.org/through2 cache-miss
480 silly packumentCache corgi:https://registry.npmjs.org/through cache-miss
481 silly packumentCache corgi:https://registry.npmjs.org/thread-stream cache-miss
482 silly packumentCache corgi:https://registry.npmjs.org/text-hex cache-miss
483 silly packumentCache corgi:https://registry.npmjs.org/text-decoder cache-miss
484 silly packumentCache corgi:https://registry.npmjs.org/terminal-link cache-miss
485 silly packumentCache corgi:https://registry.npmjs.org/tar-stream cache-miss
486 http cache tar@https://registry.npmjs.org/tar/-/tar-7.5.12.tgz 0ms (cache hit)
487 silly packumentCache corgi:https://registry.npmjs.org/tagged-tag cache-miss
488 silly packumentCache corgi:https://registry.npmjs.org/system-architecture cache-miss
489 silly packumentCache corgi:https://registry.npmjs.org/supports-preserve-symlinks-flag cache-miss
490 http cache svgo@https://registry.npmjs.org/svgo/-/svgo-4.0.1.tgz 0ms (cache hit)
491 silly packumentCache corgi:https://registry.npmjs.org/supports-hyperlinks cache-miss
492 silly packumentCache corgi:https://registry.npmjs.org/stubborn-fs cache-miss
493 silly packumentCache corgi:https://registry.npmjs.org/supports-color cache-miss
494 silly packumentCache corgi:https://registry.npmjs.org/strip-final-newline cache-miss
495 silly packumentCache corgi:https://registry.npmjs.org/strip-ansi cache-miss
496 silly packumentCache corgi:https://registry.npmjs.org/string-width cache-miss
497 silly packumentCache corgi:https://registry.npmjs.org/string-width cache-miss
498 silly packumentCache corgi:https://registry.npmjs.org/string_decoder cache-miss
499 silly packumentCache corgi:https://registry.npmjs.org/streamx cache-miss
500 silly packumentCache corgi:https://registry.npmjs.org/std-env cache-miss
501 silly packumentCache corgi:https://registry.npmjs.org/stackframe cache-miss
502 silly packumentCache corgi:https://registry.npmjs.org/statuses cache-miss
503 silly packumentCache corgi:https://registry.npmjs.org/strip-ansi cache-miss
504 silly packumentCache corgi:https://registry.npmjs.org/stack-trace cache-miss
505 silly packumentCache corgi:https://registry.npmjs.org/stack-generator cache-miss
506 silly packumentCache corgi:https://registry.npmjs.org/split2 cache-miss
507 silly packumentCache corgi:https://registry.npmjs.org/spdx-license-ids cache-miss
508 silly packumentCache corgi:https://registry.npmjs.org/spdx-expression-parse cache-miss
509 silly packumentCache corgi:https://registry.npmjs.org/spdx-exceptions cache-miss
510 silly packumentCache corgi:https://registry.npmjs.org/spdx-correct cache-miss
511 silly packumentCache corgi:https://registry.npmjs.org/source-map-support cache-miss
512 silly packumentCache corgi:https://registry.npmjs.org/source-map-js cache-miss
513 silly packumentCache corgi:https://registry.npmjs.org/source-map cache-miss
514 silly packumentCache corgi:https://registry.npmjs.org/sonic-boom cache-miss
515 http cache slice-ansi@https://registry.npmjs.org/slice-ansi/-/slice-ansi-8.0.0.tgz 1ms (cache hit)
516 silly packumentCache corgi:https://registry.npmjs.org/slashes cache-miss
517 silly packumentCache corgi:https://registry.npmjs.org/slash cache-miss
518 silly packumentCache corgi:https://registry.npmjs.org/simple-swizzle cache-miss
519 silly packumentCache corgi:https://registry.npmjs.org/signal-exit cache-miss
520 silly packumentCache corgi:https://registry.npmjs.org/side-channel-list cache-miss
521 silly packumentCache corgi:https://registry.npmjs.org/side-channel cache-miss
522 silly packumentCache corgi:https://registry.npmjs.org/shebang-regex cache-miss
523 silly packumentCache corgi:https://registry.npmjs.org/side-channel-map cache-miss
524 silly packumentCache corgi:https://registry.npmjs.org/shebang-command cache-miss
525 silly packumentCache corgi:https://registry.npmjs.org/side-channel-weakmap cache-miss
526 silly packumentCache corgi:https://registry.npmjs.org/sharp cache-miss
527 silly packumentCache corgi:https://registry.npmjs.org/setprototypeof cache-miss
528 silly packumentCache corgi:https://registry.npmjs.org/set-error-message cache-miss
529 silly packumentCache corgi:https://registry.npmjs.org/set-cookie-parser cache-miss
530 silly packumentCache corgi:https://registry.npmjs.org/semver cache-miss
531 silly packumentCache corgi:https://registry.npmjs.org/secure-json-parse cache-miss
532 http cache sax@https://registry.npmjs.org/sax/-/sax-1.5.0.tgz 1ms (cache hit)
533 silly packumentCache corgi:https://registry.npmjs.org/safer-buffer cache-miss
534 silly packumentCache corgi:https://registry.npmjs.org/safe-stable-stringify cache-miss
535 silly packumentCache corgi:https://registry.npmjs.org/safe-regex2 cache-miss
536 silly packumentCache corgi:https://registry.npmjs.org/safe-json-stringify cache-miss
537 silly packumentCache corgi:https://registry.npmjs.org/safe-buffer cache-miss
538 silly packumentCache corgi:https://registry.npmjs.org/rxjs cache-miss
539 silly packumentCache corgi:https://registry.npmjs.org/run-parallel cache-miss
540 silly packumentCache corgi:https://registry.npmjs.org/run-async cache-miss
541 silly packumentCache corgi:https://registry.npmjs.org/run-applescript cache-miss
542 silly packumentCache corgi:https://registry.npmjs.org/router cache-miss
543 http cache rollup@https://registry.npmjs.org/rollup/-/rollup-4.59.0.tgz 0ms (cache hit)
544 silly packumentCache corgi:https://registry.npmjs.org/rfdc cache-miss
545 silly packumentCache corgi:https://registry.npmjs.org/retry cache-miss
546 silly packumentCache corgi:https://registry.npmjs.org/reusify cache-miss
547 silly packumentCache corgi:https://registry.npmjs.org/ret cache-miss
548 silly packumentCache corgi:https://registry.npmjs.org/restore-cursor cache-miss
549 silly packumentCache corgi:https://registry.npmjs.org/resolve-from cache-miss
550 silly packumentCache corgi:https://registry.npmjs.org/requires-port cache-miss
551 silly packumentCache corgi:https://registry.npmjs.org/resolve cache-miss
552 silly packumentCache corgi:https://registry.npmjs.org/require-package-name cache-miss
553 silly packumentCache corgi:https://registry.npmjs.org/require-from-string cache-miss
554 silly packumentCache corgi:https://registry.npmjs.org/require-in-the-middle cache-miss
555 silly packumentCache corgi:https://registry.npmjs.org/require-directory cache-miss
556 silly packumentCache corgi:https://registry.npmjs.org/remove-trailing-separator cache-miss
557 silly packumentCache corgi:https://registry.npmjs.org/registry-auth-token cache-miss
558 silly packumentCache corgi:https://registry.npmjs.org/real-require cache-miss
559 silly packumentCache corgi:https://registry.npmjs.org/registry-url cache-miss
560 silly packumentCache corgi:https://registry.npmjs.org/readdirp cache-miss
561 silly packumentCache corgi:https://registry.npmjs.org/readdir-glob cache-miss
562 silly packumentCache corgi:https://registry.npmjs.org/read-package-up cache-miss
563 silly packumentCache corgi:https://registry.npmjs.org/read-pkg cache-miss
564 silly packumentCache corgi:https://registry.npmjs.org/rc cache-miss
565 silly packumentCache corgi:https://registry.npmjs.org/range-parser cache-miss
566 silly packumentCache corgi:https://registry.npmjs.org/raw-body cache-miss
567 silly packumentCache corgi:https://registry.npmjs.org/readable-stream cache-miss
568 silly packumentCache corgi:https://registry.npmjs.org/random-bytes cache-miss
569 silly packumentCache corgi:https://registry.npmjs.org/radix3 cache-miss
570 silly packumentCache corgi:https://registry.npmjs.org/quote-unquote cache-miss
571 silly packumentCache corgi:https://registry.npmjs.org/quick-format-unescaped cache-miss
572 silly packumentCache corgi:https://registry.npmjs.org/qs cache-miss
573 silly packumentCache corgi:https://registry.npmjs.org/queue-microtask cache-miss
574 silly packumentCache corgi:https://registry.npmjs.org/pupa cache-miss
575 silly packumentCache corgi:https://registry.npmjs.org/pump cache-miss
576 silly packumentCache corgi:https://registry.npmjs.org/ps-list cache-miss
577 silly packumentCache corgi:https://registry.npmjs.org/proxy-addr cache-miss
578 silly packumentCache corgi:https://registry.npmjs.org/proto-list cache-miss
579 silly packumentCache corgi:https://registry.npmjs.org/process-warning cache-miss
580 silly packumentCache corgi:https://registry.npmjs.org/process cache-miss
581 silly packumentCache corgi:https://registry.npmjs.org/process-nextick-args cache-miss
582 silly packumentCache corgi:https://registry.npmjs.org/prettyjson cache-miss
583 silly packumentCache corgi:https://registry.npmjs.org/pretty-ms cache-miss
584 silly packumentCache corgi:https://registry.npmjs.org/precond cache-miss
585 silly packumentCache corgi:https://registry.npmjs.org/precinct cache-miss
586 silly packumentCache corgi:https://registry.npmjs.org/powershell-utils cache-miss
587 http cache postgres-interval@https://registry.npmjs.org/postgres-interval/-/postgres-interval-1.2.0.tgz 0ms (cache hit)
588 http cache postgres-bytea@https://registry.npmjs.org/postgres-bytea/-/postgres-bytea-1.0.1.tgz 0ms (cache hit)
589 http cache postgres-date@https://registry.npmjs.org/postgres-date/-/postgres-date-1.0.7.tgz 0ms (cache hit)
590 http cache postgres-array@https://registry.npmjs.org/postgres-array/-/postgres-array-2.0.0.tgz 0ms (cache hit)
591 silly packumentCache corgi:https://registry.npmjs.org/postcss-values-parser cache-miss
592 silly packumentCache corgi:https://registry.npmjs.org/postcss cache-miss
593 silly packumentCache corgi:https://registry.npmjs.org/pkg-types cache-miss
594 silly packumentCache corgi:https://registry.npmjs.org/pino-std-serializers cache-miss
595 silly packumentCache corgi:https://registry.npmjs.org/pino cache-miss
596 silly packumentCache corgi:https://registry.npmjs.org/picoquery cache-miss
597 silly packumentCache corgi:https://registry.npmjs.org/picocolors cache-miss
598 http cache pgpass@https://registry.npmjs.org/pgpass/-/pgpass-1.0.5.tgz 0ms (cache hit)
599 silly packumentCache corgi:https://registry.npmjs.org/picomatch cache-miss
600 http cache pg-types@https://registry.npmjs.org/pg-types/-/pg-types-2.2.0.tgz 0ms (cache hit)
601 http cache pg-pool@https://registry.npmjs.org/pg-pool/-/pg-pool-3.13.0.tgz 1ms (cache hit)
602 http cache pg-int8@https://registry.npmjs.org/pg-int8/-/pg-int8-1.0.1.tgz 0ms (cache hit)
603 http cache pg-gateway@https://registry.npmjs.org/pg-gateway/-/pg-gateway-0.3.0-beta.4.tgz 0ms (cache hit)
604 http cache pg-connection-string@https://registry.npmjs.org/pg-connection-string/-/pg-connection-string-2.12.0.tgz 0ms (cache hit)
605 http cache pg-protocol@https://registry.npmjs.org/pg-protocol/-/pg-protocol-1.13.0.tgz 0ms (cache hit)
606 http cache pg-cloudflare@https://registry.npmjs.org/pg-cloudflare/-/pg-cloudflare-1.3.0.tgz 0ms (cache hit)
607 http cache pg@https://registry.npmjs.org/pg/-/pg-8.20.0.tgz 0ms (cache hit)
608 silly packumentCache corgi:https://registry.npmjs.org/pend cache-miss
609 silly packumentCache corgi:https://registry.npmjs.org/path-type cache-miss
610 silly packumentCache corgi:https://registry.npmjs.org/pathe cache-miss
611 silly packumentCache corgi:https://registry.npmjs.org/path-scurry cache-miss
612 silly packumentCache corgi:https://registry.npmjs.org/path-parse cache-miss
613 silly packumentCache corgi:https://registry.npmjs.org/path-key cache-miss
614 silly packumentCache corgi:https://registry.npmjs.org/path-exists cache-miss
615 silly packumentCache corgi:https://registry.npmjs.org/parseurl cache-miss
616 silly packumentCache corgi:https://registry.npmjs.org/parse-ms cache-miss
617 silly packumentCache corgi:https://registry.npmjs.org/parse-json cache-miss
618 silly packumentCache corgi:https://registry.npmjs.org/parse-imports cache-miss
619 silly packumentCache corgi:https://registry.npmjs.org/parse-gitignore cache-miss
620 silly packumentCache corgi:https://registry.npmjs.org/parse-github-url cache-miss
621 silly packumentCache corgi:https://registry.npmjs.org/parallel-transform cache-miss
622 silly packumentCache corgi:https://registry.npmjs.org/package-json-from-dist cache-miss
623 silly packumentCache corgi:https://registry.npmjs.org/package-json cache-miss
624 silly packumentCache corgi:https://registry.npmjs.org/package-directory cache-miss
625 silly packumentCache corgi:https://registry.npmjs.org/p-wait-for cache-miss
626 silly packumentCache corgi:https://registry.npmjs.org/p-retry cache-miss
627 silly packumentCache corgi:https://registry.npmjs.org/p-reduce cache-miss
628 silly packumentCache corgi:https://registry.npmjs.org/p-map cache-miss
629 silly packumentCache corgi:https://registry.npmjs.org/p-locate cache-miss
630 silly packumentCache corgi:https://registry.npmjs.org/p-limit cache-miss
631 silly packumentCache corgi:https://registry.npmjs.org/p-filter cache-miss
632 silly packumentCache corgi:https://registry.npmjs.org/p-event cache-miss
633 silly packumentCache corgi:https://registry.npmjs.org/os-name cache-miss
634 silly packumentCache corgi:https://registry.npmjs.org/ora cache-miss
635 silly packumentCache corgi:https://registry.npmjs.org/open cache-miss
636 silly packumentCache corgi:https://registry.npmjs.org/onetime cache-miss
637 silly packumentCache corgi:https://registry.npmjs.org/one-time cache-miss
638 silly packumentCache corgi:https://registry.npmjs.org/once cache-miss
639 silly packumentCache corgi:https://registry.npmjs.org/on-headers cache-miss
640 silly packumentCache corgi:https://registry.npmjs.org/on-finished cache-miss
641 silly packumentCache corgi:https://registry.npmjs.org/object-inspect cache-miss
642 silly packumentCache corgi:https://registry.npmjs.org/on-exit-leak-free cache-miss
643 silly packumentCache corgi:https://registry.npmjs.org/nth-check cache-miss
644 silly packumentCache corgi:https://registry.npmjs.org/npm-run-path cache-miss
645 silly packumentCache corgi:https://registry.npmjs.org/normalize-path cache-miss
646 silly packumentCache corgi:https://registry.npmjs.org/omit.js cache-miss
647 silly packumentCache corgi:https://registry.npmjs.org/normalize-exception cache-miss
648 silly packumentCache corgi:https://registry.npmjs.org/normalize-package-data cache-miss
649 silly packumentCache corgi:https://registry.npmjs.org/nopt cache-miss
650 silly packumentCache corgi:https://registry.npmjs.org/node-stream-zip cache-miss
651 silly packumentCache corgi:https://registry.npmjs.org/node-source-walk cache-miss
652 silly packumentCache corgi:https://registry.npmjs.org/ofetch cache-miss
653 silly packumentCache corgi:https://registry.npmjs.org/node-gyp-build cache-miss
654 silly packumentCache corgi:https://registry.npmjs.org/node-mock-http cache-miss
655 silly packumentCache corgi:https://registry.npmjs.org/node-forge cache-miss
656 silly packumentCache corgi:https://registry.npmjs.org/node-fetch-native cache-miss
657 silly packumentCache corgi:https://registry.npmjs.org/node-fetch cache-miss
658 silly packumentCache corgi:https://registry.npmjs.org/node-domexception cache-miss
659 silly packumentCache corgi:https://registry.npmjs.org/node-addon-api cache-miss
660 silly packumentCache corgi:https://registry.npmjs.org/netlify-redirector cache-miss
661 silly packumentCache corgi:https://registry.npmjs.org/nanospinner cache-miss
662 silly packumentCache corgi:https://registry.npmjs.org/nan cache-miss
663 silly packumentCache corgi:https://registry.npmjs.org/nanoid cache-miss
664 silly packumentCache corgi:https://registry.npmjs.org/mute-stream cache-miss
665 silly packumentCache corgi:https://registry.npmjs.org/multiparty cache-miss
666 silly packumentCache corgi:https://registry.npmjs.org/ms cache-miss
667 silly packumentCache corgi:https://registry.npmjs.org/move-file cache-miss
668 silly packumentCache corgi:https://registry.npmjs.org/module-details-from-path cache-miss
669 silly packumentCache corgi:https://registry.npmjs.org/module-definition cache-miss
670 http cache modern-tar@https://registry.npmjs.org/modern-tar/-/modern-tar-0.7.5.tgz 1ms (cache hit)
671 silly packumentCache corgi:https://registry.npmjs.org/mlly cache-miss
672 silly packumentCache corgi:https://registry.npmjs.org/minizlib cache-miss
673 silly packumentCache corgi:https://registry.npmjs.org/minimist cache-miss
674 silly packumentCache corgi:https://registry.npmjs.org/minipass cache-miss
675 http cache minimatch@https://registry.npmjs.org/minimatch/-/minimatch-9.0.9.tgz 0ms (cache hit)
676 silly packumentCache corgi:https://registry.npmjs.org/mimic-function cache-miss
677 silly packumentCache corgi:https://registry.npmjs.org/mimic-fn cache-miss
678 silly packumentCache corgi:https://registry.npmjs.org/mime cache-miss
679 silly packumentCache corgi:https://registry.npmjs.org/micromatch cache-miss
680 silly packumentCache corgi:https://registry.npmjs.org/micro-memoize cache-miss
681 silly packumentCache corgi:https://registry.npmjs.org/merge2 cache-miss
682 silly packumentCache corgi:https://registry.npmjs.org/merge-stream cache-miss
683 silly packumentCache corgi:https://registry.npmjs.org/merge-options cache-miss
684 silly packumentCache corgi:https://registry.npmjs.org/memoize-one cache-miss
685 silly packumentCache corgi:https://registry.npmjs.org/mdn-data cache-miss
686 silly packumentCache corgi:https://registry.npmjs.org/maxstache-stream cache-miss
687 silly packumentCache corgi:https://registry.npmjs.org/maxstache cache-miss
688 silly packumentCache corgi:https://registry.npmjs.org/math-intrinsics cache-miss
689 silly packumentCache corgi:https://registry.npmjs.org/map-obj cache-miss
690 silly packumentCache corgi:https://registry.npmjs.org/make-error cache-miss
691 silly packumentCache corgi:https://registry.npmjs.org/magic-string cache-miss
692 silly packumentCache corgi:https://registry.npmjs.org/macos-release cache-miss
693 silly packumentCache corgi:https://registry.npmjs.org/luxon cache-miss
694 silly packumentCache corgi:https://registry.npmjs.org/logform cache-miss
695 http cache log-update@https://registry.npmjs.org/log-update/-/log-update-7.2.0.tgz 0ms (cache hit)
696 silly packumentCache corgi:https://registry.npmjs.org/log-symbols cache-miss
697 silly packumentCache corgi:https://registry.npmjs.org/log-process-errors cache-miss
698 silly packumentCache corgi:https://registry.npmjs.org/lodash.transform cache-miss
699 silly packumentCache corgi:https://registry.npmjs.org/lodash.once cache-miss
700 silly packumentCache corgi:https://registry.npmjs.org/lodash.isstring cache-miss
701 silly packumentCache corgi:https://registry.npmjs.org/lodash.isplainobject cache-miss
702 silly packumentCache corgi:https://registry.npmjs.org/lodash.isnumber cache-miss
703 silly packumentCache corgi:https://registry.npmjs.org/lodash.isinteger cache-miss
704 silly packumentCache corgi:https://registry.npmjs.org/lodash.isempty cache-miss
705 silly packumentCache corgi:https://registry.npmjs.org/lodash.isboolean cache-miss
706 silly packumentCache corgi:https://registry.npmjs.org/lodash.includes cache-miss
707 silly packumentCache corgi:https://registry.npmjs.org/lodash cache-miss
708 http cache locate-path@https://registry.npmjs.org/locate-path/-/locate-path-8.0.0.tgz 0ms (cache hit)
709 silly packumentCache corgi:https://registry.npmjs.org/listhen cache-miss
710 silly packumentCache corgi:https://registry.npmjs.org/light-my-request cache-miss
711 silly packumentCache corgi:https://registry.npmjs.org/leven cache-miss
712 silly packumentCache corgi:https://registry.npmjs.org/lazystream cache-miss
713 silly packumentCache corgi:https://registry.npmjs.org/latest-version cache-miss
714 silly packumentCache corgi:https://registry.npmjs.org/lambda-local cache-miss
715 silly packumentCache corgi:https://registry.npmjs.org/ky cache-miss
716 silly packumentCache corgi:https://registry.npmjs.org/kuler cache-miss
717 silly packumentCache corgi:https://registry.npmjs.org/keep-func-props cache-miss
718 silly packumentCache corgi:https://registry.npmjs.org/jwt-decode cache-miss
719 silly packumentCache corgi:https://registry.npmjs.org/junk cache-miss
720 silly packumentCache corgi:https://registry.npmjs.org/jsonwebtoken cache-miss
721 silly packumentCache corgi:https://registry.npmjs.org/jsonpointer cache-miss
722 silly packumentCache corgi:https://registry.npmjs.org/json-schema-traverse cache-miss
723 silly packumentCache corgi:https://registry.npmjs.org/json-schema-ref-resolver cache-miss
724 silly packumentCache corgi:https://registry.npmjs.org/js-tokens cache-miss
725 silly packumentCache corgi:https://registry.npmjs.org/js-image-generator cache-miss
726 silly packumentCache corgi:https://registry.npmjs.org/jpeg-js cache-miss
727 silly packumentCache corgi:https://registry.npmjs.org/jiti cache-miss
728 silly packumentCache corgi:https://registry.npmjs.org/jackspeak cache-miss
729 http cache isexe@https://registry.npmjs.org/isexe/-/isexe-4.0.0.tgz 1ms (cache hit)
730 silly packumentCache corgi:https://registry.npmjs.org/iserror cache-miss
731 silly packumentCache corgi:https://registry.npmjs.org/isarray cache-miss
732 silly packumentCache corgi:https://registry.npmjs.org/is64bit cache-miss
733 silly packumentCache corgi:https://registry.npmjs.org/is-wsl cache-miss
734 silly packumentCache corgi:https://registry.npmjs.org/is-url-superb cache-miss
735 silly packumentCache corgi:https://registry.npmjs.org/is-url cache-miss
736 silly packumentCache corgi:https://registry.npmjs.org/is-unicode-supported cache-miss
737 silly packumentCache corgi:https://registry.npmjs.org/is-stream cache-miss
738 silly packumentCache corgi:https://registry.npmjs.org/is-safe-filename cache-miss
739 silly packumentCache corgi:https://registry.npmjs.org/is-plain-object cache-miss
740 silly packumentCache corgi:https://registry.npmjs.org/is-plain-obj cache-miss
741 silly packumentCache corgi:https://registry.npmjs.org/is-path-inside cache-miss
742 silly packumentCache corgi:https://registry.npmjs.org/is-number cache-miss
743 silly packumentCache corgi:https://registry.npmjs.org/is-npm cache-miss
744 silly packumentCache corgi:https://registry.npmjs.org/is-network-error cache-miss
745 silly packumentCache corgi:https://registry.npmjs.org/is-interactive cache-miss
746 silly packumentCache corgi:https://registry.npmjs.org/is-installed-globally cache-miss
747 silly packumentCache corgi:https://registry.npmjs.org/is-inside-container cache-miss
748 silly packumentCache corgi:https://registry.npmjs.org/is-in-ssh cache-miss
749 silly packumentCache corgi:https://registry.npmjs.org/is-in-ci cache-miss
750 silly packumentCache corgi:https://registry.npmjs.org/is-glob cache-miss
751 silly packumentCache corgi:https://registry.npmjs.org/is-fullwidth-code-point cache-miss
752 silly packumentCache corgi:https://registry.npmjs.org/is-extglob cache-miss
753 silly packumentCache corgi:https://registry.npmjs.org/is-error-instance cache-miss
754 http cache is-docker@https://registry.npmjs.org/is-docker/-/is-docker-4.0.0.tgz 1ms (cache hit)
755 silly packumentCache corgi:https://registry.npmjs.org/is-core-module cache-miss
756 silly packumentCache corgi:https://registry.npmjs.org/is-arrayish cache-miss
757 silly packumentCache corgi:https://registry.npmjs.org/iron-webcrypto cache-miss
758 silly packumentCache corgi:https://registry.npmjs.org/ipx cache-miss
759 silly packumentCache corgi:https://registry.npmjs.org/ipaddr.js cache-miss
760 silly packumentCache corgi:https://registry.npmjs.org/inquirer-autocomplete-prompt cache-miss
761 silly packumentCache corgi:https://registry.npmjs.org/inquirer cache-miss
762 silly packumentCache corgi:https://registry.npmjs.org/ini cache-miss
763 silly packumentCache corgi:https://registry.npmjs.org/inherits cache-miss
764 silly packumentCache corgi:https://registry.npmjs.org/index-to-position cache-miss
765 silly packumentCache corgi:https://registry.npmjs.org/indent-string cache-miss
766 silly packumentCache corgi:https://registry.npmjs.org/imurmurhash cache-miss
767 silly packumentCache corgi:https://registry.npmjs.org/import-in-the-middle cache-miss
768 silly packumentCache corgi:https://registry.npmjs.org/image-size cache-miss
769 silly packumentCache corgi:https://registry.npmjs.org/image-meta cache-miss
770 silly packumentCache corgi:https://registry.npmjs.org/ieee754 cache-miss
771 silly packumentCache corgi:https://registry.npmjs.org/human-signals cache-miss
772 http cache https-proxy-agent@https://registry.npmjs.org/https-proxy-agent/-/https-proxy-agent-8.0.0.tgz 0ms (cache hit)
773 silly packumentCache corgi:https://registry.npmjs.org/http-shutdown cache-miss
774 silly packumentCache corgi:https://registry.npmjs.org/http-proxy-middleware cache-miss
775 silly packumentCache corgi:https://registry.npmjs.org/http-proxy cache-miss
776 silly packumentCache corgi:https://registry.npmjs.org/http-errors cache-miss
777 silly packumentCache corgi:https://registry.npmjs.org/hot-shots cache-miss
778 silly packumentCache corgi:https://registry.npmjs.org/hosted-git-info cache-miss
779 silly packumentCache corgi:https://registry.npmjs.org/hasown cache-miss
780 silly packumentCache corgi:https://registry.npmjs.org/has-symbols cache-miss
781 silly packumentCache corgi:https://registry.npmjs.org/has-flag cache-miss
782 http cache h3@https://registry.npmjs.org/h3/-/h3-1.15.9.tgz 0ms (cache hit)
783 silly packumentCache corgi:https://registry.npmjs.org/graceful-fs cache-miss
784 silly packumentCache corgi:https://registry.npmjs.org/gopd cache-miss
785 silly packumentCache corgi:https://registry.npmjs.org/gonzales-pe cache-miss
786 silly packumentCache corgi:https://registry.npmjs.org/globby cache-miss
787 silly packumentCache corgi:https://registry.npmjs.org/global-directory cache-miss
788 silly packumentCache corgi:https://registry.npmjs.org/glob cache-miss
789 silly packumentCache corgi:https://registry.npmjs.org/gitconfiglocal cache-miss
790 silly packumentCache corgi:https://registry.npmjs.org/git-repo-info cache-miss
791 silly packumentCache corgi:https://registry.npmjs.org/get-stream cache-miss
792 silly packumentCache corgi:https://registry.npmjs.org/get-proto cache-miss
793 silly packumentCache corgi:https://registry.npmjs.org/get-port-please cache-miss
794 silly packumentCache corgi:https://registry.npmjs.org/get-port cache-miss
795 silly packumentCache corgi:https://registry.npmjs.org/get-intrinsic cache-miss
796 http cache get-east-asian-width@https://registry.npmjs.org/get-east-asian-width/-/get-east-asian-width-1.5.0.tgz 1ms (cache hit)
797 silly packumentCache corgi:https://registry.npmjs.org/get-caller-file cache-miss
798 silly packumentCache corgi:https://registry.npmjs.org/get-amd-module-type cache-miss
799 silly packumentCache corgi:https://registry.npmjs.org/fuzzy cache-miss
800 silly packumentCache corgi:https://registry.npmjs.org/function-bind cache-miss
801 silly packumentCache corgi:https://registry.npmjs.org/fsevents cache-miss
802 silly packumentCache corgi:https://registry.npmjs.org/from2 cache-miss
803 silly packumentCache corgi:https://registry.npmjs.org/forwarded cache-miss
804 silly packumentCache corgi:https://registry.npmjs.org/formdata-polyfill cache-miss
805 silly packumentCache corgi:https://registry.npmjs.org/foreground-child cache-miss
806 silly packumentCache corgi:https://registry.npmjs.org/follow-redirects cache-miss
807 silly packumentCache corgi:https://registry.npmjs.org/folder-walker cache-miss
808 silly packumentCache corgi:https://registry.npmjs.org/fn.name cache-miss
809 silly packumentCache corgi:https://registry.npmjs.org/find-up-simple cache-miss
810 silly packumentCache corgi:https://registry.npmjs.org/find-up cache-miss
811 silly packumentCache corgi:https://registry.npmjs.org/find-my-way cache-miss
812 silly packumentCache corgi:https://registry.npmjs.org/filter-obj cache-miss
813 silly packumentCache corgi:https://registry.npmjs.org/fill-range cache-miss
814 silly packumentCache corgi:https://registry.npmjs.org/file-uri-to-path cache-miss
815 silly packumentCache corgi:https://registry.npmjs.org/figures cache-miss
816 silly packumentCache corgi:https://registry.npmjs.org/fetch-blob cache-miss
817 silly packumentCache corgi:https://registry.npmjs.org/fecha cache-miss
818 silly packumentCache corgi:https://registry.npmjs.org/fdir cache-miss
819 silly packumentCache corgi:https://registry.npmjs.org/fd-slicer cache-miss
820 silly packumentCache corgi:https://registry.npmjs.org/fastq cache-miss
821 silly packumentCache corgi:https://registry.npmjs.org/fastify-plugin cache-miss
822 http cache fastify@https://registry.npmjs.org/fastify/-/fastify-5.8.2.tgz 0ms (cache hit)
823 silly packumentCache corgi:https://registry.npmjs.org/fastest-levenshtein cache-miss
824 silly packumentCache corgi:https://registry.npmjs.org/fast-uri cache-miss
825 silly packumentCache corgi:https://registry.npmjs.org/fast-stringify cache-miss
826 silly packumentCache corgi:https://registry.npmjs.org/fast-safe-stringify cache-miss
827 silly packumentCache corgi:https://registry.npmjs.org/fast-querystring cache-miss
828 silly packumentCache corgi:https://registry.npmjs.org/fast-json-stringify cache-miss
829 silly packumentCache corgi:https://registry.npmjs.org/fast-glob cache-miss
830 silly packumentCache corgi:https://registry.npmjs.org/fast-fifo cache-miss
831 silly packumentCache corgi:https://registry.npmjs.org/fast-equals cache-miss
832 silly packumentCache corgi:https://registry.npmjs.org/fast-deep-equal cache-miss
833 silly packumentCache corgi:https://registry.npmjs.org/fast-decode-uri-component cache-miss
834 silly packumentCache corgi:https://registry.npmjs.org/fast-content-type-parse cache-miss
835 silly packumentCache corgi:https://registry.npmjs.org/extract-zip cache-miss
836 silly packumentCache corgi:https://registry.npmjs.org/express-logging cache-miss
837 silly packumentCache corgi:https://registry.npmjs.org/express cache-miss
838 silly packumentCache corgi:https://registry.npmjs.org/execa cache-miss
839 silly packumentCache corgi:https://registry.npmjs.org/events-universal cache-miss
840 silly packumentCache corgi:https://registry.npmjs.org/events cache-miss
841 silly packumentCache corgi:https://registry.npmjs.org/eventemitter3 cache-miss
842 silly packumentCache corgi:https://registry.npmjs.org/event-target-shim cache-miss
843 silly packumentCache corgi:https://registry.npmjs.org/etag cache-miss
844 silly packumentCache corgi:https://registry.npmjs.org/esutils cache-miss
845 silly packumentCache corgi:https://registry.npmjs.org/estree-walker cache-miss
846 silly packumentCache corgi:https://registry.npmjs.org/estraverse cache-miss
847 silly packumentCache corgi:https://registry.npmjs.org/esprima cache-miss
848 silly packumentCache corgi:https://registry.npmjs.org/escodegen cache-miss
849 silly packumentCache corgi:https://registry.npmjs.org/escape-string-regexp cache-miss
850 silly packumentCache corgi:https://registry.npmjs.org/escape-html cache-miss
851 silly packumentCache corgi:https://registry.npmjs.org/escape-goat cache-miss
852 silly packumentCache corgi:https://registry.npmjs.org/escalade cache-miss
853 silly packumentCache corgi:https://registry.npmjs.org/es-object-atoms cache-miss
854 silly packumentCache corgi:https://registry.npmjs.org/es-module-lexer cache-miss
855 silly packumentCache corgi:https://registry.npmjs.org/es-errors cache-miss
856 silly packumentCache corgi:https://registry.npmjs.org/es-define-property cache-miss
857 silly packumentCache corgi:https://registry.npmjs.org/error-stack-parser cache-miss
858 silly packumentCache corgi:https://registry.npmjs.org/environment cache-miss
859 http cache envinfo@https://registry.npmjs.org/envinfo/-/envinfo-7.21.0.tgz 0ms (cache hit)
860 silly packumentCache corgi:https://registry.npmjs.org/env-paths cache-miss
861 silly packumentCache corgi:https://registry.npmjs.org/entities cache-miss
862 silly packumentCache corgi:https://registry.npmjs.org/enquirer cache-miss
863 silly packumentCache corgi:https://registry.npmjs.org/end-of-stream cache-miss
864 silly packumentCache corgi:https://registry.npmjs.org/encodeurl cache-miss
865 silly packumentCache corgi:https://registry.npmjs.org/enabled cache-miss
866 silly packumentCache corgi:https://registry.npmjs.org/empathic cache-miss
867 silly packumentCache corgi:https://registry.npmjs.org/emoji-regex cache-miss
868 silly packumentCache corgi:https://registry.npmjs.org/ee-first cache-miss
869 silly packumentCache corgi:https://registry.npmjs.org/ecdsa-sig-formatter cache-miss
870 silly packumentCache corgi:https://registry.npmjs.org/eastasianwidth cache-miss
871 silly packumentCache corgi:https://registry.npmjs.org/dunder-proto cache-miss
872 http cache dotenv@https://registry.npmjs.org/dotenv/-/dotenv-17.3.1.tgz 0ms (cache hit)
873 silly packumentCache corgi:https://registry.npmjs.org/dot-prop cache-miss
874 silly packumentCache corgi:https://registry.npmjs.org/domutils cache-miss
875 silly packumentCache corgi:https://registry.npmjs.org/domhandler cache-miss
876 silly packumentCache corgi:https://registry.npmjs.org/domelementtype cache-miss
877 silly packumentCache corgi:https://registry.npmjs.org/dom-serializer cache-miss
878 silly packumentCache corgi:https://registry.npmjs.org/diff cache-miss
879 silly packumentCache corgi:https://registry.npmjs.org/detective-vue2 cache-miss
880 silly packumentCache corgi:https://registry.npmjs.org/dettle cache-miss
881 silly packumentCache corgi:https://registry.npmjs.org/detective-typescript cache-miss
882 silly packumentCache corgi:https://registry.npmjs.org/detective-stylus cache-miss
883 silly packumentCache corgi:https://registry.npmjs.org/detective-scss cache-miss
884 silly packumentCache corgi:https://registry.npmjs.org/detective-sass cache-miss
885 silly packumentCache corgi:https://registry.npmjs.org/detective-postcss cache-miss
886 silly packumentCache corgi:https://registry.npmjs.org/detective-es6 cache-miss
887 silly packumentCache corgi:https://registry.npmjs.org/detective-cjs cache-miss
888 silly packumentCache corgi:https://registry.npmjs.org/detective-amd cache-miss
889 silly packumentCache corgi:https://registry.npmjs.org/detect-libc cache-miss
890 silly packumentCache corgi:https://registry.npmjs.org/destr cache-miss
891 silly packumentCache corgi:https://registry.npmjs.org/dequal cache-miss
892 silly packumentCache corgi:https://registry.npmjs.org/depd cache-miss
893 silly packumentCache corgi:https://registry.npmjs.org/defu cache-miss
894 silly packumentCache corgi:https://registry.npmjs.org/define-lazy-prop cache-miss
895 silly packumentCache corgi:https://registry.npmjs.org/defaults cache-miss
896 silly packumentCache corgi:https://registry.npmjs.org/default-browser-id cache-miss
897 silly packumentCache corgi:https://registry.npmjs.org/default-browser cache-miss
898 silly packumentCache corgi:https://registry.npmjs.org/deepmerge cache-miss
899 silly packumentCache corgi:https://registry.npmjs.org/deep-extend cache-miss
900 silly packumentCache corgi:https://registry.npmjs.org/decache cache-miss
901 silly packumentCache corgi:https://registry.npmjs.org/debug cache-miss
902 silly packumentCache corgi:https://registry.npmjs.org/data-uri-to-buffer cache-miss
903 silly packumentCache corgi:https://registry.npmjs.org/cyclist cache-miss
904 silly packumentCache corgi:https://registry.npmjs.org/csso cache-miss
905 silly packumentCache corgi:https://registry.npmjs.org/cssfilter cache-miss
906 silly packumentCache corgi:https://registry.npmjs.org/css-what cache-miss
907 silly packumentCache corgi:https://registry.npmjs.org/css-tree cache-miss
908 silly packumentCache corgi:https://registry.npmjs.org/css-select cache-miss
909 silly packumentCache corgi:https://registry.npmjs.org/crossws cache-miss
910 silly packumentCache corgi:https://registry.npmjs.org/cross-spawn cache-miss
911 silly packumentCache corgi:https://registry.npmjs.org/cron-parser cache-miss
912 silly packumentCache corgi:https://registry.npmjs.org/create-require cache-miss
913 silly packumentCache corgi:https://registry.npmjs.org/crc32-stream cache-miss
914 silly packumentCache corgi:https://registry.npmjs.org/crc-32 cache-miss
915 silly packumentCache corgi:https://registry.npmjs.org/cpy cache-miss
916 silly packumentCache corgi:https://registry.npmjs.org/core-util-is cache-miss
917 silly packumentCache corgi:https://registry.npmjs.org/copy-file cache-miss
918 silly packumentCache corgi:https://registry.npmjs.org/cookie-es cache-miss
919 http cache cookie@https://registry.npmjs.org/cookie/-/cookie-1.1.1.tgz 0ms (cache hit)
920 silly packumentCache corgi:https://registry.npmjs.org/content-type cache-miss
921 silly packumentCache corgi:https://registry.npmjs.org/consola cache-miss
922 silly packumentCache corgi:https://registry.npmjs.org/configstore cache-miss
923 silly packumentCache corgi:https://registry.npmjs.org/config-chain cache-miss
924 silly packumentCache corgi:https://registry.npmjs.org/confbox cache-miss
925 silly packumentCache corgi:https://registry.npmjs.org/compress-commons cache-miss
926 silly packumentCache corgi:https://registry.npmjs.org/common-path-prefix cache-miss
927 http cache comment-json@https://registry.npmjs.org/comment-json/-/comment-json-4.6.2.tgz 0ms (cache hit)
928 silly packumentCache corgi:https://registry.npmjs.org/commander cache-miss
929 silly packumentCache corgi:https://registry.npmjs.org/colorspace cache-miss
930 silly packumentCache corgi:https://registry.npmjs.org/colors cache-miss
931 silly packumentCache corgi:https://registry.npmjs.org/color-string cache-miss
932 silly packumentCache corgi:https://registry.npmjs.org/color-name cache-miss
933 silly packumentCache corgi:https://registry.npmjs.org/color-convert cache-miss
934 silly packumentCache corgi:https://registry.npmjs.org/color cache-miss
935 silly packumentCache corgi:https://registry.npmjs.org/clone cache-miss
936 silly packumentCache corgi:https://registry.npmjs.org/cliui cache-miss
937 silly packumentCache corgi:https://registry.npmjs.org/clipboardy cache-miss
938 silly packumentCache corgi:https://registry.npmjs.org/cli-width cache-miss
939 silly packumentCache corgi:https://registry.npmjs.org/cli-spinners cache-miss
940 silly packumentCache corgi:https://registry.npmjs.org/cli-cursor cache-miss
941 silly packumentCache corgi:https://registry.npmjs.org/cli-boxes cache-miss
942 silly packumentCache corgi:https://registry.npmjs.org/clean-stack cache-miss
943 silly packumentCache corgi:https://registry.npmjs.org/clean-deep cache-miss
944 silly packumentCache corgi:https://registry.npmjs.org/cjs-module-lexer cache-miss
945 silly packumentCache corgi:https://registry.npmjs.org/citty cache-miss
946 silly packumentCache corgi:https://registry.npmjs.org/chownr cache-miss
947 silly packumentCache corgi:https://registry.npmjs.org/ci-info cache-miss
948 silly packumentCache corgi:https://registry.npmjs.org/chokidar cache-miss
949 silly packumentCache corgi:https://registry.npmjs.org/chardet cache-miss
950 silly packumentCache corgi:https://registry.npmjs.org/chalk cache-miss
951 silly packumentCache corgi:https://registry.npmjs.org/camelcase cache-miss
952 silly packumentCache corgi:https://registry.npmjs.org/callsite cache-miss
953 silly packumentCache corgi:https://registry.npmjs.org/call-bound cache-miss
954 silly packumentCache corgi:https://registry.npmjs.org/call-bind-apply-helpers cache-miss
955 silly packumentCache corgi:https://registry.npmjs.org/bytes cache-miss
956 silly packumentCache corgi:https://registry.npmjs.org/byline cache-miss
957 silly packumentCache corgi:https://registry.npmjs.org/bundle-name cache-miss
958 silly packumentCache corgi:https://registry.npmjs.org/buffer-from cache-miss
959 silly packumentCache corgi:https://registry.npmjs.org/buffer-crc32 cache-miss
960 silly packumentCache corgi:https://registry.npmjs.org/buffer-equal-constant-time cache-miss
961 silly packumentCache corgi:https://registry.npmjs.org/buffer cache-miss
962 silly packumentCache corgi:https://registry.npmjs.org/braces cache-miss
963 silly packumentCache corgi:https://registry.npmjs.org/brace-expansion cache-miss
964 silly packumentCache corgi:https://registry.npmjs.org/boxen cache-miss
965 silly packumentCache corgi:https://registry.npmjs.org/boolbase cache-miss
966 silly packumentCache corgi:https://registry.npmjs.org/bl cache-miss
967 silly packumentCache corgi:https://registry.npmjs.org/bindings cache-miss
968 silly packumentCache corgi:https://registry.npmjs.org/better-ajv-errors cache-miss
969 silly packumentCache corgi:https://registry.npmjs.org/before-after-hook cache-miss
970 silly packumentCache corgi:https://registry.npmjs.org/base64-js cache-miss
971 silly packumentCache corgi:https://registry.npmjs.org/bare-events cache-miss
972 silly packumentCache corgi:https://registry.npmjs.org/balanced-match cache-miss
973 silly packumentCache corgi:https://registry.npmjs.org/backoff cache-miss
974 silly packumentCache corgi:https://registry.npmjs.org/b4a cache-miss
975 silly packumentCache corgi:https://registry.npmjs.org/avvio cache-miss
976 silly packumentCache corgi:https://registry.npmjs.org/atomically cache-miss
977 silly packumentCache corgi:https://registry.npmjs.org/atomic-sleep cache-miss
978 silly packumentCache corgi:https://registry.npmjs.org/async-sema cache-miss
979 silly packumentCache corgi:https://registry.npmjs.org/async cache-miss
980 silly packumentCache corgi:https://registry.npmjs.org/ast-module-types cache-miss
981 silly packumentCache corgi:https://registry.npmjs.org/ascii-table cache-miss
982 silly packumentCache corgi:https://registry.npmjs.org/array-timsort cache-miss
983 silly packumentCache corgi:https://registry.npmjs.org/arg cache-miss
984 silly packumentCache corgi:https://registry.npmjs.org/archiver-utils cache-miss
985 silly packumentCache corgi:https://registry.npmjs.org/archiver cache-miss
986 silly packumentCache corgi:https://registry.npmjs.org/anymatch cache-miss
987 silly packumentCache corgi:https://registry.npmjs.org/ansis cache-miss
988 silly packumentCache corgi:https://registry.npmjs.org/ansi-to-html cache-miss
989 silly packumentCache corgi:https://registry.npmjs.org/ansi-styles cache-miss
990 silly packumentCache corgi:https://registry.npmjs.org/ansi-regex cache-miss
991 http cache ansi-escapes@https://registry.npmjs.org/ansi-escapes/-/ansi-escapes-7.3.0.tgz 1ms (cache hit)
992 silly packumentCache corgi:https://registry.npmjs.org/ansi-colors cache-miss
993 silly packumentCache corgi:https://registry.npmjs.org/ansi-align cache-miss
994 silly packumentCache corgi:https://registry.npmjs.org/ajv-formats cache-miss
995 silly packumentCache corgi:https://registry.npmjs.org/ajv-errors cache-miss
996 http cache ajv@https://registry.npmjs.org/ajv/-/ajv-8.18.0.tgz 0ms (cache hit)
997 silly packumentCache corgi:https://registry.npmjs.org/agent-base cache-miss
998 silly packumentCache corgi:https://registry.npmjs.org/acorn-walk cache-miss
999 silly packumentCache corgi:https://registry.npmjs.org/acorn-import-attributes cache-miss
1000 silly packumentCache corgi:https://registry.npmjs.org/acorn cache-miss
1001 silly packumentCache corgi:https://registry.npmjs.org/abstract-logging cache-miss
1002 silly packumentCache corgi:https://registry.npmjs.org/abort-controller cache-miss
1003 silly packumentCache corgi:https://registry.npmjs.org/abbrev cache-miss
1004 silly packumentCache corgi:https://registry.npmjs.org/@whatwg-node%2fserver cache-miss
1005 silly packumentCache corgi:https://registry.npmjs.org/@whatwg-node%2fpromise-helpers cache-miss
1006 silly packumentCache corgi:https://registry.npmjs.org/@whatwg-node%2fnode-fetch cache-miss
1007 silly packumentCache corgi:https://registry.npmjs.org/@whatwg-node%2ffetch cache-miss
1008 silly packumentCache corgi:https://registry.npmjs.org/@whatwg-node%2fdisposablestack cache-miss
1009 silly packumentCache corgi:https://registry.npmjs.org/@vue%2fshared cache-miss
1010 silly packumentCache corgi:https://registry.npmjs.org/@vue%2fcompiler-ssr cache-miss
1011 silly packumentCache corgi:https://registry.npmjs.org/@vue%2fcompiler-sfc cache-miss
1012 silly packumentCache corgi:https://registry.npmjs.org/@vue%2fcompiler-dom cache-miss
1013 silly packumentCache corgi:https://registry.npmjs.org/@vue%2fcompiler-core cache-miss
1014 silly packumentCache corgi:https://registry.npmjs.org/@vercel%2fnft cache-miss
1015 silly packumentCache corgi:https://registry.npmjs.org/@typescript-eslint%2fvisitor-keys cache-miss
1016 silly packumentCache corgi:https://registry.npmjs.org/@typescript-eslint%2ftypescript-estree cache-miss
1017 silly packumentCache corgi:https://registry.npmjs.org/@typescript-eslint%2ftypes cache-miss
1018 silly packumentCache corgi:https://registry.npmjs.org/@typescript-eslint%2ftsconfig-utils cache-miss
1019 silly packumentCache corgi:https://registry.npmjs.org/@typescript-eslint%2fproject-service cache-miss
1020 silly packumentCache corgi:https://registry.npmjs.org/@types%2fyauzl cache-miss
1021 silly packumentCache corgi:https://registry.npmjs.org/@types%2ftriple-beam cache-miss
1022 silly packumentCache corgi:https://registry.npmjs.org/@types%2fretry cache-miss
1023 silly packumentCache corgi:https://registry.npmjs.org/@types%2fnormalize-package-data cache-miss
1024 silly packumentCache corgi:https://registry.npmjs.org/@types%2fnode cache-miss
1025 silly packumentCache corgi:https://registry.npmjs.org/@types%2fhttp-proxy cache-miss
1026 silly packumentCache corgi:https://registry.npmjs.org/@types%2festree cache-miss
1027 silly packumentCache corgi:https://registry.npmjs.org/@tsconfig%2fnode16 cache-miss
1028 silly packumentCache corgi:https://registry.npmjs.org/@tsconfig%2fnode14 cache-miss
1029 silly packumentCache corgi:https://registry.npmjs.org/@tsconfig%2fnode12 cache-miss
1030 silly packumentCache corgi:https://registry.npmjs.org/@tsconfig%2fnode10 cache-miss
1031 silly packumentCache corgi:https://registry.npmjs.org/@sveltejs%2facorn-typescript cache-miss
1032 silly packumentCache corgi:https://registry.npmjs.org/@sindresorhus%2ftransliterate cache-miss
1033 silly packumentCache corgi:https://registry.npmjs.org/@sindresorhus%2fmerge-streams cache-miss
1034 silly packumentCache corgi:https://registry.npmjs.org/@sec-ant%2freadable-stream cache-miss
1035 http cache @rollup/rollup-win32-x64-msvc@https://registry.npmjs.org/@rollup/rollup-win32-x64-msvc/-/rollup-win32-x64-msvc-4.59.0.tgz 0ms (cache hit)
1036 http cache @rollup/rollup-win32-x64-gnu@https://registry.npmjs.org/@rollup/rollup-win32-x64-gnu/-/rollup-win32-x64-gnu-4.59.0.tgz 0ms (cache hit)
1037 http cache @rollup/rollup-win32-ia32-msvc@https://registry.npmjs.org/@rollup/rollup-win32-ia32-msvc/-/rollup-win32-ia32-msvc-4.59.0.tgz 0ms (cache hit)
1038 http cache @rollup/rollup-win32-arm64-msvc@https://registry.npmjs.org/@rollup/rollup-win32-arm64-msvc/-/rollup-win32-arm64-msvc-4.59.0.tgz 0ms (cache hit)
1039 http cache @rollup/rollup-openharmony-arm64@https://registry.npmjs.org/@rollup/rollup-openharmony-arm64/-/rollup-openharmony-arm64-4.59.0.tgz 0ms (cache hit)
1040 http cache @rollup/rollup-openbsd-x64@https://registry.npmjs.org/@rollup/rollup-openbsd-x64/-/rollup-openbsd-x64-4.59.0.tgz 0ms (cache hit)
1041 http cache @rollup/rollup-linux-x64-musl@https://registry.npmjs.org/@rollup/rollup-linux-x64-musl/-/rollup-linux-x64-musl-4.59.0.tgz 0ms (cache hit)
1042 http cache @rollup/rollup-linux-x64-gnu@https://registry.npmjs.org/@rollup/rollup-linux-x64-gnu/-/rollup-linux-x64-gnu-4.59.0.tgz 0ms (cache hit)
1043 http cache @rollup/rollup-linux-s390x-gnu@https://registry.npmjs.org/@rollup/rollup-linux-s390x-gnu/-/rollup-linux-s390x-gnu-4.59.0.tgz 0ms (cache hit)
1044 http cache @rollup/rollup-linux-riscv64-musl@https://registry.npmjs.org/@rollup/rollup-linux-riscv64-musl/-/rollup-linux-riscv64-musl-4.59.0.tgz 0ms (cache hit)
1045 http cache @rollup/rollup-linux-riscv64-gnu@https://registry.npmjs.org/@rollup/rollup-linux-riscv64-gnu/-/rollup-linux-riscv64-gnu-4.59.0.tgz 0ms (cache hit)
1046 http cache @rollup/rollup-linux-ppc64-musl@https://registry.npmjs.org/@rollup/rollup-linux-ppc64-musl/-/rollup-linux-ppc64-musl-4.59.0.tgz 0ms (cache hit)
1047 http cache @rollup/rollup-linux-ppc64-gnu@https://registry.npmjs.org/@rollup/rollup-linux-ppc64-gnu/-/rollup-linux-ppc64-gnu-4.59.0.tgz 0ms (cache hit)
1048 http cache @rollup/rollup-linux-loong64-musl@https://registry.npmjs.org/@rollup/rollup-linux-loong64-musl/-/rollup-linux-loong64-musl-4.59.0.tgz 1ms (cache hit)
1049 http cache @rollup/rollup-linux-loong64-gnu@https://registry.npmjs.org/@rollup/rollup-linux-loong64-gnu/-/rollup-linux-loong64-gnu-4.59.0.tgz 0ms (cache hit)
1050 http cache @rollup/rollup-linux-arm64-musl@https://registry.npmjs.org/@rollup/rollup-linux-arm64-musl/-/rollup-linux-arm64-musl-4.59.0.tgz 0ms (cache hit)
1051 http cache @rollup/rollup-linux-arm64-gnu@https://registry.npmjs.org/@rollup/rollup-linux-arm64-gnu/-/rollup-linux-arm64-gnu-4.59.0.tgz 0ms (cache hit)
1052 http cache @rollup/rollup-linux-arm-musleabihf@https://registry.npmjs.org/@rollup/rollup-linux-arm-musleabihf/-/rollup-linux-arm-musleabihf-4.59.0.tgz 0ms (cache hit)
1053 http cache @rollup/rollup-linux-arm-gnueabihf@https://registry.npmjs.org/@rollup/rollup-linux-arm-gnueabihf/-/rollup-linux-arm-gnueabihf-4.59.0.tgz 0ms (cache hit)
1054 http cache @rollup/rollup-freebsd-x64@https://registry.npmjs.org/@rollup/rollup-freebsd-x64/-/rollup-freebsd-x64-4.59.0.tgz 1ms (cache hit)
1055 http cache @rollup/rollup-freebsd-arm64@https://registry.npmjs.org/@rollup/rollup-freebsd-arm64/-/rollup-freebsd-arm64-4.59.0.tgz 0ms (cache hit)
1056 http cache @rollup/rollup-darwin-x64@https://registry.npmjs.org/@rollup/rollup-darwin-x64/-/rollup-darwin-x64-4.59.0.tgz 0ms (cache hit)
1057 http cache @rollup/rollup-darwin-arm64@https://registry.npmjs.org/@rollup/rollup-darwin-arm64/-/rollup-darwin-arm64-4.59.0.tgz 0ms (cache hit)
1058 http cache @rollup/rollup-android-arm64@https://registry.npmjs.org/@rollup/rollup-android-arm64/-/rollup-android-arm64-4.59.0.tgz 0ms (cache hit)
1059 http cache @rollup/rollup-android-arm-eabi@https://registry.npmjs.org/@rollup/rollup-android-arm-eabi/-/rollup-android-arm-eabi-4.59.0.tgz 0ms (cache hit)
1060 silly packumentCache corgi:https://registry.npmjs.org/@rollup%2fpluginutils cache-miss
1061 silly packumentCache corgi:https://registry.npmjs.org/@pnpm%2fnpm-conf cache-miss
1062 silly packumentCache corgi:https://registry.npmjs.org/@pnpm%2ftabtab cache-miss
1063 silly packumentCache corgi:https://registry.npmjs.org/@pnpm%2fnetwork.ca-file cache-miss
1064 silly packumentCache corgi:https://registry.npmjs.org/@pnpm%2fconfig.env-replace cache-miss
1065 silly packumentCache corgi:https://registry.npmjs.org/@pkgjs%2fparseargs cache-miss
1066 silly packumentCache corgi:https://registry.npmjs.org/@pinojs%2fredact cache-miss
1067 http cache @parcel/watcher-win32-x64@https://registry.npmjs.org/@parcel/watcher-win32-x64/-/watcher-win32-x64-2.5.1.tgz 0ms (cache hit)
1068 http cache @parcel/watcher-win32-ia32@https://registry.npmjs.org/@parcel/watcher-win32-ia32/-/watcher-win32-ia32-2.5.1.tgz 0ms (cache hit)
1069 http cache @parcel/watcher-win32-arm64@https://registry.npmjs.org/@parcel/watcher-win32-arm64/-/watcher-win32-arm64-2.5.1.tgz 0ms (cache hit)
1070 http cache @parcel/watcher-linux-x64-musl@https://registry.npmjs.org/@parcel/watcher-linux-x64-musl/-/watcher-linux-x64-musl-2.5.1.tgz 0ms (cache hit)
1071 http cache @parcel/watcher-linux-x64-glibc@https://registry.npmjs.org/@parcel/watcher-linux-x64-glibc/-/watcher-linux-x64-glibc-2.5.1.tgz 0ms (cache hit)
1072 http cache @parcel/watcher-linux-arm64-musl@https://registry.npmjs.org/@parcel/watcher-linux-arm64-musl/-/watcher-linux-arm64-musl-2.5.1.tgz 0ms (cache hit)
1073 http cache @parcel/watcher-linux-arm64-glibc@https://registry.npmjs.org/@parcel/watcher-linux-arm64-glibc/-/watcher-linux-arm64-glibc-2.5.1.tgz 0ms (cache hit)
1074 http cache @parcel/watcher-linux-arm-musl@https://registry.npmjs.org/@parcel/watcher-linux-arm-musl/-/watcher-linux-arm-musl-2.5.1.tgz 0ms (cache hit)
1075 http cache @parcel/watcher-linux-arm-glibc@https://registry.npmjs.org/@parcel/watcher-linux-arm-glibc/-/watcher-linux-arm-glibc-2.5.1.tgz 0ms (cache hit)
1076 http cache @parcel/watcher-freebsd-x64@https://registry.npmjs.org/@parcel/watcher-freebsd-x64/-/watcher-freebsd-x64-2.5.1.tgz 0ms (cache hit)
1077 http cache @parcel/watcher-darwin-x64@https://registry.npmjs.org/@parcel/watcher-darwin-x64/-/watcher-darwin-x64-2.5.1.tgz 0ms (cache hit)
1078 silly packumentCache corgi:https://registry.npmjs.org/@parcel%2fwatcher-darwin-arm64 cache-miss
1079 http cache @parcel/watcher-android-arm64@https://registry.npmjs.org/@parcel/watcher-android-arm64/-/watcher-android-arm64-2.5.1.tgz 0ms (cache hit)
1080 silly packumentCache corgi:https://registry.npmjs.org/@parcel%2fwatcher cache-miss
1081 silly packumentCache corgi:https://registry.npmjs.org/@opentelemetry%2fsdk-trace-node cache-miss
1082 silly packumentCache corgi:https://registry.npmjs.org/@opentelemetry%2fsemantic-conventions cache-miss
1083 silly packumentCache corgi:https://registry.npmjs.org/@opentelemetry%2fsdk-trace-base cache-miss
1084 silly packumentCache corgi:https://registry.npmjs.org/@opentelemetry%2fresources cache-miss
1085 silly packumentCache corgi:https://registry.npmjs.org/@opentelemetry%2fpropagator-b3 cache-miss
1086 silly packumentCache corgi:https://registry.npmjs.org/@opentelemetry%2fpropagator-jaeger cache-miss
1087 silly packumentCache corgi:https://registry.npmjs.org/@opentelemetry%2finstrumentation cache-miss
1088 silly packumentCache corgi:https://registry.npmjs.org/@opentelemetry%2fcore cache-miss
1089 silly packumentCache corgi:https://registry.npmjs.org/@opentelemetry%2fcontext-async-hooks cache-miss
1090 silly packumentCache corgi:https://registry.npmjs.org/@opentelemetry%2fapi-logs cache-miss
1091 silly packumentCache corgi:https://registry.npmjs.org/@opentelemetry%2fapi cache-miss
1092 silly packumentCache corgi:https://registry.npmjs.org/@octokit%2ftypes cache-miss
1093 silly packumentCache corgi:https://registry.npmjs.org/@octokit%2frest cache-miss
1094 silly packumentCache corgi:https://registry.npmjs.org/@octokit%2frequest-error cache-miss
1095 silly packumentCache corgi:https://registry.npmjs.org/@octokit%2frequest cache-miss
1096 silly packumentCache corgi:https://registry.npmjs.org/@octokit%2fplugin-rest-endpoint-methods cache-miss
1097 silly packumentCache corgi:https://registry.npmjs.org/@octokit%2fplugin-request-log cache-miss
1098 silly packumentCache corgi:https://registry.npmjs.org/@octokit%2fplugin-paginate-rest cache-miss
1099 silly packumentCache corgi:https://registry.npmjs.org/@octokit%2fopenapi-types cache-miss
1100 silly packumentCache corgi:https://registry.npmjs.org/@octokit%2fgraphql cache-miss
1101 silly packumentCache corgi:https://registry.npmjs.org/@octokit%2fendpoint cache-miss
1102 silly packumentCache corgi:https://registry.npmjs.org/@octokit%2fcore cache-miss
1103 silly packumentCache corgi:https://registry.npmjs.org/@nodelib%2ffs.walk cache-miss
1104 silly packumentCache corgi:https://registry.npmjs.org/@octokit%2fauth-token cache-miss
1105 silly packumentCache corgi:https://registry.npmjs.org/@nodelib%2ffs.stat cache-miss
1106 silly packumentCache corgi:https://registry.npmjs.org/@nodelib%2ffs.scandir cache-miss
1107 http cache @netlify/zip-it-and-ship-it@https://registry.npmjs.org/@netlify/zip-it-and-ship-it/-/zip-it-and-ship-it-14.5.1.tgz 0ms (cache hit)
1108 http cache @netlify/types@https://registry.npmjs.org/@netlify/types/-/types-2.6.0.tgz 0ms (cache hit)
1109 http cache @netlify/static@https://registry.npmjs.org/@netlify/static/-/static-3.1.7.tgz 0ms (cache hit)
1110 http cache @netlify/serverless-functions-api@https://registry.npmjs.org/@netlify/serverless-functions-api/-/serverless-functions-api-2.12.0.tgz 0ms (cache hit)
1111 silly packumentCache corgi:https://registry.npmjs.org/@netlify%2fruntime-utils cache-miss
1112 http cache @netlify/runtime@https://registry.npmjs.org/@netlify/runtime/-/runtime-4.1.20.tgz 0ms (cache hit)
1113 silly packumentCache corgi:https://registry.npmjs.org/@netlify%2frun-utils cache-miss
1114 http cache @netlify/redirects@https://registry.npmjs.org/@netlify/redirects/-/redirects-3.1.10.tgz 0ms (cache hit)
1115 silly packumentCache corgi:https://registry.npmjs.org/@netlify%2fredirect-parser cache-miss
1116 silly packumentCache corgi:https://registry.npmjs.org/@netlify%2fplugins-list cache-miss
1117 http cache @netlify/otel@https://registry.npmjs.org/@netlify/otel/-/otel-5.1.5.tgz 0ms (cache hit)
1118 silly packumentCache corgi:https://registry.npmjs.org/@netlify%2fopentelemetry-utils cache-miss
1119 http cache @netlify/open-api@https://registry.npmjs.org/@netlify/open-api/-/open-api-2.51.0.tgz 0ms (cache hit)
1120 http cache @netlify/local-functions-proxy-win32-x64@https://registry.npmjs.org/@netlify/local-functions-proxy-win32-x64/-/local-functions-proxy-win32-x64-1.1.1.tgz 0ms (cache hit)
1121 http cache @netlify/local-functions-proxy-win32-ia32@https://registry.npmjs.org/@netlify/local-functions-proxy-win32-ia32/-/local-functions-proxy-win32-ia32-1.1.1.tgz 0ms (cache hit)
1122 http cache @netlify/local-functions-proxy-openbsd-x64@https://registry.npmjs.org/@netlify/local-functions-proxy-openbsd-x64/-/local-functions-proxy-openbsd-x64-1.1.1.tgz 0ms (cache hit)
1123 http cache @netlify/local-functions-proxy-linux-x64@https://registry.npmjs.org/@netlify/local-functions-proxy-linux-x64/-/local-functions-proxy-linux-x64-1.1.1.tgz 1ms (cache hit)
1124 http cache @netlify/local-functions-proxy-linux-ppc64@https://registry.npmjs.org/@netlify/local-functions-proxy-linux-ppc64/-/local-functions-proxy-linux-ppc64-1.1.1.tgz 0ms (cache hit)
1125 http cache @netlify/local-functions-proxy-linux-ia32@https://registry.npmjs.org/@netlify/local-functions-proxy-linux-ia32/-/local-functions-proxy-linux-ia32-1.1.1.tgz 0ms (cache hit)
1126 http cache @netlify/local-functions-proxy-linux-arm@https://registry.npmjs.org/@netlify/local-functions-proxy-linux-arm/-/local-functions-proxy-linux-arm-1.1.1.tgz 0ms (cache hit)
1127 http cache @netlify/local-functions-proxy-linux-arm64@https://registry.npmjs.org/@netlify/local-functions-proxy-linux-arm64/-/local-functions-proxy-linux-arm64-1.1.1.tgz 0ms (cache hit)
1128 http cache @netlify/local-functions-proxy-freebsd-x64@https://registry.npmjs.org/@netlify/local-functions-proxy-freebsd-x64/-/local-functions-proxy-freebsd-x64-1.1.1.tgz 0ms (cache hit)
1129 http cache @netlify/local-functions-proxy-freebsd-arm64@https://registry.npmjs.org/@netlify/local-functions-proxy-freebsd-arm64/-/local-functions-proxy-freebsd-arm64-1.1.1.tgz 0ms (cache hit)
1130 http cache @netlify/local-functions-proxy-darwin-x64@https://registry.npmjs.org/@netlify/local-functions-proxy-darwin-x64/-/local-functions-proxy-darwin-x64-1.1.1.tgz 0ms (cache hit)
1131 silly packumentCache corgi:https://registry.npmjs.org/@netlify%2flocal-functions-proxy-darwin-arm64 cache-miss
1132 silly packumentCache corgi:https://registry.npmjs.org/@netlify%2flocal-functions-proxy cache-miss
1133 http cache @netlify/images@https://registry.npmjs.org/@netlify/images/-/images-1.3.7.tgz 0ms (cache hit)
1134 silly packumentCache corgi:https://registry.npmjs.org/@netlify%2fheaders-parser cache-miss
1135 http cache @netlify/headers@https://registry.npmjs.org/@netlify/headers/-/headers-2.1.8.tgz 0ms (cache hit)
1136 silly packumentCache corgi:https://registry.npmjs.org/@netlify%2fgit-utils cache-miss
1137 http cache @netlify/functions-utils@https://registry.npmjs.org/@netlify/functions-utils/-/functions-utils-6.2.27.tgz 0ms (cache hit)
1138 http cache @netlify/functions-dev@https://registry.npmjs.org/@netlify/functions-dev/-/functions-dev-1.2.4.tgz 0ms (cache hit)
1139 http cache @netlify/functions@https://registry.npmjs.org/@netlify/functions/-/functions-5.1.5.tgz 0ms (cache hit)
1140 http cache @netlify/edge-functions-dev@https://registry.npmjs.org/@netlify/edge-functions-dev/-/edge-functions-dev-1.0.16.tgz 1ms (cache hit)
1141 silly packumentCache corgi:https://registry.npmjs.org/@netlify%2fedge-functions-bootstrap cache-miss
1142 http cache @netlify/edge-functions@https://registry.npmjs.org/@netlify/edge-functions/-/edge-functions-3.0.6.tgz 1ms (cache hit)
1143 http cache @netlify/edge-bundler@https://registry.npmjs.org/@netlify/edge-bundler/-/edge-bundler-14.9.19.tgz 0ms (cache hit)
1144 http cache @netlify/dev-utils@https://registry.npmjs.org/@netlify/dev-utils/-/dev-utils-4.4.3.tgz 0ms (cache hit)
1145 http cache @netlify/dev@https://registry.npmjs.org/@netlify/dev/-/dev-4.16.4.tgz 0ms (cache hit)
1146 http cache @netlify/db-dev@https://registry.npmjs.org/@netlify/db-dev/-/db-dev-0.7.0.tgz 0ms (cache hit)
1147 http cache @netlify/config@https://registry.npmjs.org/@netlify/config/-/config-24.4.4.tgz 0ms (cache hit)
1148 silly packumentCache corgi:https://registry.npmjs.org/@netlify%2fcache-utils cache-miss
1149 http cache @netlify/cache@https://registry.npmjs.org/@netlify/cache/-/cache-3.4.4.tgz 0ms (cache hit)
1150 http cache @netlify/build-info@https://registry.npmjs.org/@netlify/build-info/-/build-info-10.4.0.tgz 0ms (cache hit)
1151 http cache @netlify/build@https://registry.npmjs.org/@netlify/build/-/build-35.11.0.tgz 0ms (cache hit)
1152 silly packumentCache corgi:https://registry.npmjs.org/@netlify%2fblobs cache-miss
1153 silly packumentCache corgi:https://registry.npmjs.org/@netlify%2fbinary-info cache-miss
1154 http cache @netlify/api@https://registry.npmjs.org/@netlify/api/-/api-14.0.18.tgz 0ms (cache hit)
1155 http cache @netlify/ai@https://registry.npmjs.org/@netlify/ai/-/ai-0.4.1.tgz 0ms (cache hit)
1156 silly packumentCache corgi:https://registry.npmjs.org/@lukeed%2fms cache-miss
1157 silly packumentCache corgi:https://registry.npmjs.org/@mapbox%2fnode-pre-gyp cache-miss
1158 silly packumentCache corgi:https://registry.npmjs.org/@jridgewell%2fsourcemap-codec cache-miss
1159 silly packumentCache corgi:https://registry.npmjs.org/@jridgewell%2fresolve-uri cache-miss
1160 silly packumentCache corgi:https://registry.npmjs.org/@isaacs%2ffs-minipass cache-miss
1161 silly packumentCache corgi:https://registry.npmjs.org/@isaacs%2fcliui cache-miss
1162 silly packumentCache corgi:https://registry.npmjs.org/@inquirer%2fexternal-editor cache-miss
1163 silly packumentCache corgi:https://registry.npmjs.org/@import-maps%2fresolve cache-miss
1164 http cache @img/sharp-win32-x64@https://registry.npmjs.org/@img/sharp-win32-x64/-/sharp-win32-x64-0.34.4.tgz 0ms (cache hit)
1165 http cache @img/sharp-win32-ia32@https://registry.npmjs.org/@img/sharp-win32-ia32/-/sharp-win32-ia32-0.34.4.tgz 0ms (cache hit)
1166 http cache @img/sharp-win32-arm64@https://registry.npmjs.org/@img/sharp-win32-arm64/-/sharp-win32-arm64-0.34.4.tgz 0ms (cache hit)
1167 http cache @img/sharp-wasm32@https://registry.npmjs.org/@img/sharp-wasm32/-/sharp-wasm32-0.34.4.tgz 0ms (cache hit)
1168 http cache @img/sharp-linuxmusl-x64@https://registry.npmjs.org/@img/sharp-linuxmusl-x64/-/sharp-linuxmusl-x64-0.34.4.tgz 0ms (cache hit)
1169 http cache @img/sharp-linuxmusl-arm64@https://registry.npmjs.org/@img/sharp-linuxmusl-arm64/-/sharp-linuxmusl-arm64-0.34.4.tgz 0ms (cache hit)
1170 http cache @img/sharp-linux-x64@https://registry.npmjs.org/@img/sharp-linux-x64/-/sharp-linux-x64-0.34.4.tgz 0ms (cache hit)
1171 http cache @img/sharp-linux-s390x@https://registry.npmjs.org/@img/sharp-linux-s390x/-/sharp-linux-s390x-0.34.4.tgz 0ms (cache hit)
1172 http cache @img/sharp-linux-ppc64@https://registry.npmjs.org/@img/sharp-linux-ppc64/-/sharp-linux-ppc64-0.34.4.tgz 0ms (cache hit)
1173 http cache @img/sharp-linux-arm64@https://registry.npmjs.org/@img/sharp-linux-arm64/-/sharp-linux-arm64-0.34.4.tgz 0ms (cache hit)
1174 http cache @img/sharp-linux-arm@https://registry.npmjs.org/@img/sharp-linux-arm/-/sharp-linux-arm-0.34.4.tgz 0ms (cache hit)
1175 http cache @img/sharp-libvips-linuxmusl-x64@https://registry.npmjs.org/@img/sharp-libvips-linuxmusl-x64/-/sharp-libvips-linuxmusl-x64-1.2.3.tgz 0ms (cache hit)
1176 http cache @img/sharp-libvips-linuxmusl-arm64@https://registry.npmjs.org/@img/sharp-libvips-linuxmusl-arm64/-/sharp-libvips-linuxmusl-arm64-1.2.3.tgz 0ms (cache hit)
1177 http cache @img/sharp-libvips-linux-x64@https://registry.npmjs.org/@img/sharp-libvips-linux-x64/-/sharp-libvips-linux-x64-1.2.3.tgz 0ms (cache hit)
1178 http cache @img/sharp-libvips-linux-s390x@https://registry.npmjs.org/@img/sharp-libvips-linux-s390x/-/sharp-libvips-linux-s390x-1.2.3.tgz 0ms (cache hit)
1179 http cache @img/sharp-libvips-linux-ppc64@https://registry.npmjs.org/@img/sharp-libvips-linux-ppc64/-/sharp-libvips-linux-ppc64-1.2.3.tgz 0ms (cache hit)
1180 http cache @img/sharp-libvips-linux-arm64@https://registry.npmjs.org/@img/sharp-libvips-linux-arm64/-/sharp-libvips-linux-arm64-1.2.3.tgz 0ms (cache hit)
1181 http cache @img/sharp-libvips-linux-arm@https://registry.npmjs.org/@img/sharp-libvips-linux-arm/-/sharp-libvips-linux-arm-1.2.3.tgz 0ms (cache hit)
1182 http cache @img/sharp-libvips-darwin-x64@https://registry.npmjs.org/@img/sharp-libvips-darwin-x64/-/sharp-libvips-darwin-x64-1.2.3.tgz 0ms (cache hit)
1183 silly packumentCache corgi:https://registry.npmjs.org/@img%2fsharp-libvips-darwin-arm64 cache-miss
1184 http cache @img/sharp-darwin-x64@https://registry.npmjs.org/@img/sharp-darwin-x64/-/sharp-darwin-x64-0.34.4.tgz 0ms (cache hit)
1185 silly packumentCache corgi:https://registry.npmjs.org/@img%2fsharp-darwin-arm64 cache-miss
1186 silly packumentCache corgi:https://registry.npmjs.org/@img%2fcolour cache-miss
1187 silly packumentCache corgi:https://registry.npmjs.org/@iarna%2ftoml cache-miss
1188 silly packumentCache corgi:https://registry.npmjs.org/@humanwhocodes%2fmomoa cache-miss
1189 silly packumentCache corgi:https://registry.npmjs.org/@fastify%2fstatic cache-miss
1190 silly packumentCache corgi:https://registry.npmjs.org/@fastify%2fsend cache-miss
1191 silly packumentCache corgi:https://registry.npmjs.org/@fastify%2fproxy-addr cache-miss
1192 silly packumentCache corgi:https://registry.npmjs.org/@fastify%2fmerge-json-schemas cache-miss
1193 silly packumentCache corgi:https://registry.npmjs.org/@fastify%2fforwarded cache-miss
1194 silly packumentCache corgi:https://registry.npmjs.org/@fastify%2ffast-json-stringify-compiler cache-miss
1195 silly packumentCache corgi:https://registry.npmjs.org/@fastify%2ferror cache-miss
1196 silly packumentCache corgi:https://registry.npmjs.org/@fastify%2fbusboy cache-miss
1197 silly packumentCache corgi:https://registry.npmjs.org/@fastify%2fajv-compiler cache-miss
1198 silly packumentCache corgi:https://registry.npmjs.org/@fastify%2faccept-negotiator cache-miss
1199 silly packumentCache corgi:https://registry.npmjs.org/@envelop%2finstrumentation cache-miss
1200 http cache @emnapi/runtime@https://registry.npmjs.org/@emnapi/runtime/-/runtime-1.8.1.tgz 0ms (cache hit)
1201 http cache @electric-sql/pglite@https://registry.npmjs.org/@electric-sql/pglite/-/pglite-0.3.16.tgz 0ms (cache hit)
1202 silly packumentCache corgi:https://registry.npmjs.org/@dependents%2fdetective-less cache-miss
1203 silly packumentCache corgi:https://registry.npmjs.org/@dabh%2fdiagnostics cache-miss
1204 silly packumentCache corgi:https://registry.npmjs.org/@cspotcode%2fsource-map-support cache-miss
1205 silly packumentCache corgi:https://registry.npmjs.org/@colors%2fcolors cache-miss
1206 silly packumentCache corgi:https://registry.npmjs.org/@bugsnag%2fsafe-json-stringify cache-miss
1207 silly packumentCache corgi:https://registry.npmjs.org/@bugsnag%2fnode cache-miss
1208 silly packumentCache corgi:https://registry.npmjs.org/@bugsnag%2fjs cache-miss
1209 silly packumentCache corgi:https://registry.npmjs.org/@bugsnag%2fcuid cache-miss
1210 silly packumentCache corgi:https://registry.npmjs.org/@bugsnag%2fcore cache-miss
1211 silly packumentCache corgi:https://registry.npmjs.org/@bugsnag%2fbrowser cache-miss
1212 silly packumentCache corgi:https://registry.npmjs.org/@babel%2ftypes cache-miss
1213 silly packumentCache corgi:https://registry.npmjs.org/@babel%2fparser cache-miss
1214 silly packumentCache corgi:https://registry.npmjs.org/@babel%2fhelper-validator-identifier cache-miss
1215 silly packumentCache corgi:https://registry.npmjs.org/@babel%2fhelper-string-parser cache-miss
1216 silly packumentCache corgi:https://registry.npmjs.org/@babel%2fcode-frame cache-miss
1217 silly packumentCache corgi:https://registry.npmjs.org/buffer-crc32 cache-miss
1218 silly packumentCache corgi:https://registry.npmjs.org/strip-ansi cache-miss
1219 silly packumentCache corgi:https://registry.npmjs.org/string-width cache-miss
1220 silly packumentCache corgi:https://registry.npmjs.org/is-fullwidth-code-point cache-miss
1221 silly packumentCache corgi:https://registry.npmjs.org/emoji-regex cache-miss
1222 silly packumentCache corgi:https://registry.npmjs.org/ansi-regex cache-miss
1223 silly packumentCache corgi:https://registry.npmjs.org/commander cache-miss
1224 silly packumentCache corgi:https://registry.npmjs.org/signal-exit cache-miss
1225 silly packumentCache corgi:https://registry.npmjs.org/strip-ansi cache-miss
1226 silly packumentCache corgi:https://registry.npmjs.org/string-width cache-miss
1227 silly packumentCache corgi:https://registry.npmjs.org/is-fullwidth-code-point cache-miss
1228 silly packumentCache corgi:https://registry.npmjs.org/emoji-regex cache-miss
1229 silly packumentCache corgi:https://registry.npmjs.org/color-convert cache-miss
1230 silly packumentCache corgi:https://registry.npmjs.org/ansi-styles cache-miss
1231 silly packumentCache corgi:https://registry.npmjs.org/ansi-regex cache-miss
1232 silly packumentCache corgi:https://registry.npmjs.org/readable-stream cache-miss
1233 silly packumentCache corgi:https://registry.npmjs.org/readable-stream cache-miss
1234 silly packumentCache corgi:https://registry.npmjs.org/is-stream cache-miss
1235 silly packumentCache corgi:https://registry.npmjs.org/strip-final-newline cache-miss
1236 silly packumentCache corgi:https://registry.npmjs.org/signal-exit cache-miss
1237 silly packumentCache corgi:https://registry.npmjs.org/onetime cache-miss
1238 silly packumentCache corgi:https://registry.npmjs.org/npm-run-path cache-miss
1239 silly packumentCache corgi:https://registry.npmjs.org/is-stream cache-miss
1240 silly packumentCache corgi:https://registry.npmjs.org/human-signals cache-miss
1241 silly packumentCache corgi:https://registry.npmjs.org/get-stream cache-miss
1242 silly packumentCache corgi:https://registry.npmjs.org/execa cache-miss
1243 silly packumentCache corgi:https://registry.npmjs.org/isexe cache-miss
1244 silly packumentCache corgi:https://registry.npmjs.org/pathe cache-miss
1245 silly packumentCache corgi:https://registry.npmjs.org/readdirp cache-miss
1246 silly packumentCache corgi:https://registry.npmjs.org/lru-cache cache-miss
1247 silly packumentCache corgi:https://registry.npmjs.org/chokidar cache-miss
1248 silly packumentCache corgi:https://registry.npmjs.org/normalize-path cache-miss
1249 silly packumentCache corgi:https://registry.npmjs.org/string_decoder cache-miss
1250 silly packumentCache corgi:https://registry.npmjs.org/safe-buffer cache-miss
1251 silly packumentCache corgi:https://registry.npmjs.org/readable-stream cache-miss
1252 silly packumentCache corgi:https://registry.npmjs.org/supports-hyperlinks cache-miss
1253 silly packumentCache corgi:https://registry.npmjs.org/has-flag cache-miss
1254 silly packumentCache corgi:https://registry.npmjs.org/yallist cache-miss
1255 silly packumentCache corgi:https://registry.npmjs.org/commander cache-miss
1256 silly packumentCache corgi:https://registry.npmjs.org/supports-color cache-miss
1257 silly packumentCache corgi:https://registry.npmjs.org/ansi-regex cache-miss
1258 silly packumentCache corgi:https://registry.npmjs.org/is-fullwidth-code-point cache-miss
1259 silly packumentCache corgi:https://registry.npmjs.org/emoji-regex cache-miss
1260 silly packumentCache corgi:https://registry.npmjs.org/ansi-regex cache-miss
1261 silly packumentCache corgi:https://registry.npmjs.org/path-to-regexp cache-miss
1262 silly packumentCache corgi:https://registry.npmjs.org/strip-ansi cache-miss
1263 silly packumentCache corgi:https://registry.npmjs.org/is-promise cache-miss
1264 silly packumentCache corgi:https://registry.npmjs.org/resolve cache-miss
1265 http cache minimatch@https://registry.npmjs.org/minimatch/-/minimatch-5.1.9.tgz 0ms (cache hit)
1266 silly packumentCache corgi:https://registry.npmjs.org/normalize-package-data cache-miss
1267 silly packumentCache corgi:https://registry.npmjs.org/buffer cache-miss
1268 silly packumentCache corgi:https://registry.npmjs.org/lru-cache cache-miss
1269 silly packumentCache corgi:https://registry.npmjs.org/hosted-git-info cache-miss
1270 silly packumentCache corgi:https://registry.npmjs.org/unicorn-magic cache-miss
1271 silly packumentCache corgi:https://registry.npmjs.org/type-fest cache-miss
1272 silly packumentCache corgi:https://registry.npmjs.org/read-pkg cache-miss
1273 silly packumentCache corgi:https://registry.npmjs.org/normalize-package-data cache-miss
1274 silly packumentCache corgi:https://registry.npmjs.org/lru-cache cache-miss
1275 silly packumentCache corgi:https://registry.npmjs.org/hosted-git-info cache-miss
1276 silly packumentCache corgi:https://registry.npmjs.org/strip-json-comments cache-miss
1277 silly packumentCache corgi:https://registry.npmjs.org/iconv-lite cache-miss
1278 silly packumentCache corgi:https://registry.npmjs.org/split2 cache-miss
1279 silly packumentCache corgi:https://registry.npmjs.org/pino-abstract-transport cache-miss
1280 http cache split2@https://registry.npmjs.org/split2/-/split2-4.2.0.tgz 0ms (cache hit)
1281 silly packumentCache corgi:https://registry.npmjs.org/lru-cache cache-miss
1282 silly packumentCache corgi:https://registry.npmjs.org/safe-buffer cache-miss
1283 silly packumentCache corgi:https://registry.npmjs.org/string_decoder cache-miss
1284 silly packumentCache corgi:https://registry.npmjs.org/readable-stream cache-miss
1285 silly packumentCache corgi:https://registry.npmjs.org/p-timeout cache-miss
1286 silly packumentCache corgi:https://registry.npmjs.org/strip-ansi cache-miss
1287 silly packumentCache corgi:https://registry.npmjs.org/supports-color cache-miss
1288 silly packumentCache corgi:https://registry.npmjs.org/is-unicode-supported cache-miss
1289 silly packumentCache corgi:https://registry.npmjs.org/color-convert cache-miss
1290 silly packumentCache corgi:https://registry.npmjs.org/chalk cache-miss
1291 silly packumentCache corgi:https://registry.npmjs.org/mimic-fn cache-miss
1292 silly packumentCache corgi:https://registry.npmjs.org/ansi-styles cache-miss
1293 silly packumentCache corgi:https://registry.npmjs.org/ansi-regex cache-miss
1294 silly packumentCache corgi:https://registry.npmjs.org/path-key cache-miss
1295 silly packumentCache corgi:https://registry.npmjs.org/statuses cache-miss
1296 silly packumentCache corgi:https://registry.npmjs.org/http-errors cache-miss
1297 silly packumentCache corgi:https://registry.npmjs.org/depd cache-miss
1298 silly packumentCache corgi:https://registry.npmjs.org/picomatch cache-miss
1299 silly packumentCache corgi:https://registry.npmjs.org/is-plain-obj cache-miss
1300 silly packumentCache corgi:https://registry.npmjs.org/pump cache-miss
1301 http cache wrap-ansi@https://registry.npmjs.org/wrap-ansi/-/wrap-ansi-10.0.0.tgz 0ms (cache hit)
1302 http cache strip-ansi@https://registry.npmjs.org/strip-ansi/-/strip-ansi-7.2.0.tgz 0ms (cache hit)
1303 http cache signal-exit@https://registry.npmjs.org/signal-exit/-/signal-exit-4.1.0.tgz 0ms (cache hit)
1304 http cache restore-cursor@https://registry.npmjs.org/restore-cursor/-/restore-cursor-5.1.0.tgz 1ms (cache hit)
1305 http cache string-width@https://registry.npmjs.org/string-width/-/string-width-8.2.0.tgz 0ms (cache hit)
1306 http cache onetime@https://registry.npmjs.org/onetime/-/onetime-7.0.0.tgz 0ms (cache hit)
1307 http cache cli-cursor@https://registry.npmjs.org/cli-cursor/-/cli-cursor-5.0.0.tgz 0ms (cache hit)
1308 silly packumentCache corgi:https://registry.npmjs.org/supports-color cache-miss
1309 silly packumentCache corgi:https://registry.npmjs.org/is-unicode-supported cache-miss
1310 silly packumentCache corgi:https://registry.npmjs.org/color-convert cache-miss
1311 silly packumentCache corgi:https://registry.npmjs.org/chalk cache-miss
1312 silly packumentCache corgi:https://registry.npmjs.org/ansi-styles cache-miss
1313 silly packumentCache corgi:https://registry.npmjs.org/pathe cache-miss
1314 silly packumentCache corgi:https://registry.npmjs.org/process-warning cache-miss
1315 silly packumentCache corgi:https://registry.npmjs.org/safe-buffer cache-miss
1316 silly packumentCache corgi:https://registry.npmjs.org/string_decoder cache-miss
1317 silly packumentCache corgi:https://registry.npmjs.org/readable-stream cache-miss
1318 silly packumentCache corgi:https://registry.npmjs.org/dotenv cache-miss
1319 silly packumentCache corgi:https://registry.npmjs.org/commander cache-miss
1320 silly packumentCache corgi:https://registry.npmjs.org/jws cache-miss
1321 silly packumentCache corgi:https://registry.npmjs.org/jwa cache-miss
1322 http cache is-docker@https://registry.npmjs.org/is-docker/-/is-docker-3.0.0.tgz 0ms (cache hit)
1323 silly packumentCache corgi:https://registry.npmjs.org/type-fest cache-miss
1324 silly packumentCache corgi:https://registry.npmjs.org/tslib cache-miss
1325 silly packumentCache corgi:https://registry.npmjs.org/supports-color cache-miss
1326 silly packumentCache corgi:https://registry.npmjs.org/rxjs cache-miss
1327 silly packumentCache corgi:https://registry.npmjs.org/figures cache-miss
1328 silly packumentCache corgi:https://registry.npmjs.org/escape-string-regexp cache-miss
1329 silly packumentCache corgi:https://registry.npmjs.org/color-convert cache-miss
1330 silly packumentCache corgi:https://registry.npmjs.org/chalk cache-miss
1331 silly packumentCache corgi:https://registry.npmjs.org/ansi-styles cache-miss
1332 silly packumentCache corgi:https://registry.npmjs.org/ansi-escapes cache-miss
1333 silly packumentCache corgi:https://registry.npmjs.org/wrap-ansi cache-miss
1334 silly packumentCache corgi:https://registry.npmjs.org/type-fest cache-miss
1335 silly packumentCache corgi:https://registry.npmjs.org/supports-color cache-miss
1336 silly packumentCache corgi:https://registry.npmjs.org/strip-ansi cache-miss
1337 silly packumentCache corgi:https://registry.npmjs.org/string-width cache-miss
1338 silly packumentCache corgi:https://registry.npmjs.org/is-fullwidth-code-point cache-miss
1339 silly packumentCache corgi:https://registry.npmjs.org/figures cache-miss
1340 silly packumentCache corgi:https://registry.npmjs.org/escape-string-regexp cache-miss
1341 silly packumentCache corgi:https://registry.npmjs.org/emoji-regex cache-miss
1342 silly packumentCache corgi:https://registry.npmjs.org/color-convert cache-miss
1343 silly packumentCache corgi:https://registry.npmjs.org/chalk cache-miss
1344 silly packumentCache corgi:https://registry.npmjs.org/ansi-styles cache-miss
1345 silly packumentCache corgi:https://registry.npmjs.org/ansi-regex cache-miss
1346 silly packumentCache corgi:https://registry.npmjs.org/ansi-escapes cache-miss
1347 http cache agent-base@https://registry.npmjs.org/agent-base/-/agent-base-8.0.0.tgz 0ms (cache hit)
1348 silly packumentCache corgi:https://registry.npmjs.org/lru-cache cache-miss
1349 silly packumentCache corgi:https://registry.npmjs.org/unicorn-magic cache-miss
1350 silly packumentCache corgi:https://registry.npmjs.org/ignore cache-miss
1351 silly packumentCache corgi:https://registry.npmjs.org/ini cache-miss
1352 silly packumentCache corgi:https://registry.npmjs.org/string_decoder cache-miss
1353 silly packumentCache corgi:https://registry.npmjs.org/safe-buffer cache-miss
1354 silly packumentCache corgi:https://registry.npmjs.org/readable-stream cache-miss
1355 silly packumentCache corgi:https://registry.npmjs.org/signal-exit cache-miss
1356 silly packumentCache corgi:https://registry.npmjs.org/unicorn-magic cache-miss
1357 silly packumentCache corgi:https://registry.npmjs.org/glob-parent cache-miss
1358 silly packumentCache corgi:https://registry.npmjs.org/get-stream cache-miss
1359 silly packumentCache corgi:https://registry.npmjs.org/type-is cache-miss
1360 silly packumentCache corgi:https://registry.npmjs.org/statuses cache-miss
1361 silly packumentCache corgi:https://registry.npmjs.org/serve-static cache-miss
1362 silly packumentCache corgi:https://registry.npmjs.org/send cache-miss
1363 silly packumentCache corgi:https://registry.npmjs.org/negotiator cache-miss
1364 silly packumentCache corgi:https://registry.npmjs.org/mime-types cache-miss
1365 silly packumentCache corgi:https://registry.npmjs.org/mime-db cache-miss
1366 silly packumentCache corgi:https://registry.npmjs.org/merge-descriptors cache-miss
1367 silly packumentCache corgi:https://registry.npmjs.org/media-typer cache-miss
1368 silly packumentCache corgi:https://registry.npmjs.org/iconv-lite cache-miss
1369 silly packumentCache corgi:https://registry.npmjs.org/http-errors cache-miss
1370 silly packumentCache corgi:https://registry.npmjs.org/fresh cache-miss
1371 silly packumentCache corgi:https://registry.npmjs.org/finalhandler cache-miss
1372 silly packumentCache corgi:https://registry.npmjs.org/cookie-signature cache-miss
1373 silly packumentCache corgi:https://registry.npmjs.org/cookie cache-miss
1374 silly packumentCache corgi:https://registry.npmjs.org/content-disposition cache-miss
1375 silly packumentCache corgi:https://registry.npmjs.org/body-parser cache-miss
1376 silly packumentCache corgi:https://registry.npmjs.org/accepts cache-miss
1377 silly packumentCache corgi:https://registry.npmjs.org/is-stream cache-miss
1378 silly packumentCache corgi:https://registry.npmjs.org/get-stream cache-miss
1379 silly packumentCache corgi:https://registry.npmjs.org/strip-ansi cache-miss
1380 silly packumentCache corgi:https://registry.npmjs.org/ansi-regex cache-miss
1381 silly packumentCache corgi:https://registry.npmjs.org/type-fest cache-miss
1382 silly packumentCache corgi:https://registry.npmjs.org/entities cache-miss
1383 silly packumentCache corgi:https://registry.npmjs.org/mdn-data cache-miss
1384 silly packumentCache corgi:https://registry.npmjs.org/css-tree cache-miss
1385 silly packumentCache corgi:https://registry.npmjs.org/path-key cache-miss
1386 silly packumentCache corgi:https://registry.npmjs.org/dot-prop cache-miss
1387 silly packumentCache corgi:https://registry.npmjs.org/is-stream cache-miss
1388 silly packumentCache corgi:https://registry.npmjs.org/color-name cache-miss
1389 silly packumentCache corgi:https://registry.npmjs.org/wrap-ansi cache-miss
1390 silly packumentCache corgi:https://registry.npmjs.org/string-width cache-miss
1391 silly packumentCache corgi:https://registry.npmjs.org/strip-ansi cache-miss
1392 silly packumentCache corgi:https://registry.npmjs.org/is-fullwidth-code-point cache-miss
1393 silly packumentCache corgi:https://registry.npmjs.org/emoji-regex cache-miss
1394 silly packumentCache corgi:https://registry.npmjs.org/color-convert cache-miss
1395 silly packumentCache corgi:https://registry.npmjs.org/ansi-styles cache-miss
1396 silly packumentCache corgi:https://registry.npmjs.org/ansi-regex cache-miss
1397 silly packumentCache corgi:https://registry.npmjs.org/strip-final-newline cache-miss
1398 silly packumentCache corgi:https://registry.npmjs.org/signal-exit cache-miss
1399 silly packumentCache corgi:https://registry.npmjs.org/onetime cache-miss
1400 silly packumentCache corgi:https://registry.npmjs.org/npm-run-path cache-miss
1401 silly packumentCache corgi:https://registry.npmjs.org/is-stream cache-miss
1402 silly packumentCache corgi:https://registry.npmjs.org/human-signals cache-miss
1403 silly packumentCache corgi:https://registry.npmjs.org/get-stream cache-miss
1404 silly packumentCache corgi:https://registry.npmjs.org/execa cache-miss
1405 silly packumentCache corgi:https://registry.npmjs.org/readable-stream cache-miss
1406 silly packumentCache corgi:https://registry.npmjs.org/supports-color cache-miss
1407 silly packumentCache corgi:https://registry.npmjs.org/color-convert cache-miss
1408 silly packumentCache corgi:https://registry.npmjs.org/chalk cache-miss
1409 silly packumentCache corgi:https://registry.npmjs.org/ansi-styles cache-miss
1410 silly packumentCache corgi:https://registry.npmjs.org/is-stream cache-miss
1411 silly packumentCache corgi:https://registry.npmjs.org/picomatch cache-miss
1412 silly packumentCache corgi:https://registry.npmjs.org/strip-ansi cache-miss
1413 silly packumentCache corgi:https://registry.npmjs.org/string-width cache-miss
1414 silly packumentCache corgi:https://registry.npmjs.org/is-fullwidth-code-point cache-miss
1415 silly packumentCache corgi:https://registry.npmjs.org/emoji-regex cache-miss
1416 silly packumentCache corgi:https://registry.npmjs.org/ansi-regex cache-miss
1417 silly packumentCache corgi:https://registry.npmjs.org/urlpattern-polyfill cache-miss
1418 silly packumentCache corgi:https://registry.npmjs.org/entities cache-miss
1419 silly packumentCache corgi:https://registry.npmjs.org/eslint-visitor-keys cache-miss
1420 silly packumentCache corgi:https://registry.npmjs.org/graceful-fs cache-miss
1421 silly packumentCache corgi:https://registry.npmjs.org/detect-libc cache-miss
1422 http cache strip-final-newline@https://registry.npmjs.org/strip-final-newline/-/strip-final-newline-3.0.0.tgz 0ms (cache hit)
1423 http cache signal-exit@https://registry.npmjs.org/signal-exit/-/signal-exit-4.1.0.tgz 0ms (cache hit)
1424 http cache onetime@https://registry.npmjs.org/onetime/-/onetime-6.0.0.tgz 0ms (cache hit)
1425 http cache npm-run-path@https://registry.npmjs.org/npm-run-path/-/npm-run-path-5.3.0.tgz 0ms (cache hit)
1426 http cache minimatch@https://registry.npmjs.org/minimatch/-/minimatch-10.2.4.tgz 0ms (cache hit)
1427 http cache locate-path@https://registry.npmjs.org/locate-path/-/locate-path-7.2.0.tgz 0ms (cache hit)
1428 http cache is-stream@https://registry.npmjs.org/is-stream/-/is-stream-3.0.0.tgz 0ms (cache hit)
1429 http cache human-signals@https://registry.npmjs.org/human-signals/-/human-signals-5.0.0.tgz 0ms (cache hit)
1430 http cache get-stream@https://registry.npmjs.org/get-stream/-/get-stream-8.0.1.tgz 0ms (cache hit)
1431 http cache find-up@https://registry.npmjs.org/find-up/-/find-up-7.0.0.tgz 1ms (cache hit)
1432 http cache execa@https://registry.npmjs.org/execa/-/execa-8.0.1.tgz 0ms (cache hit)
1433 http cache esbuild@https://registry.npmjs.org/esbuild/-/esbuild-0.27.3.tgz 0ms (cache hit)
1434 http cache brace-expansion@https://registry.npmjs.org/brace-expansion/-/brace-expansion-5.0.4.tgz 0ms (cache hit)
1435 http cache balanced-match@https://registry.npmjs.org/balanced-match/-/balanced-match-4.0.4.tgz 0ms (cache hit)
1436 http cache @esbuild/win32-x64@https://registry.npmjs.org/@esbuild/win32-x64/-/win32-x64-0.27.3.tgz 0ms (cache hit)
1437 http cache @esbuild/win32-ia32@https://registry.npmjs.org/@esbuild/win32-ia32/-/win32-ia32-0.27.3.tgz 0ms (cache hit)
1438 http cache @esbuild/win32-arm64@https://registry.npmjs.org/@esbuild/win32-arm64/-/win32-arm64-0.27.3.tgz 0ms (cache hit)
1439 http cache @esbuild/sunos-x64@https://registry.npmjs.org/@esbuild/sunos-x64/-/sunos-x64-0.27.3.tgz 0ms (cache hit)
1440 http cache @esbuild/openharmony-arm64@https://registry.npmjs.org/@esbuild/openharmony-arm64/-/openharmony-arm64-0.27.3.tgz 0ms (cache hit)
1441 http cache @esbuild/openbsd-arm64@https://registry.npmjs.org/@esbuild/openbsd-arm64/-/openbsd-arm64-0.27.3.tgz 0ms (cache hit)
1442 http cache @esbuild/openbsd-x64@https://registry.npmjs.org/@esbuild/openbsd-x64/-/openbsd-x64-0.27.3.tgz 0ms (cache hit)
1443 http cache @esbuild/netbsd-x64@https://registry.npmjs.org/@esbuild/netbsd-x64/-/netbsd-x64-0.27.3.tgz 0ms (cache hit)
1444 http cache @esbuild/netbsd-arm64@https://registry.npmjs.org/@esbuild/netbsd-arm64/-/netbsd-arm64-0.27.3.tgz 0ms (cache hit)
1445 http cache @esbuild/linux-x64@https://registry.npmjs.org/@esbuild/linux-x64/-/linux-x64-0.27.3.tgz 0ms (cache hit)
1446 http cache @esbuild/linux-s390x@https://registry.npmjs.org/@esbuild/linux-s390x/-/linux-s390x-0.27.3.tgz 0ms (cache hit)
1447 http cache @esbuild/linux-riscv64@https://registry.npmjs.org/@esbuild/linux-riscv64/-/linux-riscv64-0.27.3.tgz 0ms (cache hit)
1448 http cache @esbuild/linux-ppc64@https://registry.npmjs.org/@esbuild/linux-ppc64/-/linux-ppc64-0.27.3.tgz 0ms (cache hit)
1449 http cache @esbuild/linux-mips64el@https://registry.npmjs.org/@esbuild/linux-mips64el/-/linux-mips64el-0.27.3.tgz 0ms (cache hit)
1450 http cache @esbuild/linux-loong64@https://registry.npmjs.org/@esbuild/linux-loong64/-/linux-loong64-0.27.3.tgz 0ms (cache hit)
1451 http cache @esbuild/linux-ia32@https://registry.npmjs.org/@esbuild/linux-ia32/-/linux-ia32-0.27.3.tgz 0ms (cache hit)
1452 http cache @esbuild/linux-arm64@https://registry.npmjs.org/@esbuild/linux-arm64/-/linux-arm64-0.27.3.tgz 0ms (cache hit)
1453 http cache @esbuild/linux-arm@https://registry.npmjs.org/@esbuild/linux-arm/-/linux-arm-0.27.3.tgz 0ms (cache hit)
1454 http cache @esbuild/freebsd-x64@https://registry.npmjs.org/@esbuild/freebsd-x64/-/freebsd-x64-0.27.3.tgz 0ms (cache hit)
1455 http cache @esbuild/freebsd-arm64@https://registry.npmjs.org/@esbuild/freebsd-arm64/-/freebsd-arm64-0.27.3.tgz 0ms (cache hit)
1456 http cache @esbuild/darwin-x64@https://registry.npmjs.org/@esbuild/darwin-x64/-/darwin-x64-0.27.3.tgz 0ms (cache hit)
1457 http cache @esbuild/darwin-arm64@https://registry.npmjs.org/@esbuild/darwin-arm64/-/darwin-arm64-0.27.3.tgz 0ms (cache hit)
1458 http cache @esbuild/android-x64@https://registry.npmjs.org/@esbuild/android-x64/-/android-x64-0.27.3.tgz 0ms (cache hit)
1459 http cache @esbuild/android-arm64@https://registry.npmjs.org/@esbuild/android-arm64/-/android-arm64-0.27.3.tgz 0ms (cache hit)
1460 http cache @esbuild/android-arm@https://registry.npmjs.org/@esbuild/android-arm/-/android-arm-0.27.3.tgz 0ms (cache hit)
1461 http cache @esbuild/aix-ppc64@https://registry.npmjs.org/@esbuild/aix-ppc64/-/aix-ppc64-0.27.3.tgz 0ms (cache hit)
1462 silly packumentCache corgi:https://registry.npmjs.org/mime-types cache-miss
1463 silly packumentCache corgi:https://registry.npmjs.org/mime-db cache-miss
1464 http cache @netlify/blobs@https://registry.npmjs.org/@netlify/blobs/-/blobs-10.7.4.tgz 0ms (cache hit)
1465 silly packumentCache corgi:https://registry.npmjs.org/strip-final-newline cache-miss
1466 silly packumentCache corgi:https://registry.npmjs.org/signal-exit cache-miss
1467 silly packumentCache corgi:https://registry.npmjs.org/onetime cache-miss
1468 silly packumentCache corgi:https://registry.npmjs.org/npm-run-path cache-miss
1469 silly packumentCache corgi:https://registry.npmjs.org/is-stream cache-miss
1470 silly packumentCache corgi:https://registry.npmjs.org/human-signals cache-miss
1471 silly packumentCache corgi:https://registry.npmjs.org/get-stream cache-miss
1472 silly packumentCache corgi:https://registry.npmjs.org/execa cache-miss
1473 silly packumentCache corgi:https://registry.npmjs.org/@opentelemetry%2fapi cache-miss
1474 silly packumentCache corgi:https://registry.npmjs.org/signal-exit cache-miss
1475 silly packumentCache corgi:https://registry.npmjs.org/strip-final-newline cache-miss
1476 silly packumentCache corgi:https://registry.npmjs.org/onetime cache-miss
1477 silly packumentCache corgi:https://registry.npmjs.org/npm-run-path cache-miss
1478 silly packumentCache corgi:https://registry.npmjs.org/is-stream cache-miss
1479 silly packumentCache corgi:https://registry.npmjs.org/human-signals cache-miss
1480 silly packumentCache corgi:https://registry.npmjs.org/get-stream cache-miss
1481 silly packumentCache corgi:https://registry.npmjs.org/execa cache-miss
1482 silly packumentCache corgi:https://registry.npmjs.org/read-package-up cache-miss
1483 http cache @netlify/blobs@https://registry.npmjs.org/@netlify/blobs/-/blobs-10.7.4.tgz 1ms (cache hit)
1484 silly packumentCache corgi:https://registry.npmjs.org/get-port cache-miss
1485 silly packumentCache corgi:https://registry.npmjs.org/@netlify%2fedge-functions-bootstrap cache-miss
1486 http cache uuid@https://registry.npmjs.org/uuid/-/uuid-11.1.0.tgz 0ms (cache hit)
1487 http cache strip-final-newline@https://registry.npmjs.org/strip-final-newline/-/strip-final-newline-3.0.0.tgz 1ms (cache hit)
1488 http cache signal-exit@https://registry.npmjs.org/signal-exit/-/signal-exit-4.1.0.tgz 0ms (cache hit)
1489 http cache p-wait-for@https://registry.npmjs.org/p-wait-for/-/p-wait-for-5.0.2.tgz 0ms (cache hit)
1490 http cache p-timeout@https://registry.npmjs.org/p-timeout/-/p-timeout-6.1.4.tgz 0ms (cache hit)
1491 http cache onetime@https://registry.npmjs.org/onetime/-/onetime-6.0.0.tgz 0ms (cache hit)
1492 http cache npm-run-path@https://registry.npmjs.org/npm-run-path/-/npm-run-path-5.3.0.tgz 0ms (cache hit)
1493 http cache locate-path@https://registry.npmjs.org/locate-path/-/locate-path-7.2.0.tgz 0ms (cache hit)
1494 http cache is-stream@https://registry.npmjs.org/is-stream/-/is-stream-3.0.0.tgz 0ms (cache hit)
1495 http cache human-signals@https://registry.npmjs.org/human-signals/-/human-signals-5.0.0.tgz 0ms (cache hit)
1496 http cache get-stream@https://registry.npmjs.org/get-stream/-/get-stream-8.0.1.tgz 0ms (cache hit)
1497 http cache get-port@https://registry.npmjs.org/get-port/-/get-port-7.2.0.tgz 0ms (cache hit)
1498 http cache find-up@https://registry.npmjs.org/find-up/-/find-up-7.0.0.tgz 0ms (cache hit)
1499 http cache execa@https://registry.npmjs.org/execa/-/execa-8.0.1.tgz 0ms (cache hit)
1500 http cache esbuild@https://registry.npmjs.org/esbuild/-/esbuild-0.27.3.tgz 0ms (cache hit)
1501 http cache env-paths@https://registry.npmjs.org/env-paths/-/env-paths-3.0.0.tgz 1ms (cache hit)
1502 http cache @esbuild/win32-x64@https://registry.npmjs.org/@esbuild/win32-x64/-/win32-x64-0.27.3.tgz 0ms (cache hit)
1503 http cache @esbuild/win32-ia32@https://registry.npmjs.org/@esbuild/win32-ia32/-/win32-ia32-0.27.3.tgz 0ms (cache hit)
1504 http cache @esbuild/win32-arm64@https://registry.npmjs.org/@esbuild/win32-arm64/-/win32-arm64-0.27.3.tgz 0ms (cache hit)
1505 http cache @esbuild/sunos-x64@https://registry.npmjs.org/@esbuild/sunos-x64/-/sunos-x64-0.27.3.tgz 0ms (cache hit)
1506 http cache @esbuild/openharmony-arm64@https://registry.npmjs.org/@esbuild/openharmony-arm64/-/openharmony-arm64-0.27.3.tgz 0ms (cache hit)
1507 http cache @esbuild/openbsd-x64@https://registry.npmjs.org/@esbuild/openbsd-x64/-/openbsd-x64-0.27.3.tgz 0ms (cache hit)
1508 http cache @esbuild/openbsd-arm64@https://registry.npmjs.org/@esbuild/openbsd-arm64/-/openbsd-arm64-0.27.3.tgz 0ms (cache hit)
1509 http cache @esbuild/netbsd-x64@https://registry.npmjs.org/@esbuild/netbsd-x64/-/netbsd-x64-0.27.3.tgz 0ms (cache hit)
1510 http cache @esbuild/netbsd-arm64@https://registry.npmjs.org/@esbuild/netbsd-arm64/-/netbsd-arm64-0.27.3.tgz 0ms (cache hit)
1511 http cache @esbuild/linux-x64@https://registry.npmjs.org/@esbuild/linux-x64/-/linux-x64-0.27.3.tgz 0ms (cache hit)
1512 http cache @esbuild/linux-s390x@https://registry.npmjs.org/@esbuild/linux-s390x/-/linux-s390x-0.27.3.tgz 0ms (cache hit)
1513 http cache @esbuild/linux-riscv64@https://registry.npmjs.org/@esbuild/linux-riscv64/-/linux-riscv64-0.27.3.tgz 0ms (cache hit)
1514 http cache @esbuild/linux-ppc64@https://registry.npmjs.org/@esbuild/linux-ppc64/-/linux-ppc64-0.27.3.tgz 0ms (cache hit)
1515 http cache @esbuild/linux-mips64el@https://registry.npmjs.org/@esbuild/linux-mips64el/-/linux-mips64el-0.27.3.tgz 0ms (cache hit)
1516 http cache @esbuild/linux-loong64@https://registry.npmjs.org/@esbuild/linux-loong64/-/linux-loong64-0.27.3.tgz 0ms (cache hit)
1517 http cache @esbuild/linux-ia32@https://registry.npmjs.org/@esbuild/linux-ia32/-/linux-ia32-0.27.3.tgz 0ms (cache hit)
1518 http cache @esbuild/linux-arm64@https://registry.npmjs.org/@esbuild/linux-arm64/-/linux-arm64-0.27.3.tgz 0ms (cache hit)
1519 http cache @esbuild/linux-arm@https://registry.npmjs.org/@esbuild/linux-arm/-/linux-arm-0.27.3.tgz 0ms (cache hit)
1520 http cache @esbuild/freebsd-x64@https://registry.npmjs.org/@esbuild/freebsd-x64/-/freebsd-x64-0.27.3.tgz 0ms (cache hit)
1521 http cache @esbuild/freebsd-arm64@https://registry.npmjs.org/@esbuild/freebsd-arm64/-/freebsd-arm64-0.27.3.tgz 0ms (cache hit)
1522 http cache @esbuild/darwin-x64@https://registry.npmjs.org/@esbuild/darwin-x64/-/darwin-x64-0.27.3.tgz 0ms (cache hit)
1523 http cache @esbuild/darwin-arm64@https://registry.npmjs.org/@esbuild/darwin-arm64/-/darwin-arm64-0.27.3.tgz 0ms (cache hit)
1524 http cache @esbuild/android-x64@https://registry.npmjs.org/@esbuild/android-x64/-/android-x64-0.27.3.tgz 0ms (cache hit)
1525 http cache @esbuild/android-arm64@https://registry.npmjs.org/@esbuild/android-arm64/-/android-arm64-0.27.3.tgz 0ms (cache hit)
1526 http cache @esbuild/android-arm@https://registry.npmjs.org/@esbuild/android-arm/-/android-arm-0.27.3.tgz 0ms (cache hit)
1527 http cache @esbuild/aix-ppc64@https://registry.npmjs.org/@esbuild/aix-ppc64/-/aix-ppc64-0.27.3.tgz 0ms (cache hit)
1528 http cache env-paths@https://registry.npmjs.org/env-paths/-/env-paths-3.0.0.tgz 0ms (cache hit)
1529 http cache dot-prop@https://registry.npmjs.org/dot-prop/-/dot-prop-9.0.0.tgz 0ms (cache hit)
1530 http cache @netlify/blobs@https://registry.npmjs.org/@netlify/blobs/-/blobs-10.7.4.tgz 0ms (cache hit)
1531 http cache strip-final-newline@https://registry.npmjs.org/strip-final-newline/-/strip-final-newline-3.0.0.tgz 0ms (cache hit)
1532 http cache zod@https://registry.npmjs.org/zod/-/zod-4.3.6.tgz 0ms (cache hit)
1533 http cache signal-exit@https://registry.npmjs.org/signal-exit/-/signal-exit-4.1.0.tgz 0ms (cache hit)
1534 http cache read-package-up@https://registry.npmjs.org/read-package-up/-/read-package-up-11.0.0.tgz 0ms (cache hit)
1535 http cache onetime@https://registry.npmjs.org/onetime/-/onetime-6.0.0.tgz 1ms (cache hit)
1536 http cache npm-run-path@https://registry.npmjs.org/npm-run-path/-/npm-run-path-5.3.0.tgz 0ms (cache hit)
1537 http cache locate-path@https://registry.npmjs.org/locate-path/-/locate-path-7.2.0.tgz 0ms (cache hit)
1538 http cache is-stream@https://registry.npmjs.org/is-stream/-/is-stream-3.0.0.tgz 1ms (cache hit)
1539 http cache human-signals@https://registry.npmjs.org/human-signals/-/human-signals-5.0.0.tgz 0ms (cache hit)
1540 http cache get-stream@https://registry.npmjs.org/get-stream/-/get-stream-8.0.1.tgz 0ms (cache hit)
1541 http cache find-up@https://registry.npmjs.org/find-up/-/find-up-7.0.0.tgz 0ms (cache hit)
1542 http cache execa@https://registry.npmjs.org/execa/-/execa-8.0.1.tgz 0ms (cache hit)
1543 http cache dot-prop@https://registry.npmjs.org/dot-prop/-/dot-prop-9.0.0.tgz 0ms (cache hit)
1544 http cache minimatch@https://registry.npmjs.org/minimatch/-/minimatch-10.2.4.tgz 0ms (cache hit)
1545 http cache locate-path@https://registry.npmjs.org/locate-path/-/locate-path-7.2.0.tgz 0ms (cache hit)
1546 http cache locate-path@https://registry.npmjs.org/locate-path/-/locate-path-7.2.0.tgz 0ms (cache hit)
1547 http cache find-up@https://registry.npmjs.org/find-up/-/find-up-7.0.0.tgz 0ms (cache hit)
1548 http cache dot-prop@https://registry.npmjs.org/dot-prop/-/dot-prop-9.0.0.tgz 0ms (cache hit)
1549 http cache brace-expansion@https://registry.npmjs.org/brace-expansion/-/brace-expansion-5.0.4.tgz 0ms (cache hit)
1550 http cache balanced-match@https://registry.npmjs.org/balanced-match/-/balanced-match-4.0.4.tgz 0ms (cache hit)
1551 http cache uuid@https://registry.npmjs.org/uuid/-/uuid-11.1.0.tgz 0ms (cache hit)
1552 http cache terminal-link@https://registry.npmjs.org/terminal-link/-/terminal-link-4.0.0.tgz 0ms (cache hit)
1553 http cache strip-final-newline@https://registry.npmjs.org/strip-final-newline/-/strip-final-newline-3.0.0.tgz 0ms (cache hit)
1554 http cache signal-exit@https://registry.npmjs.org/signal-exit/-/signal-exit-4.1.0.tgz 0ms (cache hit)
1555 http cache read-package-up@https://registry.npmjs.org/read-package-up/-/read-package-up-11.0.0.tgz 0ms (cache hit)
1556 http cache onetime@https://registry.npmjs.org/onetime/-/onetime-6.0.0.tgz 0ms (cache hit)
1557 http cache npm-run-path@https://registry.npmjs.org/npm-run-path/-/npm-run-path-5.3.0.tgz 0ms (cache hit)
1558 http cache minimatch@https://registry.npmjs.org/minimatch/-/minimatch-10.2.4.tgz 0ms (cache hit)
1559 http cache is-stream@https://registry.npmjs.org/is-stream/-/is-stream-3.0.0.tgz 0ms (cache hit)
1560 http cache human-signals@https://registry.npmjs.org/human-signals/-/human-signals-5.0.0.tgz 0ms (cache hit)
1561 http cache get-stream@https://registry.npmjs.org/get-stream/-/get-stream-8.0.1.tgz 0ms (cache hit)
1562 http cache execa@https://registry.npmjs.org/execa/-/execa-8.0.1.tgz 0ms (cache hit)
1563 http cache brace-expansion@https://registry.npmjs.org/brace-expansion/-/brace-expansion-5.0.4.tgz 0ms (cache hit)
1564 http cache balanced-match@https://registry.npmjs.org/balanced-match/-/balanced-match-4.0.4.tgz 0ms (cache hit)
1565 http cache @sindresorhus/slugify@https://registry.npmjs.org/@sindresorhus/slugify/-/slugify-2.2.1.tgz 0ms (cache hit)
1566 http cache env-paths@https://registry.npmjs.org/env-paths/-/env-paths-3.0.0.tgz 1ms (cache hit)
1567 http cache dot-prop@https://registry.npmjs.org/dot-prop/-/dot-prop-9.0.0.tgz 0ms (cache hit)
1568 http cache @netlify/dev-utils@https://registry.npmjs.org/@netlify/dev-utils/-/dev-utils-4.3.3.tgz 0ms (cache hit)
1569 http cache p-wait-for@https://registry.npmjs.org/p-wait-for/-/p-wait-for-5.0.2.tgz 0ms (cache hit)
1570 http cache p-timeout@https://registry.npmjs.org/p-timeout/-/p-timeout-6.1.4.tgz 0ms (cache hit)
1571 silly packumentCache corgi:https://registry.npmjs.org/node-fetch cache-miss
1572 http cache https-proxy-agent@https://registry.npmjs.org/https-proxy-agent/-/https-proxy-agent-7.0.6.tgz 0ms (cache hit)
1573 silly packumentCache corgi:https://registry.npmjs.org/wrap-ansi cache-miss
1574 silly packumentCache corgi:https://registry.npmjs.org/string-width cache-miss
1575 silly packumentCache corgi:https://registry.npmjs.org/emoji-regex cache-miss
1576 silly packumentCache corgi:https://registry.npmjs.org/iconv-lite cache-miss
1577 silly packumentCache corgi:https://registry.npmjs.org/path-scurry cache-miss
1578 http cache minimatch@https://registry.npmjs.org/minimatch/-/minimatch-10.2.4.tgz 0ms (cache hit)
1579 silly packumentCache corgi:https://registry.npmjs.org/lru-cache cache-miss
1580 silly packumentCache corgi:https://registry.npmjs.org/content-disposition cache-miss
1581 silly packumentCache corgi:https://registry.npmjs.org/glob cache-miss
1582 http cache brace-expansion@https://registry.npmjs.org/brace-expansion/-/brace-expansion-5.0.4.tgz 0ms (cache hit)
1583 http cache balanced-match@https://registry.npmjs.org/balanced-match/-/balanced-match-4.0.4.tgz 0ms (cache hit)
1584 silly packumentCache corgi:https://registry.npmjs.org/ipaddr.js cache-miss
1585 silly packumentCache corgi:https://registry.npmjs.org/@jridgewell%2ftrace-mapping cache-miss
1586 silly tarball no local data for tar@https://registry.npmjs.org/tar/-/tar-7.5.12.tgz. Extracting by manifest.
1587 silly tarball no local data for svgo@https://registry.npmjs.org/svgo/-/svgo-4.0.1.tgz. Extracting by manifest.
1588 silly tarball no local data for slice-ansi@https://registry.npmjs.org/slice-ansi/-/slice-ansi-8.0.0.tgz. Extracting by manifest.
1589 silly tarball no local data for sax@https://registry.npmjs.org/sax/-/sax-1.5.0.tgz. Extracting by manifest.
1590 silly tarball no local data for postgres-interval@https://registry.npmjs.org/postgres-interval/-/postgres-interval-1.2.0.tgz. Extracting by manifest.
1591 silly tarball no local data for postgres-date@https://registry.npmjs.org/postgres-date/-/postgres-date-1.0.7.tgz. Extracting by manifest.
1592 silly tarball no local data for postgres-bytea@https://registry.npmjs.org/postgres-bytea/-/postgres-bytea-1.0.1.tgz. Extracting by manifest.
1593 silly tarball no local data for postgres-array@https://registry.npmjs.org/postgres-array/-/postgres-array-2.0.0.tgz. Extracting by manifest.
1594 silly tarball no local data for pgpass@https://registry.npmjs.org/pgpass/-/pgpass-1.0.5.tgz. Extracting by manifest.
1595 silly tarball no local data for pg-types@https://registry.npmjs.org/pg-types/-/pg-types-2.2.0.tgz. Extracting by manifest.
1596 silly tarball no local data for pg-pool@https://registry.npmjs.org/pg-pool/-/pg-pool-3.13.0.tgz. Extracting by manifest.
1597 silly tarball no local data for pg-int8@https://registry.npmjs.org/pg-int8/-/pg-int8-1.0.1.tgz. Extracting by manifest.
1598 silly tarball no local data for pg-gateway@https://registry.npmjs.org/pg-gateway/-/pg-gateway-0.3.0-beta.4.tgz. Extracting by manifest.
1599 silly tarball no local data for pg-connection-string@https://registry.npmjs.org/pg-connection-string/-/pg-connection-string-2.12.0.tgz. Extracting by manifest.
1600 silly tarball no local data for pg-protocol@https://registry.npmjs.org/pg-protocol/-/pg-protocol-1.13.0.tgz. Extracting by manifest.
1601 silly tarball no local data for pg-cloudflare@https://registry.npmjs.org/pg-cloudflare/-/pg-cloudflare-1.3.0.tgz. Extracting by manifest.
1602 silly tarball no local data for pg@https://registry.npmjs.org/pg/-/pg-8.20.0.tgz. Extracting by manifest.
1603 silly tarball no local data for modern-tar@https://registry.npmjs.org/modern-tar/-/modern-tar-0.7.5.tgz. Extracting by manifest.
1604 silly tarball no local data for minimatch@https://registry.npmjs.org/minimatch/-/minimatch-9.0.9.tgz. Extracting by manifest.
1605 silly tarball no local data for log-update@https://registry.npmjs.org/log-update/-/log-update-7.2.0.tgz. Extracting by manifest.
1606 silly tarball no local data for locate-path@https://registry.npmjs.org/locate-path/-/locate-path-8.0.0.tgz. Extracting by manifest.
1607 silly tarball no local data for isexe@https://registry.npmjs.org/isexe/-/isexe-4.0.0.tgz. Extracting by manifest.
1608 silly tarball no local data for is-docker@https://registry.npmjs.org/is-docker/-/is-docker-4.0.0.tgz. Extracting by manifest.
1609 silly tarball no local data for https-proxy-agent@https://registry.npmjs.org/https-proxy-agent/-/https-proxy-agent-8.0.0.tgz. Extracting by manifest.
1610 silly tarball no local data for h3@https://registry.npmjs.org/h3/-/h3-1.15.9.tgz. Extracting by manifest.
1611 silly tarball no local data for get-east-asian-width@https://registry.npmjs.org/get-east-asian-width/-/get-east-asian-width-1.5.0.tgz. Extracting by manifest.
1612 silly tarball no local data for fastify@https://registry.npmjs.org/fastify/-/fastify-5.8.2.tgz. Extracting by manifest.
1613 silly tarball no local data for envinfo@https://registry.npmjs.org/envinfo/-/envinfo-7.21.0.tgz. Extracting by manifest.
1614 silly tarball no local data for comment-json@https://registry.npmjs.org/comment-json/-/comment-json-4.6.2.tgz. Extracting by manifest.
1615 silly tarball no local data for ansi-escapes@https://registry.npmjs.org/ansi-escapes/-/ansi-escapes-7.3.0.tgz. Extracting by manifest.
1616 silly tarball no local data for ajv@https://registry.npmjs.org/ajv/-/ajv-8.18.0.tgz. Extracting by manifest.
1617 silly tarball no local data for @rollup/rollup-win32-x64-gnu@https://registry.npmjs.org/@rollup/rollup-win32-x64-gnu/-/rollup-win32-x64-gnu-4.59.0.tgz. Extracting by manifest.
1618 silly tarball no local data for @rollup/rollup-win32-x64-msvc@https://registry.npmjs.org/@rollup/rollup-win32-x64-msvc/-/rollup-win32-x64-msvc-4.59.0.tgz. Extracting by manifest.
1619 silly tarball no local data for @rollup/rollup-win32-ia32-msvc@https://registry.npmjs.org/@rollup/rollup-win32-ia32-msvc/-/rollup-win32-ia32-msvc-4.59.0.tgz. Extracting by manifest.
1620 silly tarball no local data for @rollup/rollup-win32-arm64-msvc@https://registry.npmjs.org/@rollup/rollup-win32-arm64-msvc/-/rollup-win32-arm64-msvc-4.59.0.tgz. Extracting by manifest.
1621 silly tarball no local data for @rollup/rollup-openharmony-arm64@https://registry.npmjs.org/@rollup/rollup-openharmony-arm64/-/rollup-openharmony-arm64-4.59.0.tgz. Extracting by manifest.
1622 silly tarball no local data for @rollup/rollup-openbsd-x64@https://registry.npmjs.org/@rollup/rollup-openbsd-x64/-/rollup-openbsd-x64-4.59.0.tgz. Extracting by manifest.
1623 silly tarball no local data for @rollup/rollup-linux-x64-musl@https://registry.npmjs.org/@rollup/rollup-linux-x64-musl/-/rollup-linux-x64-musl-4.59.0.tgz. Extracting by manifest.
1624 silly tarball no local data for @rollup/rollup-linux-x64-gnu@https://registry.npmjs.org/@rollup/rollup-linux-x64-gnu/-/rollup-linux-x64-gnu-4.59.0.tgz. Extracting by manifest.
1625 silly tarball no local data for @rollup/rollup-linux-s390x-gnu@https://registry.npmjs.org/@rollup/rollup-linux-s390x-gnu/-/rollup-linux-s390x-gnu-4.59.0.tgz. Extracting by manifest.
1626 silly tarball no local data for @rollup/rollup-linux-riscv64-musl@https://registry.npmjs.org/@rollup/rollup-linux-riscv64-musl/-/rollup-linux-riscv64-musl-4.59.0.tgz. Extracting by manifest.
1627 silly tarball no local data for @rollup/rollup-linux-riscv64-gnu@https://registry.npmjs.org/@rollup/rollup-linux-riscv64-gnu/-/rollup-linux-riscv64-gnu-4.59.0.tgz. Extracting by manifest.
1628 silly tarball no local data for @rollup/rollup-linux-ppc64-musl@https://registry.npmjs.org/@rollup/rollup-linux-ppc64-musl/-/rollup-linux-ppc64-musl-4.59.0.tgz. Extracting by manifest.
1629 silly tarball no local data for @rollup/rollup-linux-loong64-musl@https://registry.npmjs.org/@rollup/rollup-linux-loong64-musl/-/rollup-linux-loong64-musl-4.59.0.tgz. Extracting by manifest.
1630 silly tarball no local data for @rollup/rollup-linux-ppc64-gnu@https://registry.npmjs.org/@rollup/rollup-linux-ppc64-gnu/-/rollup-linux-ppc64-gnu-4.59.0.tgz. Extracting by manifest.
1631 silly tarball no local data for @rollup/rollup-linux-loong64-gnu@https://registry.npmjs.org/@rollup/rollup-linux-loong64-gnu/-/rollup-linux-loong64-gnu-4.59.0.tgz. Extracting by manifest.
1632 silly tarball no local data for @rollup/rollup-linux-arm64-musl@https://registry.npmjs.org/@rollup/rollup-linux-arm64-musl/-/rollup-linux-arm64-musl-4.59.0.tgz. Extracting by manifest.
1633 silly tarball no local data for @rollup/rollup-linux-arm64-gnu@https://registry.npmjs.org/@rollup/rollup-linux-arm64-gnu/-/rollup-linux-arm64-gnu-4.59.0.tgz. Extracting by manifest.
1634 silly tarball no local data for @rollup/rollup-linux-arm-musleabihf@https://registry.npmjs.org/@rollup/rollup-linux-arm-musleabihf/-/rollup-linux-arm-musleabihf-4.59.0.tgz. Extracting by manifest.
1635 silly tarball no local data for @rollup/rollup-linux-arm-gnueabihf@https://registry.npmjs.org/@rollup/rollup-linux-arm-gnueabihf/-/rollup-linux-arm-gnueabihf-4.59.0.tgz. Extracting by manifest.
1636 silly tarball no local data for @rollup/rollup-freebsd-x64@https://registry.npmjs.org/@rollup/rollup-freebsd-x64/-/rollup-freebsd-x64-4.59.0.tgz. Extracting by manifest.
1637 silly tarball no local data for @rollup/rollup-freebsd-arm64@https://registry.npmjs.org/@rollup/rollup-freebsd-arm64/-/rollup-freebsd-arm64-4.59.0.tgz. Extracting by manifest.
1638 silly tarball no local data for @rollup/rollup-darwin-x64@https://registry.npmjs.org/@rollup/rollup-darwin-x64/-/rollup-darwin-x64-4.59.0.tgz. Extracting by manifest.
1639 silly tarball no local data for @rollup/rollup-darwin-arm64@https://registry.npmjs.org/@rollup/rollup-darwin-arm64/-/rollup-darwin-arm64-4.59.0.tgz. Extracting by manifest.
1640 silly tarball no local data for @rollup/rollup-android-arm-eabi@https://registry.npmjs.org/@rollup/rollup-android-arm-eabi/-/rollup-android-arm-eabi-4.59.0.tgz. Extracting by manifest.
1641 silly tarball no local data for @parcel/watcher-win32-x64@https://registry.npmjs.org/@parcel/watcher-win32-x64/-/watcher-win32-x64-2.5.1.tgz. Extracting by manifest.
1642 silly tarball no local data for @parcel/watcher-win32-arm64@https://registry.npmjs.org/@parcel/watcher-win32-arm64/-/watcher-win32-arm64-2.5.1.tgz. Extracting by manifest.
1643 silly tarball no local data for @parcel/watcher-win32-ia32@https://registry.npmjs.org/@parcel/watcher-win32-ia32/-/watcher-win32-ia32-2.5.1.tgz. Extracting by manifest.
1644 silly tarball no local data for @parcel/watcher-linux-x64-musl@https://registry.npmjs.org/@parcel/watcher-linux-x64-musl/-/watcher-linux-x64-musl-2.5.1.tgz. Extracting by manifest.
1645 silly tarball no local data for @parcel/watcher-linux-x64-glibc@https://registry.npmjs.org/@parcel/watcher-linux-x64-glibc/-/watcher-linux-x64-glibc-2.5.1.tgz. Extracting by manifest.
1646 silly tarball no local data for @parcel/watcher-linux-arm64-musl@https://registry.npmjs.org/@parcel/watcher-linux-arm64-musl/-/watcher-linux-arm64-musl-2.5.1.tgz. Extracting by manifest.
1647 silly tarball no local data for @parcel/watcher-linux-arm64-glibc@https://registry.npmjs.org/@parcel/watcher-linux-arm64-glibc/-/watcher-linux-arm64-glibc-2.5.1.tgz. Extracting by manifest.
1648 silly tarball no local data for @parcel/watcher-linux-arm-musl@https://registry.npmjs.org/@parcel/watcher-linux-arm-musl/-/watcher-linux-arm-musl-2.5.1.tgz. Extracting by manifest.
1649 silly tarball no local data for @parcel/watcher-linux-arm-glibc@https://registry.npmjs.org/@parcel/watcher-linux-arm-glibc/-/watcher-linux-arm-glibc-2.5.1.tgz. Extracting by manifest.
1650 silly tarball no local data for @parcel/watcher-darwin-x64@https://registry.npmjs.org/@parcel/watcher-darwin-x64/-/watcher-darwin-x64-2.5.1.tgz. Extracting by manifest.
1651 silly tarball no local data for @parcel/watcher-freebsd-x64@https://registry.npmjs.org/@parcel/watcher-freebsd-x64/-/watcher-freebsd-x64-2.5.1.tgz. Extracting by manifest.
1652 silly tarball no local data for @parcel/watcher-android-arm64@https://registry.npmjs.org/@parcel/watcher-android-arm64/-/watcher-android-arm64-2.5.1.tgz. Extracting by manifest.
1653 silly tarball no local data for @netlify/zip-it-and-ship-it@https://registry.npmjs.org/@netlify/zip-it-and-ship-it/-/zip-it-and-ship-it-14.5.1.tgz. Extracting by manifest.
1654 silly tarball no local data for @netlify/types@https://registry.npmjs.org/@netlify/types/-/types-2.6.0.tgz. Extracting by manifest.
1655 silly tarball no local data for @netlify/static@https://registry.npmjs.org/@netlify/static/-/static-3.1.7.tgz. Extracting by manifest.
1656 silly tarball no local data for @netlify/serverless-functions-api@https://registry.npmjs.org/@netlify/serverless-functions-api/-/serverless-functions-api-2.12.0.tgz. Extracting by manifest.
1657 silly tarball no local data for @netlify/runtime@https://registry.npmjs.org/@netlify/runtime/-/runtime-4.1.20.tgz. Extracting by manifest.
1658 silly tarball no local data for @netlify/redirects@https://registry.npmjs.org/@netlify/redirects/-/redirects-3.1.10.tgz. Extracting by manifest.
1659 silly tarball no local data for @netlify/otel@https://registry.npmjs.org/@netlify/otel/-/otel-5.1.5.tgz. Extracting by manifest.
1660 silly tarball no local data for @netlify/open-api@https://registry.npmjs.org/@netlify/open-api/-/open-api-2.51.0.tgz. Extracting by manifest.
1661 silly tarball no local data for @netlify/local-functions-proxy-win32-x64@https://registry.npmjs.org/@netlify/local-functions-proxy-win32-x64/-/local-functions-proxy-win32-x64-1.1.1.tgz. Extracting by manifest.
1662 silly tarball no local data for @netlify/local-functions-proxy-win32-ia32@https://registry.npmjs.org/@netlify/local-functions-proxy-win32-ia32/-/local-functions-proxy-win32-ia32-1.1.1.tgz. Extracting by manifest.
1663 silly tarball no local data for @netlify/local-functions-proxy-openbsd-x64@https://registry.npmjs.org/@netlify/local-functions-proxy-openbsd-x64/-/local-functions-proxy-openbsd-x64-1.1.1.tgz. Extracting by manifest.
1664 silly tarball no local data for @netlify/local-functions-proxy-linux-x64@https://registry.npmjs.org/@netlify/local-functions-proxy-linux-x64/-/local-functions-proxy-linux-x64-1.1.1.tgz. Extracting by manifest.
1665 silly tarball no local data for @netlify/local-functions-proxy-linux-ppc64@https://registry.npmjs.org/@netlify/local-functions-proxy-linux-ppc64/-/local-functions-proxy-linux-ppc64-1.1.1.tgz. Extracting by manifest.
1666 silly tarball no local data for @netlify/local-functions-proxy-linux-ia32@https://registry.npmjs.org/@netlify/local-functions-proxy-linux-ia32/-/local-functions-proxy-linux-ia32-1.1.1.tgz. Extracting by manifest.
1667 silly tarball no local data for @netlify/local-functions-proxy-linux-arm@https://registry.npmjs.org/@netlify/local-functions-proxy-linux-arm/-/local-functions-proxy-linux-arm-1.1.1.tgz. Extracting by manifest.
1668 silly tarball no local data for @netlify/local-functions-proxy-linux-arm64@https://registry.npmjs.org/@netlify/local-functions-proxy-linux-arm64/-/local-functions-proxy-linux-arm64-1.1.1.tgz. Extracting by manifest.
1669 silly tarball no local data for @netlify/local-functions-proxy-freebsd-x64@https://registry.npmjs.org/@netlify/local-functions-proxy-freebsd-x64/-/local-functions-proxy-freebsd-x64-1.1.1.tgz. Extracting by manifest.
1670 silly tarball no local data for @netlify/local-functions-proxy-freebsd-arm64@https://registry.npmjs.org/@netlify/local-functions-proxy-freebsd-arm64/-/local-functions-proxy-freebsd-arm64-1.1.1.tgz. Extracting by manifest.
1671 silly tarball no local data for @netlify/local-functions-proxy-darwin-x64@https://registry.npmjs.org/@netlify/local-functions-proxy-darwin-x64/-/local-functions-proxy-darwin-x64-1.1.1.tgz. Extracting by manifest.
1672 silly tarball no local data for @netlify/images@https://registry.npmjs.org/@netlify/images/-/images-1.3.7.tgz. Extracting by manifest.
1673 silly tarball no local data for @netlify/headers@https://registry.npmjs.org/@netlify/headers/-/headers-2.1.8.tgz. Extracting by manifest.
1674 silly tarball no local data for @netlify/functions-dev@https://registry.npmjs.org/@netlify/functions-dev/-/functions-dev-1.2.4.tgz. Extracting by manifest.
1675 silly tarball no local data for @netlify/functions-utils@https://registry.npmjs.org/@netlify/functions-utils/-/functions-utils-6.2.27.tgz. Extracting by manifest.
1676 silly tarball no local data for @netlify/edge-functions-dev@https://registry.npmjs.org/@netlify/edge-functions-dev/-/edge-functions-dev-1.0.16.tgz. Extracting by manifest.
1677 silly tarball no local data for @netlify/functions@https://registry.npmjs.org/@netlify/functions/-/functions-5.1.5.tgz. Extracting by manifest.
1678 silly tarball no local data for @netlify/edge-functions@https://registry.npmjs.org/@netlify/edge-functions/-/edge-functions-3.0.6.tgz. Extracting by manifest.
1679 silly tarball no local data for @netlify/edge-bundler@https://registry.npmjs.org/@netlify/edge-bundler/-/edge-bundler-14.9.19.tgz. Extracting by manifest.
1680 silly tarball no local data for @netlify/dev-utils@https://registry.npmjs.org/@netlify/dev-utils/-/dev-utils-4.4.3.tgz. Extracting by manifest.
1681 silly tarball no local data for @netlify/dev@https://registry.npmjs.org/@netlify/dev/-/dev-4.16.4.tgz. Extracting by manifest.
1682 silly tarball no local data for @netlify/db-dev@https://registry.npmjs.org/@netlify/db-dev/-/db-dev-0.7.0.tgz. Extracting by manifest.
1683 silly tarball no local data for @netlify/config@https://registry.npmjs.org/@netlify/config/-/config-24.4.4.tgz. Extracting by manifest.
1684 silly tarball no local data for @netlify/cache@https://registry.npmjs.org/@netlify/cache/-/cache-3.4.4.tgz. Extracting by manifest.
1685 silly tarball no local data for @netlify/build-info@https://registry.npmjs.org/@netlify/build-info/-/build-info-10.4.0.tgz. Extracting by manifest.
1686 silly tarball no local data for @netlify/build@https://registry.npmjs.org/@netlify/build/-/build-35.11.0.tgz. Extracting by manifest.
1687 silly tarball no local data for @netlify/api@https://registry.npmjs.org/@netlify/api/-/api-14.0.18.tgz. Extracting by manifest.
1688 silly tarball no local data for @netlify/ai@https://registry.npmjs.org/@netlify/ai/-/ai-0.4.1.tgz. Extracting by manifest.
1689 silly tarball no local data for @img/sharp-win32-x64@https://registry.npmjs.org/@img/sharp-win32-x64/-/sharp-win32-x64-0.34.4.tgz. Extracting by manifest.
1690 silly tarball no local data for @img/sharp-win32-arm64@https://registry.npmjs.org/@img/sharp-win32-arm64/-/sharp-win32-arm64-0.34.4.tgz. Extracting by manifest.
1691 silly tarball no local data for @img/sharp-win32-ia32@https://registry.npmjs.org/@img/sharp-win32-ia32/-/sharp-win32-ia32-0.34.4.tgz. Extracting by manifest.
1692 silly tarball no local data for @img/sharp-linuxmusl-x64@https://registry.npmjs.org/@img/sharp-linuxmusl-x64/-/sharp-linuxmusl-x64-0.34.4.tgz. Extracting by manifest.
1693 silly tarball no local data for @img/sharp-wasm32@https://registry.npmjs.org/@img/sharp-wasm32/-/sharp-wasm32-0.34.4.tgz. Extracting by manifest.
1694 silly tarball no local data for @img/sharp-linuxmusl-arm64@https://registry.npmjs.org/@img/sharp-linuxmusl-arm64/-/sharp-linuxmusl-arm64-0.34.4.tgz. Extracting by manifest.
1695 silly tarball no local data for @img/sharp-linux-x64@https://registry.npmjs.org/@img/sharp-linux-x64/-/sharp-linux-x64-0.34.4.tgz. Extracting by manifest.
1696 silly tarball no local data for @img/sharp-linux-s390x@https://registry.npmjs.org/@img/sharp-linux-s390x/-/sharp-linux-s390x-0.34.4.tgz. Extracting by manifest.
1697 silly tarball no local data for @img/sharp-linux-ppc64@https://registry.npmjs.org/@img/sharp-linux-ppc64/-/sharp-linux-ppc64-0.34.4.tgz. Extracting by manifest.
1698 silly tarball no local data for @img/sharp-linux-arm64@https://registry.npmjs.org/@img/sharp-linux-arm64/-/sharp-linux-arm64-0.34.4.tgz. Extracting by manifest.
1699 silly tarball no local data for @img/sharp-libvips-linuxmusl-x64@https://registry.npmjs.org/@img/sharp-libvips-linuxmusl-x64/-/sharp-libvips-linuxmusl-x64-1.2.3.tgz. Extracting by manifest.
1700 silly tarball no local data for @img/sharp-linux-arm@https://registry.npmjs.org/@img/sharp-linux-arm/-/sharp-linux-arm-0.34.4.tgz. Extracting by manifest.
1701 silly tarball no local data for @img/sharp-libvips-linuxmusl-arm64@https://registry.npmjs.org/@img/sharp-libvips-linuxmusl-arm64/-/sharp-libvips-linuxmusl-arm64-1.2.3.tgz. Extracting by manifest.
1702 silly tarball no local data for @img/sharp-libvips-linux-x64@https://registry.npmjs.org/@img/sharp-libvips-linux-x64/-/sharp-libvips-linux-x64-1.2.3.tgz. Extracting by manifest.
1703 silly tarball no local data for @img/sharp-libvips-linux-s390x@https://registry.npmjs.org/@img/sharp-libvips-linux-s390x/-/sharp-libvips-linux-s390x-1.2.3.tgz. Extracting by manifest.
1704 silly tarball no local data for @img/sharp-libvips-linux-ppc64@https://registry.npmjs.org/@img/sharp-libvips-linux-ppc64/-/sharp-libvips-linux-ppc64-1.2.3.tgz. Extracting by manifest.
1705 silly tarball no local data for @img/sharp-libvips-linux-arm64@https://registry.npmjs.org/@img/sharp-libvips-linux-arm64/-/sharp-libvips-linux-arm64-1.2.3.tgz. Extracting by manifest.
1706 silly tarball no local data for @img/sharp-libvips-linux-arm@https://registry.npmjs.org/@img/sharp-libvips-linux-arm/-/sharp-libvips-linux-arm-1.2.3.tgz. Extracting by manifest.
1707 silly tarball no local data for @img/sharp-libvips-darwin-x64@https://registry.npmjs.org/@img/sharp-libvips-darwin-x64/-/sharp-libvips-darwin-x64-1.2.3.tgz. Extracting by manifest.
1708 silly tarball no local data for @img/sharp-darwin-x64@https://registry.npmjs.org/@img/sharp-darwin-x64/-/sharp-darwin-x64-0.34.4.tgz. Extracting by manifest.
1709 silly tarball no local data for @emnapi/runtime@https://registry.npmjs.org/@emnapi/runtime/-/runtime-1.8.1.tgz. Extracting by manifest.
1710 silly tarball no local data for @electric-sql/pglite@https://registry.npmjs.org/@electric-sql/pglite/-/pglite-0.3.16.tgz. Extracting by manifest.
1711 silly tarball no local data for minimatch@https://registry.npmjs.org/minimatch/-/minimatch-5.1.9.tgz. Extracting by manifest.
1712 silly tarball no local data for split2@https://registry.npmjs.org/split2/-/split2-4.2.0.tgz. Extracting by manifest.
1713 silly tarball no local data for wrap-ansi@https://registry.npmjs.org/wrap-ansi/-/wrap-ansi-10.0.0.tgz. Extracting by manifest.
1714 silly tarball no local data for strip-ansi@https://registry.npmjs.org/strip-ansi/-/strip-ansi-7.2.0.tgz. Extracting by manifest.
1715 silly tarball no local data for restore-cursor@https://registry.npmjs.org/restore-cursor/-/restore-cursor-5.1.0.tgz. Extracting by manifest.
1716 silly tarball no local data for string-width@https://registry.npmjs.org/string-width/-/string-width-8.2.0.tgz. Extracting by manifest.
1717 silly tarball no local data for signal-exit@https://registry.npmjs.org/signal-exit/-/signal-exit-4.1.0.tgz. Extracting by manifest.
1718 silly tarball no local data for onetime@https://registry.npmjs.org/onetime/-/onetime-7.0.0.tgz. Extracting by manifest.
1719 silly tarball no local data for cli-cursor@https://registry.npmjs.org/cli-cursor/-/cli-cursor-5.0.0.tgz. Extracting by manifest.
1720 silly tarball no local data for is-docker@https://registry.npmjs.org/is-docker/-/is-docker-3.0.0.tgz. Extracting by manifest.
1721 silly tarball no local data for agent-base@https://registry.npmjs.org/agent-base/-/agent-base-8.0.0.tgz. Extracting by manifest.
1722 silly tarball no local data for strip-final-newline@https://registry.npmjs.org/strip-final-newline/-/strip-final-newline-3.0.0.tgz. Extracting by manifest.
1723 silly tarball no local data for signal-exit@https://registry.npmjs.org/signal-exit/-/signal-exit-4.1.0.tgz. Extracting by manifest.
1724 silly tarball no local data for onetime@https://registry.npmjs.org/onetime/-/onetime-6.0.0.tgz. Extracting by manifest.
1725 silly tarball no local data for npm-run-path@https://registry.npmjs.org/npm-run-path/-/npm-run-path-5.3.0.tgz. Extracting by manifest.
1726 silly tarball no local data for minimatch@https://registry.npmjs.org/minimatch/-/minimatch-10.2.4.tgz. Extracting by manifest.
1727 silly tarball no local data for locate-path@https://registry.npmjs.org/locate-path/-/locate-path-7.2.0.tgz. Extracting by manifest.
1728 silly tarball no local data for is-stream@https://registry.npmjs.org/is-stream/-/is-stream-3.0.0.tgz. Extracting by manifest.
1729 silly tarball no local data for get-stream@https://registry.npmjs.org/get-stream/-/get-stream-8.0.1.tgz. Extracting by manifest.
1730 silly tarball no local data for find-up@https://registry.npmjs.org/find-up/-/find-up-7.0.0.tgz. Extracting by manifest.
1731 silly tarball no local data for human-signals@https://registry.npmjs.org/human-signals/-/human-signals-5.0.0.tgz. Extracting by manifest.
1732 silly tarball no local data for execa@https://registry.npmjs.org/execa/-/execa-8.0.1.tgz. Extracting by manifest.
1733 silly tarball no local data for brace-expansion@https://registry.npmjs.org/brace-expansion/-/brace-expansion-5.0.4.tgz. Extracting by manifest.
1734 silly tarball no local data for balanced-match@https://registry.npmjs.org/balanced-match/-/balanced-match-4.0.4.tgz. Extracting by manifest.
1735 silly tarball no local data for @esbuild/win32-x64@https://registry.npmjs.org/@esbuild/win32-x64/-/win32-x64-0.27.3.tgz. Extracting by manifest.
1736 silly tarball no local data for @esbuild/win32-ia32@https://registry.npmjs.org/@esbuild/win32-ia32/-/win32-ia32-0.27.3.tgz. Extracting by manifest.
1737 silly tarball no local data for @esbuild/win32-arm64@https://registry.npmjs.org/@esbuild/win32-arm64/-/win32-arm64-0.27.3.tgz. Extracting by manifest.
1738 silly tarball no local data for @esbuild/sunos-x64@https://registry.npmjs.org/@esbuild/sunos-x64/-/sunos-x64-0.27.3.tgz. Extracting by manifest.
1739 silly tarball no local data for @esbuild/openharmony-arm64@https://registry.npmjs.org/@esbuild/openharmony-arm64/-/openharmony-arm64-0.27.3.tgz. Extracting by manifest.
1740 silly tarball no local data for @esbuild/openbsd-arm64@https://registry.npmjs.org/@esbuild/openbsd-arm64/-/openbsd-arm64-0.27.3.tgz. Extracting by manifest.
1741 silly tarball no local data for @esbuild/openbsd-x64@https://registry.npmjs.org/@esbuild/openbsd-x64/-/openbsd-x64-0.27.3.tgz. Extracting by manifest.
1742 silly tarball no local data for @esbuild/netbsd-x64@https://registry.npmjs.org/@esbuild/netbsd-x64/-/netbsd-x64-0.27.3.tgz. Extracting by manifest.
1743 silly tarball no local data for @esbuild/netbsd-arm64@https://registry.npmjs.org/@esbuild/netbsd-arm64/-/netbsd-arm64-0.27.3.tgz. Extracting by manifest.
1744 silly tarball no local data for @esbuild/linux-x64@https://registry.npmjs.org/@esbuild/linux-x64/-/linux-x64-0.27.3.tgz. Extracting by manifest.
1745 silly tarball no local data for @esbuild/linux-riscv64@https://registry.npmjs.org/@esbuild/linux-riscv64/-/linux-riscv64-0.27.3.tgz. Extracting by manifest.
1746 silly tarball no local data for @esbuild/linux-s390x@https://registry.npmjs.org/@esbuild/linux-s390x/-/linux-s390x-0.27.3.tgz. Extracting by manifest.
1747 silly tarball no local data for @esbuild/linux-ppc64@https://registry.npmjs.org/@esbuild/linux-ppc64/-/linux-ppc64-0.27.3.tgz. Extracting by manifest.
1748 silly tarball no local data for @esbuild/linux-mips64el@https://registry.npmjs.org/@esbuild/linux-mips64el/-/linux-mips64el-0.27.3.tgz. Extracting by manifest.
1749 silly tarball no local data for @esbuild/linux-loong64@https://registry.npmjs.org/@esbuild/linux-loong64/-/linux-loong64-0.27.3.tgz. Extracting by manifest.
1750 silly tarball no local data for @esbuild/linux-ia32@https://registry.npmjs.org/@esbuild/linux-ia32/-/linux-ia32-0.27.3.tgz. Extracting by manifest.
1751 silly tarball no local data for @esbuild/linux-arm64@https://registry.npmjs.org/@esbuild/linux-arm64/-/linux-arm64-0.27.3.tgz. Extracting by manifest.
1752 silly tarball no local data for @esbuild/linux-arm@https://registry.npmjs.org/@esbuild/linux-arm/-/linux-arm-0.27.3.tgz. Extracting by manifest.
1753 silly tarball no local data for @esbuild/freebsd-x64@https://registry.npmjs.org/@esbuild/freebsd-x64/-/freebsd-x64-0.27.3.tgz. Extracting by manifest.
1754 silly tarball no local data for @esbuild/darwin-x64@https://registry.npmjs.org/@esbuild/darwin-x64/-/darwin-x64-0.27.3.tgz. Extracting by manifest.
1755 silly tarball no local data for @esbuild/freebsd-arm64@https://registry.npmjs.org/@esbuild/freebsd-arm64/-/freebsd-arm64-0.27.3.tgz. Extracting by manifest.
1756 silly tarball no local data for @esbuild/darwin-arm64@https://registry.npmjs.org/@esbuild/darwin-arm64/-/darwin-arm64-0.27.3.tgz. Extracting by manifest.
1757 silly tarball no local data for @esbuild/android-x64@https://registry.npmjs.org/@esbuild/android-x64/-/android-x64-0.27.3.tgz. Extracting by manifest.
1758 silly tarball no local data for @esbuild/android-arm@https://registry.npmjs.org/@esbuild/android-arm/-/android-arm-0.27.3.tgz. Extracting by manifest.
1759 silly tarball no local data for @esbuild/aix-ppc64@https://registry.npmjs.org/@esbuild/aix-ppc64/-/aix-ppc64-0.27.3.tgz. Extracting by manifest.
1760 silly tarball no local data for @netlify/blobs@https://registry.npmjs.org/@netlify/blobs/-/blobs-10.7.4.tgz. Extracting by manifest.
1761 silly tarball no local data for @netlify/blobs@https://registry.npmjs.org/@netlify/blobs/-/blobs-10.7.4.tgz. Extracting by manifest.
1762 silly tarball no local data for uuid@https://registry.npmjs.org/uuid/-/uuid-11.1.0.tgz. Extracting by manifest.
1763 silly tarball no local data for strip-final-newline@https://registry.npmjs.org/strip-final-newline/-/strip-final-newline-3.0.0.tgz. Extracting by manifest.
1764 silly tarball no local data for signal-exit@https://registry.npmjs.org/signal-exit/-/signal-exit-4.1.0.tgz. Extracting by manifest.
1765 silly tarball no local data for p-wait-for@https://registry.npmjs.org/p-wait-for/-/p-wait-for-5.0.2.tgz. Extracting by manifest.
1766 silly tarball no local data for p-timeout@https://registry.npmjs.org/p-timeout/-/p-timeout-6.1.4.tgz. Extracting by manifest.
1767 silly tarball no local data for onetime@https://registry.npmjs.org/onetime/-/onetime-6.0.0.tgz. Extracting by manifest.
1768 silly tarball no local data for npm-run-path@https://registry.npmjs.org/npm-run-path/-/npm-run-path-5.3.0.tgz. Extracting by manifest.
1769 silly tarball no local data for locate-path@https://registry.npmjs.org/locate-path/-/locate-path-7.2.0.tgz. Extracting by manifest.
1770 silly tarball no local data for is-stream@https://registry.npmjs.org/is-stream/-/is-stream-3.0.0.tgz. Extracting by manifest.
1771 silly tarball no local data for human-signals@https://registry.npmjs.org/human-signals/-/human-signals-5.0.0.tgz. Extracting by manifest.
1772 silly tarball no local data for get-stream@https://registry.npmjs.org/get-stream/-/get-stream-8.0.1.tgz. Extracting by manifest.
1773 silly tarball no local data for get-port@https://registry.npmjs.org/get-port/-/get-port-7.2.0.tgz. Extracting by manifest.
1774 silly tarball no local data for find-up@https://registry.npmjs.org/find-up/-/find-up-7.0.0.tgz. Extracting by manifest.
1775 silly tarball no local data for execa@https://registry.npmjs.org/execa/-/execa-8.0.1.tgz. Extracting by manifest.
1776 silly tarball no local data for env-paths@https://registry.npmjs.org/env-paths/-/env-paths-3.0.0.tgz. Extracting by manifest.
1777 silly tarball no local data for @esbuild/win32-x64@https://registry.npmjs.org/@esbuild/win32-x64/-/win32-x64-0.27.3.tgz. Extracting by manifest.
1778 silly tarball no local data for @esbuild/win32-ia32@https://registry.npmjs.org/@esbuild/win32-ia32/-/win32-ia32-0.27.3.tgz. Extracting by manifest.
1779 silly tarball no local data for @esbuild/win32-arm64@https://registry.npmjs.org/@esbuild/win32-arm64/-/win32-arm64-0.27.3.tgz. Extracting by manifest.
1780 silly tarball no local data for @esbuild/sunos-x64@https://registry.npmjs.org/@esbuild/sunos-x64/-/sunos-x64-0.27.3.tgz. Extracting by manifest.
1781 silly tarball no local data for @esbuild/openharmony-arm64@https://registry.npmjs.org/@esbuild/openharmony-arm64/-/openharmony-arm64-0.27.3.tgz. Extracting by manifest.
1782 silly tarball no local data for @esbuild/openbsd-x64@https://registry.npmjs.org/@esbuild/openbsd-x64/-/openbsd-x64-0.27.3.tgz. Extracting by manifest.
1783 silly tarball no local data for @esbuild/openbsd-arm64@https://registry.npmjs.org/@esbuild/openbsd-arm64/-/openbsd-arm64-0.27.3.tgz. Extracting by manifest.
1784 silly tarball no local data for @esbuild/netbsd-x64@https://registry.npmjs.org/@esbuild/netbsd-x64/-/netbsd-x64-0.27.3.tgz. Extracting by manifest.
1785 silly tarball no local data for @esbuild/netbsd-arm64@https://registry.npmjs.org/@esbuild/netbsd-arm64/-/netbsd-arm64-0.27.3.tgz. Extracting by manifest.
1786 silly tarball no local data for @esbuild/linux-x64@https://registry.npmjs.org/@esbuild/linux-x64/-/linux-x64-0.27.3.tgz. Extracting by manifest.
1787 silly tarball no local data for @esbuild/linux-s390x@https://registry.npmjs.org/@esbuild/linux-s390x/-/linux-s390x-0.27.3.tgz. Extracting by manifest.
1788 silly tarball no local data for @esbuild/linux-riscv64@https://registry.npmjs.org/@esbuild/linux-riscv64/-/linux-riscv64-0.27.3.tgz. Extracting by manifest.
1789 silly tarball no local data for @esbuild/linux-ppc64@https://registry.npmjs.org/@esbuild/linux-ppc64/-/linux-ppc64-0.27.3.tgz. Extracting by manifest.
1790 silly tarball no local data for @esbuild/linux-mips64el@https://registry.npmjs.org/@esbuild/linux-mips64el/-/linux-mips64el-0.27.3.tgz. Extracting by manifest.
1791 silly tarball no local data for @esbuild/linux-loong64@https://registry.npmjs.org/@esbuild/linux-loong64/-/linux-loong64-0.27.3.tgz. Extracting by manifest.
1792 silly tarball no local data for @esbuild/linux-ia32@https://registry.npmjs.org/@esbuild/linux-ia32/-/linux-ia32-0.27.3.tgz. Extracting by manifest.
1793 silly tarball no local data for @esbuild/linux-arm64@https://registry.npmjs.org/@esbuild/linux-arm64/-/linux-arm64-0.27.3.tgz. Extracting by manifest.
1794 silly tarball no local data for @esbuild/linux-arm@https://registry.npmjs.org/@esbuild/linux-arm/-/linux-arm-0.27.3.tgz. Extracting by manifest.
1795 silly tarball no local data for @esbuild/freebsd-x64@https://registry.npmjs.org/@esbuild/freebsd-x64/-/freebsd-x64-0.27.3.tgz. Extracting by manifest.
1796 silly tarball no local data for @esbuild/freebsd-arm64@https://registry.npmjs.org/@esbuild/freebsd-arm64/-/freebsd-arm64-0.27.3.tgz. Extracting by manifest.
1797 silly tarball no local data for @esbuild/darwin-x64@https://registry.npmjs.org/@esbuild/darwin-x64/-/darwin-x64-0.27.3.tgz. Extracting by manifest.
1798 silly tarball no local data for @esbuild/darwin-arm64@https://registry.npmjs.org/@esbuild/darwin-arm64/-/darwin-arm64-0.27.3.tgz. Extracting by manifest.
1799 silly tarball no local data for @esbuild/android-x64@https://registry.npmjs.org/@esbuild/android-x64/-/android-x64-0.27.3.tgz. Extracting by manifest.
1800 silly tarball no local data for @esbuild/android-arm@https://registry.npmjs.org/@esbuild/android-arm/-/android-arm-0.27.3.tgz. Extracting by manifest.
1801 silly tarball no local data for @esbuild/aix-ppc64@https://registry.npmjs.org/@esbuild/aix-ppc64/-/aix-ppc64-0.27.3.tgz. Extracting by manifest.
1802 silly tarball no local data for env-paths@https://registry.npmjs.org/env-paths/-/env-paths-3.0.0.tgz. Extracting by manifest.
1803 silly tarball no local data for dot-prop@https://registry.npmjs.org/dot-prop/-/dot-prop-9.0.0.tgz. Extracting by manifest.
1804 silly tarball no local data for @netlify/blobs@https://registry.npmjs.org/@netlify/blobs/-/blobs-10.7.4.tgz. Extracting by manifest.
1805 silly tarball no local data for strip-final-newline@https://registry.npmjs.org/strip-final-newline/-/strip-final-newline-3.0.0.tgz. Extracting by manifest.
1806 silly tarball no local data for zod@https://registry.npmjs.org/zod/-/zod-4.3.6.tgz. Extracting by manifest.
1807 silly tarball no local data for signal-exit@https://registry.npmjs.org/signal-exit/-/signal-exit-4.1.0.tgz. Extracting by manifest.
1808 silly tarball no local data for onetime@https://registry.npmjs.org/onetime/-/onetime-6.0.0.tgz. Extracting by manifest.
1809 silly tarball no local data for read-package-up@https://registry.npmjs.org/read-package-up/-/read-package-up-11.0.0.tgz. Extracting by manifest.
1810 silly tarball no local data for npm-run-path@https://registry.npmjs.org/npm-run-path/-/npm-run-path-5.3.0.tgz. Extracting by manifest.
1811 silly tarball no local data for locate-path@https://registry.npmjs.org/locate-path/-/locate-path-7.2.0.tgz. Extracting by manifest.
1812 silly tarball no local data for is-stream@https://registry.npmjs.org/is-stream/-/is-stream-3.0.0.tgz. Extracting by manifest.
1813 silly tarball no local data for human-signals@https://registry.npmjs.org/human-signals/-/human-signals-5.0.0.tgz. Extracting by manifest.
1814 silly tarball no local data for get-stream@https://registry.npmjs.org/get-stream/-/get-stream-8.0.1.tgz. Extracting by manifest.
1815 silly tarball no local data for find-up@https://registry.npmjs.org/find-up/-/find-up-7.0.0.tgz. Extracting by manifest.
1816 silly tarball no local data for execa@https://registry.npmjs.org/execa/-/execa-8.0.1.tgz. Extracting by manifest.
1817 silly tarball no local data for dot-prop@https://registry.npmjs.org/dot-prop/-/dot-prop-9.0.0.tgz. Extracting by manifest.
1818 silly tarball no local data for minimatch@https://registry.npmjs.org/minimatch/-/minimatch-10.2.4.tgz. Extracting by manifest.
1819 silly tarball no local data for locate-path@https://registry.npmjs.org/locate-path/-/locate-path-7.2.0.tgz. Extracting by manifest.
1820 silly tarball no local data for locate-path@https://registry.npmjs.org/locate-path/-/locate-path-7.2.0.tgz. Extracting by manifest.
1821 silly tarball no local data for find-up@https://registry.npmjs.org/find-up/-/find-up-7.0.0.tgz. Extracting by manifest.
1822 silly tarball no local data for dot-prop@https://registry.npmjs.org/dot-prop/-/dot-prop-9.0.0.tgz. Extracting by manifest.
1823 silly tarball no local data for brace-expansion@https://registry.npmjs.org/brace-expansion/-/brace-expansion-5.0.4.tgz. Extracting by manifest.
1824 silly tarball no local data for balanced-match@https://registry.npmjs.org/balanced-match/-/balanced-match-4.0.4.tgz. Extracting by manifest.
1825 silly tarball no local data for uuid@https://registry.npmjs.org/uuid/-/uuid-11.1.0.tgz. Extracting by manifest.
1826 silly tarball no local data for strip-final-newline@https://registry.npmjs.org/strip-final-newline/-/strip-final-newline-3.0.0.tgz. Extracting by manifest.
1827 silly tarball no local data for signal-exit@https://registry.npmjs.org/signal-exit/-/signal-exit-4.1.0.tgz. Extracting by manifest.
1828 silly tarball no local data for terminal-link@https://registry.npmjs.org/terminal-link/-/terminal-link-4.0.0.tgz. Extracting by manifest.
1829 silly tarball no local data for read-package-up@https://registry.npmjs.org/read-package-up/-/read-package-up-11.0.0.tgz. Extracting by manifest.
1830 silly tarball no local data for onetime@https://registry.npmjs.org/onetime/-/onetime-6.0.0.tgz. Extracting by manifest.
1831 silly tarball no local data for npm-run-path@https://registry.npmjs.org/npm-run-path/-/npm-run-path-5.3.0.tgz. Extracting by manifest.
1832 silly tarball no local data for minimatch@https://registry.npmjs.org/minimatch/-/minimatch-10.2.4.tgz. Extracting by manifest.
1833 silly tarball no local data for is-stream@https://registry.npmjs.org/is-stream/-/is-stream-3.0.0.tgz. Extracting by manifest.
1834 silly tarball no local data for human-signals@https://registry.npmjs.org/human-signals/-/human-signals-5.0.0.tgz. Extracting by manifest.
1835 silly tarball no local data for get-stream@https://registry.npmjs.org/get-stream/-/get-stream-8.0.1.tgz. Extracting by manifest.
1836 silly tarball no local data for execa@https://registry.npmjs.org/execa/-/execa-8.0.1.tgz. Extracting by manifest.
1837 silly tarball no local data for brace-expansion@https://registry.npmjs.org/brace-expansion/-/brace-expansion-5.0.4.tgz. Extracting by manifest.
1838 silly tarball no local data for balanced-match@https://registry.npmjs.org/balanced-match/-/balanced-match-4.0.4.tgz. Extracting by manifest.
1839 silly tarball no local data for @sindresorhus/slugify@https://registry.npmjs.org/@sindresorhus/slugify/-/slugify-2.2.1.tgz. Extracting by manifest.
1840 silly tarball no local data for env-paths@https://registry.npmjs.org/env-paths/-/env-paths-3.0.0.tgz. Extracting by manifest.
1841 silly tarball no local data for dot-prop@https://registry.npmjs.org/dot-prop/-/dot-prop-9.0.0.tgz. Extracting by manifest.
1842 silly tarball no local data for @netlify/dev-utils@https://registry.npmjs.org/@netlify/dev-utils/-/dev-utils-4.3.3.tgz. Extracting by manifest.
1843 silly tarball no local data for p-wait-for@https://registry.npmjs.org/p-wait-for/-/p-wait-for-5.0.2.tgz. Extracting by manifest.
1844 silly tarball no local data for p-timeout@https://registry.npmjs.org/p-timeout/-/p-timeout-6.1.4.tgz. Extracting by manifest.
1845 silly tarball no local data for https-proxy-agent@https://registry.npmjs.org/https-proxy-agent/-/https-proxy-agent-7.0.6.tgz. Extracting by manifest.
1846 silly tarball no local data for minimatch@https://registry.npmjs.org/minimatch/-/minimatch-10.2.4.tgz. Extracting by manifest.
1847 silly tarball no local data for brace-expansion@https://registry.npmjs.org/brace-expansion/-/brace-expansion-5.0.4.tgz. Extracting by manifest.
1848 silly tarball no local data for balanced-match@https://registry.npmjs.org/balanced-match/-/balanced-match-4.0.4.tgz. Extracting by manifest.
1849 http fetch GET 200 https://registry.npmjs.org/xtend 5266ms (cache miss)
1850 silly packumentCache corgi:https://registry.npmjs.org/xtend set size:undefined disposed:false
1851 http fetch GET 200 https://registry.npmjs.org/yn 5281ms (cache miss)
1852 silly packumentCache corgi:https://registry.npmjs.org/yn set size:undefined disposed:false
1853 http fetch GET 200 https://registry.npmjs.org/yocto-queue 5287ms (cache miss)
1854 silly packumentCache corgi:https://registry.npmjs.org/yocto-queue set size:undefined disposed:false
1855 http fetch GET 200 https://registry.npmjs.org/yauzl 5389ms (cache miss)
1856 silly packumentCache corgi:https://registry.npmjs.org/yauzl set size:undefined disposed:false
1857 http fetch GET 200 https://registry.npmjs.org/webidl-conversions 5414ms (cache miss)
1858 silly packumentCache corgi:https://registry.npmjs.org/webidl-conversions set size:undefined disposed:false
1859 http fetch GET 200 https://registry.npmjs.org/validate-npm-package-license 5413ms (cache miss)
1860 silly packumentCache corgi:https://registry.npmjs.org/validate-npm-package-license set size:undefined disposed:false
1861 http fetch GET 200 https://registry.npmjs.org/wcwidth 5422ms (cache miss)
1862 silly packumentCache corgi:https://registry.npmjs.org/wcwidth set size:undefined disposed:false
1863 http fetch GET 200 https://registry.npmjs.org/v8-compile-cache-lib 5422ms (cache miss)
1864 silly packumentCache corgi:https://registry.npmjs.org/v8-compile-cache-lib set size:undefined disposed:false
1865 http fetch GET 200 https://registry.npmjs.org/validate-npm-package-name 5484ms (cache miss)
1866 silly packumentCache corgi:https://registry.npmjs.org/validate-npm-package-name set size:undefined disposed:false
1867 http fetch GET 200 https://registry.npmjs.org/zip-stream 5524ms (cache miss)
1868 silly packumentCache corgi:https://registry.npmjs.org/zip-stream set size:undefined disposed:false
1869 http fetch GET 200 https://registry.npmjs.org/untildify 5526ms (cache miss)
1870 silly packumentCache corgi:https://registry.npmjs.org/untildify set size:undefined disposed:false
1871 http fetch GET 200 https://registry.npmjs.org/xss 5564ms (cache miss)
1872 silly packumentCache corgi:https://registry.npmjs.org/xss set size:undefined disposed:false
1873 http fetch GET 200 https://registry.npmjs.org/uqr 5563ms (cache miss)
1874 silly packumentCache corgi:https://registry.npmjs.org/uqr set size:undefined disposed:false
1875 http fetch GET 200 https://registry.npmjs.org/untun 5566ms (cache miss)
1876 silly packumentCache corgi:https://registry.npmjs.org/untun set size:undefined disposed:false
1877 http fetch GET 200 https://registry.npmjs.org/universal-user-agent 5583ms (cache miss)
1878 silly packumentCache corgi:https://registry.npmjs.org/universal-user-agent set size:undefined disposed:false
1879 http fetch GET 200 https://registry.npmjs.org/web-streams-polyfill 5650ms (cache miss)
1880 silly packumentCache corgi:https://registry.npmjs.org/web-streams-polyfill set size:undefined disposed:false
1881 http fetch GET 200 https://registry.npmjs.org/wsl-utils 5675ms (cache miss)
1882 silly packumentCache corgi:https://registry.npmjs.org/wsl-utils set size:undefined disposed:false
1883 http fetch GET 200 https://registry.npmjs.org/unix-dgram 5666ms (cache miss)
1884 silly packumentCache corgi:https://registry.npmjs.org/unix-dgram set size:undefined disposed:false
1885 http fetch GET 200 https://registry.npmjs.org/unicorn-magic 5666ms (cache miss)
1886 silly packumentCache corgi:https://registry.npmjs.org/unicorn-magic set size:undefined disposed:false
1887 http fetch GET 200 https://registry.npmjs.org/uncrypto 5673ms (cache miss)
1888 silly packumentCache corgi:https://registry.npmjs.org/uncrypto set size:undefined disposed:false
1889 http fetch GET 200 https://registry.npmjs.org/unixify 5683ms (cache miss)
1890 silly packumentCache corgi:https://registry.npmjs.org/unixify set size:undefined disposed:false
1891 http fetch GET 200 https://registry.npmjs.org/urlpattern-polyfill 5708ms (cache miss)
1892 silly packumentCache corgi:https://registry.npmjs.org/urlpattern-polyfill set size:undefined disposed:false
1893 http fetch GET 200 https://registry.npmjs.org/triple-beam 5741ms (cache miss)
1894 silly packumentCache corgi:https://registry.npmjs.org/triple-beam set size:undefined disposed:false
1895 http fetch GET 200 https://registry.npmjs.org/xdg-basedir 5807ms (cache miss)
1896 silly packumentCache corgi:https://registry.npmjs.org/xdg-basedir set size:undefined disposed:false
1897 http fetch GET 200 https://registry.npmjs.org/when-exit 5819ms (cache miss)
1898 silly packumentCache corgi:https://registry.npmjs.org/when-exit set size:undefined disposed:false
1899 http fetch GET 200 https://registry.npmjs.org/through 5839ms (cache miss)
1900 silly packumentCache corgi:https://registry.npmjs.org/through set size:undefined disposed:false
1901 http fetch GET 200 https://registry.npmjs.org/to-regex-range 5850ms (cache miss)
1902 silly packumentCache corgi:https://registry.npmjs.org/to-regex-range set size:undefined disposed:false
1903 http fetch GET 200 https://registry.npmjs.org/text-hex 5848ms (cache miss)
1904 silly packumentCache corgi:https://registry.npmjs.org/text-hex set size:undefined disposed:false
1905 http fetch GET 200 https://registry.npmjs.org/text-decoder 5850ms (cache miss)
1906 silly packumentCache corgi:https://registry.npmjs.org/text-decoder set size:undefined disposed:false
1907 http fetch GET 200 https://registry.npmjs.org/widest-line 5944ms (cache miss)
1908 silly packumentCache corgi:https://registry.npmjs.org/widest-line set size:undefined disposed:false
1909 http fetch GET 200 https://registry.npmjs.org/undici-types 5922ms (cache miss)
1910 silly packumentCache corgi:https://registry.npmjs.org/undici-types set size:undefined disposed:false
1911 http fetch GET 200 https://registry.npmjs.org/tmp-promise 5907ms (cache miss)
1912 silly packumentCache corgi:https://registry.npmjs.org/tmp-promise set size:undefined disposed:false
1913 http fetch GET 200 https://registry.npmjs.org/through2 5909ms (cache miss)
1914 silly packumentCache corgi:https://registry.npmjs.org/through2 set size:undefined disposed:false
1915 http fetch GET 200 https://registry.npmjs.org/strip-final-newline 5893ms (cache miss)
1916 silly packumentCache corgi:https://registry.npmjs.org/strip-final-newline set size:undefined disposed:false
1917 http fetch GET 200 https://registry.npmjs.org/tagged-tag 5915ms (cache miss)
1918 silly packumentCache corgi:https://registry.npmjs.org/tagged-tag set size:undefined disposed:false
1919 http fetch GET 200 https://registry.npmjs.org/supports-preserve-symlinks-flag 5964ms (cache miss)
1920 silly packumentCache corgi:https://registry.npmjs.org/supports-preserve-symlinks-flag set size:undefined disposed:false
1921 http fetch GET 200 https://registry.npmjs.org/uid-safe 6001ms (cache miss)
1922 silly packumentCache corgi:https://registry.npmjs.org/uid-safe set size:undefined disposed:false
1923 http fetch GET 200 https://registry.npmjs.org/system-architecture 5973ms (cache miss)
1924 silly packumentCache corgi:https://registry.npmjs.org/system-architecture set size:undefined disposed:false
1925 http fetch GET 200 https://registry.npmjs.org/stack-trace 5955ms (cache miss)
1926 silly packumentCache corgi:https://registry.npmjs.org/stack-trace set size:undefined disposed:false
1927 http fetch GET 200 https://registry.npmjs.org/toad-cache 6000ms (cache miss)
1928 silly packumentCache corgi:https://registry.npmjs.org/toad-cache set size:undefined disposed:false
1929 http fetch GET 200 https://registry.npmjs.org/std-env 6079ms (cache miss)
1930 silly packumentCache corgi:https://registry.npmjs.org/std-env set size:undefined disposed:false
1931 http fetch GET 200 https://registry.npmjs.org/ufo 6192ms (cache miss)
1932 silly packumentCache corgi:https://registry.npmjs.org/ufo set size:undefined disposed:false
1933 http fetch GET 200 https://registry.npmjs.org/stubborn-fs 6162ms (cache miss)
1934 silly packumentCache corgi:https://registry.npmjs.org/stubborn-fs set size:undefined disposed:false
1935 http fetch GET 200 https://registry.npmjs.org/simple-swizzle 6132ms (cache miss)
1936 silly packumentCache corgi:https://registry.npmjs.org/simple-swizzle set size:undefined disposed:false
1937 http fetch GET 200 https://registry.npmjs.org/slash 6140ms (cache miss)
1938 silly packumentCache corgi:https://registry.npmjs.org/slash set size:undefined disposed:false
1939 http fetch GET 200 https://registry.npmjs.org/shebang-regex 6140ms (cache miss)
1940 silly packumentCache corgi:https://registry.npmjs.org/shebang-regex set size:undefined disposed:false
1941 http fetch GET 200 https://registry.npmjs.org/supports-hyperlinks 6227ms (cache miss)
1942 silly packumentCache corgi:https://registry.npmjs.org/supports-hyperlinks set size:undefined disposed:false
1943 http fetch GET 200 https://registry.npmjs.org/spdx-expression-parse 6211ms (cache miss)
1944 silly packumentCache corgi:https://registry.npmjs.org/spdx-expression-parse set size:undefined disposed:false
1945 http fetch GET 200 https://registry.npmjs.org/shebang-command 6199ms (cache miss)
1946 silly packumentCache corgi:https://registry.npmjs.org/shebang-command set size:undefined disposed:false
1947 http fetch GET 200 https://registry.npmjs.org/windows-release 6370ms (cache miss)
1948 silly packumentCache corgi:https://registry.npmjs.org/windows-release set size:undefined disposed:false
1949 http fetch GET 200 https://registry.npmjs.org/tr46 6330ms (cache miss)
1950 silly packumentCache corgi:https://registry.npmjs.org/tr46 set size:undefined disposed:false
1951 http fetch GET 200 https://registry.npmjs.org/tmp 6327ms (cache miss)
1952 silly packumentCache corgi:https://registry.npmjs.org/tmp set size:undefined disposed:false
1953 http fetch GET 200 https://registry.npmjs.org/thread-stream 6328ms (cache miss)
1954 silly packumentCache corgi:https://registry.npmjs.org/thread-stream set size:undefined disposed:false
1955 http fetch GET 200 https://registry.npmjs.org/spdx-exceptions 6300ms (cache miss)
1956 silly packumentCache corgi:https://registry.npmjs.org/spdx-exceptions set size:undefined disposed:false
1957 http fetch GET 200 https://registry.npmjs.org/source-map 6298ms (cache miss)
1958 silly packumentCache corgi:https://registry.npmjs.org/source-map set size:undefined disposed:false
1959 http fetch GET 200 https://registry.npmjs.org/run-parallel 6271ms (cache miss)
1960 silly packumentCache corgi:https://registry.npmjs.org/run-parallel set size:undefined disposed:false
1961 http fetch GET 200 https://registry.npmjs.org/run-async 6275ms (cache miss)
1962 silly packumentCache corgi:https://registry.npmjs.org/run-async set size:undefined disposed:false
1963 http fetch GET 200 https://registry.npmjs.org/safe-regex2 6285ms (cache miss)
1964 silly packumentCache corgi:https://registry.npmjs.org/safe-regex2 set size:undefined disposed:false
1965 http fetch GET 200 https://registry.npmjs.org/safe-json-stringify 6288ms (cache miss)
1966 silly packumentCache corgi:https://registry.npmjs.org/safe-json-stringify set size:undefined disposed:false
1967 http fetch GET 200 https://registry.npmjs.org/resolve-from 6281ms (cache miss)
1968 silly packumentCache corgi:https://registry.npmjs.org/resolve-from set size:undefined disposed:false
1969 http fetch GET 200 https://registry.npmjs.org/require-from-string 6280ms (cache miss)
1970 silly packumentCache corgi:https://registry.npmjs.org/require-from-string set size:undefined disposed:false
1971 http fetch GET 200 https://registry.npmjs.org/winston-transport 6480ms (cache miss)
1972 silly packumentCache corgi:https://registry.npmjs.org/winston-transport set size:undefined disposed:false
1973 http fetch GET 200 https://registry.npmjs.org/streamx 6405ms (cache miss)
1974 silly packumentCache corgi:https://registry.npmjs.org/streamx set size:undefined disposed:false
1975 http fetch GET 200 https://registry.npmjs.org/set-cookie-parser 6373ms (cache miss)
1976 silly packumentCache corgi:https://registry.npmjs.org/set-cookie-parser set size:undefined disposed:false
1977 http fetch GET 200 https://registry.npmjs.org/split2 6410ms (cache miss)
1978 silly packumentCache corgi:https://registry.npmjs.org/split2 set size:undefined disposed:false
1979 http fetch GET 200 https://registry.npmjs.org/slashes 6401ms (cache miss)
1980 silly packumentCache corgi:https://registry.npmjs.org/slashes set size:undefined disposed:false
1981 http fetch GET 200 https://registry.npmjs.org/set-error-message 6399ms (cache miss)
1982 silly packumentCache corgi:https://registry.npmjs.org/set-error-message set size:undefined disposed:false
1983 http fetch GET 200 https://registry.npmjs.org/ret 6381ms (cache miss)
1984 silly packumentCache corgi:https://registry.npmjs.org/ret set size:undefined disposed:false
1985 http fetch GET 200 https://registry.npmjs.org/reusify 6387ms (cache miss)
1986 silly packumentCache corgi:https://registry.npmjs.org/reusify set size:undefined disposed:false
1987 http fetch GET 200 https://registry.npmjs.org/rfdc 6394ms (cache miss)
1988 silly packumentCache corgi:https://registry.npmjs.org/rfdc set size:undefined disposed:false
1989 http fetch GET 200 https://registry.npmjs.org/spdx-license-ids 6449ms (cache miss)
1990 silly packumentCache corgi:https://registry.npmjs.org/spdx-license-ids set size:undefined disposed:false
1991 http fetch GET 200 https://registry.npmjs.org/run-applescript 6411ms (cache miss)
1992 silly packumentCache corgi:https://registry.npmjs.org/run-applescript set size:undefined disposed:false
1993 http fetch GET 200 https://registry.npmjs.org/unstorage 6528ms (cache miss)
1994 silly packumentCache corgi:https://registry.npmjs.org/unstorage set size:undefined disposed:false
1995 http fetch GET 200 https://registry.npmjs.org/restore-cursor 6422ms (cache miss)
1996 silly packumentCache corgi:https://registry.npmjs.org/restore-cursor set size:undefined disposed:false
1997 http fetch GET 200 https://registry.npmjs.org/readdir-glob 6415ms (cache miss)
1998 silly packumentCache corgi:https://registry.npmjs.org/readdir-glob set size:undefined disposed:false
1999 http fetch GET 200 https://registry.npmjs.org/remove-trailing-separator 6426ms (cache miss)
2000 silly packumentCache corgi:https://registry.npmjs.org/remove-trailing-separator set size:undefined disposed:false
2001 http fetch GET 200 https://registry.npmjs.org/spdx-correct 6541ms (cache miss)
2002 silly packumentCache corgi:https://registry.npmjs.org/spdx-correct set size:undefined disposed:false
2003 http fetch GET 200 https://registry.npmjs.org/stack-generator 6571ms (cache miss)
2004 silly packumentCache corgi:https://registry.npmjs.org/stack-generator set size:undefined disposed:false
2005 http fetch GET 200 https://registry.npmjs.org/require-in-the-middle 6515ms (cache miss)
2006 silly packumentCache corgi:https://registry.npmjs.org/require-in-the-middle set size:undefined disposed:false
2007 http fetch GET 200 https://registry.npmjs.org/registry-auth-token 6517ms (cache miss)
2008 silly packumentCache corgi:https://registry.npmjs.org/registry-auth-token set size:undefined disposed:false
2009 http fetch GET 200 https://registry.npmjs.org/random-bytes 6511ms (cache miss)
2010 silly packumentCache corgi:https://registry.npmjs.org/random-bytes set size:undefined disposed:false
2011 http fetch GET 200 https://registry.npmjs.org/registry-url 6525ms (cache miss)
2012 silly packumentCache corgi:https://registry.npmjs.org/registry-url set size:undefined disposed:false
2013 http fetch GET 200 https://registry.npmjs.org/require-package-name 6537ms (cache miss)
2014 silly packumentCache corgi:https://registry.npmjs.org/require-package-name set size:undefined disposed:false
2015 http fetch GET 200 https://registry.npmjs.org/stackframe 6644ms (cache miss)
2016 silly packumentCache corgi:https://registry.npmjs.org/stackframe set size:undefined disposed:false
2017 http fetch GET 200 https://registry.npmjs.org/proto-list 6565ms (cache miss)
2018 silly packumentCache corgi:https://registry.npmjs.org/proto-list set size:undefined disposed:false
2019 http fetch GET 200 https://registry.npmjs.org/read-pkg 6588ms (cache miss)
2020 silly packumentCache corgi:https://registry.npmjs.org/read-pkg set size:undefined disposed:false
2021 http fetch GET 200 https://registry.npmjs.org/process 6572ms (cache miss)
2022 silly packumentCache corgi:https://registry.npmjs.org/process set size:undefined disposed:false
2023 http fetch GET 200 https://registry.npmjs.org/real-require 6603ms (cache miss)
2024 silly packumentCache corgi:https://registry.npmjs.org/real-require set size:undefined disposed:false
2025 http fetch GET 200 https://registry.npmjs.org/secure-json-parse 6703ms (cache miss)
2026 silly packumentCache corgi:https://registry.npmjs.org/secure-json-parse set size:undefined disposed:false
2027 http fetch GET 200 https://registry.npmjs.org/ps-list 6662ms (cache miss)
2028 silly packumentCache corgi:https://registry.npmjs.org/ps-list set size:undefined disposed:false
2029 http fetch GET 200 https://registry.npmjs.org/quote-unquote 6676ms (cache miss)
2030 silly packumentCache corgi:https://registry.npmjs.org/quote-unquote set size:undefined disposed:false
2031 http fetch GET 200 https://registry.npmjs.org/safe-stable-stringify 6757ms (cache miss)
2032 silly packumentCache corgi:https://registry.npmjs.org/safe-stable-stringify set size:undefined disposed:false
2033 http fetch GET 200 https://registry.npmjs.org/pupa 6719ms (cache miss)
2034 silly packumentCache corgi:https://registry.npmjs.org/pupa set size:undefined disposed:false
2035 http fetch GET 200 https://registry.npmjs.org/pend 6686ms (cache miss)
2036 silly packumentCache corgi:https://registry.npmjs.org/pend set size:undefined disposed:false
2037 http fetch GET 200 https://registry.npmjs.org/quick-format-unescaped 6732ms (cache miss)
2038 silly packumentCache corgi:https://registry.npmjs.org/quick-format-unescaped set size:undefined disposed:false
2039 http fetch GET 200 https://registry.npmjs.org/path-type 6692ms (cache miss)
2040 silly packumentCache corgi:https://registry.npmjs.org/path-type set size:undefined disposed:false
2041 http fetch GET 200 https://registry.npmjs.org/pretty-ms 6730ms (cache miss)
2042 silly packumentCache corgi:https://registry.npmjs.org/pretty-ms set size:undefined disposed:false
2043 http fetch GET 200 https://registry.npmjs.org/pkg-types 6773ms (cache miss)
2044 silly packumentCache corgi:https://registry.npmjs.org/pkg-types set size:undefined disposed:false
2045 http fetch GET 200 https://registry.npmjs.org/radix3 6861ms (cache miss)
2046 silly packumentCache corgi:https://registry.npmjs.org/radix3 set size:undefined disposed:false
2047 http fetch GET 200 https://registry.npmjs.org/powershell-utils 6848ms (cache miss)
2048 silly packumentCache corgi:https://registry.npmjs.org/powershell-utils set size:undefined disposed:false
2049 http fetch GET 200 https://registry.npmjs.org/path-key 6822ms (cache miss)
2050 silly packumentCache corgi:https://registry.npmjs.org/path-key set size:undefined disposed:false
2051 http fetch GET 200 https://registry.npmjs.org/package-json-from-dist 6818ms (cache miss)
2052 silly packumentCache corgi:https://registry.npmjs.org/package-json-from-dist set size:undefined disposed:false
2053 http fetch GET 200 https://registry.npmjs.org/path-scurry 6879ms (cache miss)
2054 silly packumentCache corgi:https://registry.npmjs.org/path-scurry set size:undefined disposed:false
2055 http fetch GET 200 https://registry.npmjs.org/queue-microtask 6932ms (cache miss)
2056 silly packumentCache corgi:https://registry.npmjs.org/queue-microtask set size:undefined disposed:false
2057 http fetch GET 200 https://registry.npmjs.org/path-parse 6891ms (cache miss)
2058 silly packumentCache corgi:https://registry.npmjs.org/path-parse set size:undefined disposed:false
2059 http fetch GET 200 https://registry.npmjs.org/path-exists 6892ms (cache miss)
2060 silly packumentCache corgi:https://registry.npmjs.org/path-exists set size:undefined disposed:false
2061 http fetch GET 200 https://registry.npmjs.org/parse-imports 6893ms (cache miss)
2062 silly packumentCache corgi:https://registry.npmjs.org/parse-imports set size:undefined disposed:false
2063 http fetch GET 200 https://registry.npmjs.org/process-warning 6945ms (cache miss)
2064 silly packumentCache corgi:https://registry.npmjs.org/process-warning set size:undefined disposed:false
2065 http fetch GET 200 https://registry.npmjs.org/parse-ms 6905ms (cache miss)
2066 silly packumentCache corgi:https://registry.npmjs.org/parse-ms set size:undefined disposed:false
2067 http fetch GET 200 https://registry.npmjs.org/p-reduce 6902ms (cache miss)
2068 silly packumentCache corgi:https://registry.npmjs.org/p-reduce set size:undefined disposed:false
2069 http fetch GET 200 https://registry.npmjs.org/parse-json 6916ms (cache miss)
2070 silly packumentCache corgi:https://registry.npmjs.org/parse-json set size:undefined disposed:false
2071 http fetch GET 200 https://registry.npmjs.org/p-locate 6958ms (cache miss)
2072 silly packumentCache corgi:https://registry.npmjs.org/p-locate set size:undefined disposed:false
2073 http fetch GET 200 https://registry.npmjs.org/onetime 6958ms (cache miss)
2074 silly packumentCache corgi:https://registry.npmjs.org/onetime set size:undefined disposed:false
2075 http fetch GET 200 https://registry.npmjs.org/precond 7022ms (cache miss)
2076 silly packumentCache corgi:https://registry.npmjs.org/precond set size:undefined disposed:false
2077 http fetch GET 200 https://registry.npmjs.org/whatwg-url 7256ms (cache miss)
2078 silly packumentCache corgi:https://registry.npmjs.org/whatwg-url set size:undefined disposed:false
2079 http fetch GET 200 https://registry.npmjs.org/postcss-values-parser 7075ms (cache miss)
2080 silly packumentCache corgi:https://registry.npmjs.org/postcss-values-parser set size:undefined disposed:false
2081 http fetch GET 200 https://registry.npmjs.org/pino-std-serializers 7078ms (cache miss)
2082 silly packumentCache corgi:https://registry.npmjs.org/pino-std-serializers set size:undefined disposed:false
2083 http fetch GET 200 https://registry.npmjs.org/parse-gitignore 7056ms (cache miss)
2084 silly packumentCache corgi:https://registry.npmjs.org/parse-gitignore set size:undefined disposed:false
2085 http fetch GET 200 https://registry.npmjs.org/picoquery 7086ms (cache miss)
2086 silly packumentCache corgi:https://registry.npmjs.org/picoquery set size:undefined disposed:false
2087 http fetch GET 200 https://registry.npmjs.org/p-limit 7054ms (cache miss)
2088 silly packumentCache corgi:https://registry.npmjs.org/p-limit set size:undefined disposed:false
2089 http fetch GET 200 https://registry.npmjs.org/package-json 7067ms (cache miss)
2090 silly packumentCache corgi:https://registry.npmjs.org/package-json set size:undefined disposed:false
2091 http fetch GET 200 https://registry.npmjs.org/on-headers 7056ms (cache miss)
2092 silly packumentCache corgi:https://registry.npmjs.org/on-headers set size:undefined disposed:false
2093 http fetch GET 200 https://registry.npmjs.org/package-directory 7076ms (cache miss)
2094 silly packumentCache corgi:https://registry.npmjs.org/package-directory set size:undefined disposed:false
2095 http fetch GET 200 https://registry.npmjs.org/one-time 7066ms (cache miss)
2096 silly packumentCache corgi:https://registry.npmjs.org/one-time set size:undefined disposed:false
2097 http fetch GET 200 https://registry.npmjs.org/normalize-path 7060ms (cache miss)
2098 silly packumentCache corgi:https://registry.npmjs.org/normalize-path set size:undefined disposed:false
2099 http fetch GET 200 https://registry.npmjs.org/resolve 7257ms (cache miss)
2100 silly packumentCache corgi:https://registry.npmjs.org/resolve set size:undefined disposed:false
2101 http fetch GET 200 https://registry.npmjs.org/p-event 7180ms (cache miss)
2102 silly packumentCache corgi:https://registry.npmjs.org/p-event set size:undefined disposed:false
2103 http fetch GET 200 https://registry.npmjs.org/nth-check 7177ms (cache miss)
2104 silly packumentCache corgi:https://registry.npmjs.org/nth-check set size:undefined disposed:false
2105 http fetch GET 200 https://registry.npmjs.org/on-exit-leak-free 7185ms (cache miss)
2106 silly packumentCache corgi:https://registry.npmjs.org/on-exit-leak-free set size:undefined disposed:false
2107 http fetch GET 200 https://registry.npmjs.org/p-retry 7268ms (cache miss)
2108 silly packumentCache corgi:https://registry.npmjs.org/p-retry set size:undefined disposed:false
2109 http fetch GET 200 https://registry.npmjs.org/os-name 7267ms (cache miss)
2110 silly packumentCache corgi:https://registry.npmjs.org/os-name set size:undefined disposed:false
2111 http fetch GET 200 https://registry.npmjs.org/npm-run-path 7261ms (cache miss)
2112 silly packumentCache corgi:https://registry.npmjs.org/npm-run-path set size:undefined disposed:false
2113 http fetch GET 200 https://registry.npmjs.org/node-mock-http 7253ms (cache miss)
2114 silly packumentCache corgi:https://registry.npmjs.org/node-mock-http set size:undefined disposed:false
2115 http fetch GET 200 https://registry.npmjs.org/ts-api-utils 7534ms (cache miss)
2116 silly packumentCache corgi:https://registry.npmjs.org/ts-api-utils set size:undefined disposed:false
2117 http fetch GET 200 https://registry.npmjs.org/ofetch 7326ms (cache miss)
2118 silly packumentCache corgi:https://registry.npmjs.org/ofetch set size:undefined disposed:false
2119 http fetch GET 200 https://registry.npmjs.org/module-details-from-path 7315ms (cache miss)
2120 silly packumentCache corgi:https://registry.npmjs.org/module-details-from-path set size:undefined disposed:false
2121 http fetch GET 200 https://registry.npmjs.org/mute-stream 7325ms (cache miss)
2122 silly packumentCache corgi:https://registry.npmjs.org/mute-stream set size:undefined disposed:false
2123 http fetch GET 200 https://registry.npmjs.org/ts-node 7614ms (cache miss)
2124 silly packumentCache corgi:https://registry.npmjs.org/ts-node set size:undefined disposed:false
2125 http fetch GET 200 https://registry.npmjs.org/node-source-walk 7409ms (cache miss)
2126 silly packumentCache corgi:https://registry.npmjs.org/node-source-walk set size:undefined disposed:false
2127 http fetch GET 200 https://registry.npmjs.org/omit.js 7423ms (cache miss)
2128 silly packumentCache corgi:https://registry.npmjs.org/omit.js set size:undefined disposed:false
2129 http fetch GET 200 https://registry.npmjs.org/move-file 7402ms (cache miss)
2130 silly packumentCache corgi:https://registry.npmjs.org/move-file set size:undefined disposed:false
2131 http fetch GET 200 https://registry.npmjs.org/merge-stream 7390ms (cache miss)
2132 silly packumentCache corgi:https://registry.npmjs.org/merge-stream set size:undefined disposed:false
2133 http fetch GET 200 https://registry.npmjs.org/merge-options 7393ms (cache miss)
2134 silly packumentCache corgi:https://registry.npmjs.org/merge-options set size:undefined disposed:false
2135 http fetch GET 200 https://registry.npmjs.org/winston 7757ms (cache miss)
2136 silly packumentCache corgi:https://registry.npmjs.org/winston set size:undefined disposed:false
2137 http fetch GET 200 https://registry.npmjs.org/precinct 7577ms (cache miss)
2138 silly packumentCache corgi:https://registry.npmjs.org/precinct set size:undefined disposed:false
2139 http fetch GET 200 https://registry.npmjs.org/node-gyp-build 7506ms (cache miss)
2140 silly packumentCache corgi:https://registry.npmjs.org/node-gyp-build set size:undefined disposed:false
2141 http fetch GET 200 https://registry.npmjs.org/module-definition 7491ms (cache miss)
2142 silly packumentCache corgi:https://registry.npmjs.org/module-definition set size:undefined disposed:false
2143 http fetch GET 200 https://registry.npmjs.org/merge2 7484ms (cache miss)
2144 silly packumentCache corgi:https://registry.npmjs.org/merge2 set size:undefined disposed:false
2145 http fetch GET 200 https://registry.npmjs.org/mimic-fn 7495ms (cache miss)
2146 silly packumentCache corgi:https://registry.npmjs.org/mimic-fn set size:undefined disposed:false
2147 http fetch GET 200 https://registry.npmjs.org/mimic-function 7508ms (cache miss)
2148 silly packumentCache corgi:https://registry.npmjs.org/mimic-function set size:undefined disposed:false
2149 http fetch GET 200 https://registry.npmjs.org/ora 7620ms (cache miss)
2150 silly packumentCache corgi:https://registry.npmjs.org/ora set size:undefined disposed:false
2151 http fetch GET 200 https://registry.npmjs.org/node-stream-zip 7606ms (cache miss)
2152 silly packumentCache corgi:https://registry.npmjs.org/node-stream-zip set size:undefined disposed:false
2153 http fetch GET 200 https://registry.npmjs.org/node-fetch-native 7604ms (cache miss)
2154 silly packumentCache corgi:https://registry.npmjs.org/node-fetch-native set size:undefined disposed:false
2155 http fetch GET 200 https://registry.npmjs.org/nan 7607ms (cache miss)
2156 silly packumentCache corgi:https://registry.npmjs.org/nan set size:undefined disposed:false
2157 http fetch GET 200 https://registry.npmjs.org/node-domexception 7622ms (cache miss)
2158 silly packumentCache corgi:https://registry.npmjs.org/node-domexception set size:undefined disposed:false
2159 http fetch GET 200 https://registry.npmjs.org/map-obj 7589ms (cache miss)
2160 silly packumentCache corgi:https://registry.npmjs.org/map-obj set size:undefined disposed:false
2161 http fetch GET 200 https://registry.npmjs.org/macos-release 7592ms (cache miss)
2162 silly packumentCache corgi:https://registry.npmjs.org/macos-release set size:undefined disposed:false
2163 http fetch GET 200 https://registry.npmjs.org/lodash.isplainobject 7584ms (cache miss)
2164 silly packumentCache corgi:https://registry.npmjs.org/lodash.isplainobject set size:undefined disposed:false
2165 http fetch GET 200 https://registry.npmjs.org/lodash.once 7592ms (cache miss)
2166 silly packumentCache corgi:https://registry.npmjs.org/lodash.once set size:undefined disposed:false
2167 http fetch GET 200 https://registry.npmjs.org/lodash.isnumber 7592ms (cache miss)
2168 silly packumentCache corgi:https://registry.npmjs.org/lodash.isnumber set size:undefined disposed:false
2169 http fetch GET 200 https://registry.npmjs.org/make-error 7614ms (cache miss)
2170 silly packumentCache corgi:https://registry.npmjs.org/make-error set size:undefined disposed:false
2171 http fetch GET 200 https://registry.npmjs.org/log-symbols 7708ms (cache miss)
2172 silly packumentCache corgi:https://registry.npmjs.org/log-symbols set size:undefined disposed:false
2173 http fetch GET 200 https://registry.npmjs.org/lodash.isinteger 7703ms (cache miss)
2174 silly packumentCache corgi:https://registry.npmjs.org/lodash.isinteger set size:undefined disposed:false
2175 http fetch GET 200 https://registry.npmjs.org/lodash.isboolean 7705ms (cache miss)
2176 silly packumentCache corgi:https://registry.npmjs.org/lodash.isboolean set size:undefined disposed:false
2177 http fetch GET 200 https://registry.npmjs.org/lodash.transform 7717ms (cache miss)
2178 silly packumentCache corgi:https://registry.npmjs.org/lodash.transform set size:undefined disposed:false
2179 http fetch GET 200 https://registry.npmjs.org/lodash.includes 7715ms (cache miss)
2180 silly packumentCache corgi:https://registry.npmjs.org/lodash.includes set size:undefined disposed:false
2181 http fetch GET 200 https://registry.npmjs.org/lodash.isstring 7725ms (cache miss)
2182 silly packumentCache corgi:https://registry.npmjs.org/lodash.isstring set size:undefined disposed:false
2183 http fetch GET 200 https://registry.npmjs.org/normalize-exception 7846ms (cache miss)
2184 silly packumentCache corgi:https://registry.npmjs.org/normalize-exception set size:undefined disposed:false
2185 http fetch GET 200 https://registry.npmjs.org/leven 7780ms (cache miss)
2186 silly packumentCache corgi:https://registry.npmjs.org/leven set size:undefined disposed:false
2187 http fetch GET 200 https://registry.npmjs.org/json-schema-ref-resolver 7773ms (cache miss)
2188 silly packumentCache corgi:https://registry.npmjs.org/json-schema-ref-resolver set size:undefined disposed:false
2189 http fetch GET 200 https://registry.npmjs.org/kuler 7785ms (cache miss)
2190 silly packumentCache corgi:https://registry.npmjs.org/kuler set size:undefined disposed:false
2191 http fetch GET 200 https://registry.npmjs.org/lazystream 7793ms (cache miss)
2192 silly packumentCache corgi:https://registry.npmjs.org/lazystream set size:undefined disposed:false
2193 http fetch GET 200 https://registry.npmjs.org/junk 7789ms (cache miss)
2194 silly packumentCache corgi:https://registry.npmjs.org/junk set size:undefined disposed:false
2195 http fetch GET 200 https://registry.npmjs.org/memoize-one 7871ms (cache miss)
2196 silly packumentCache corgi:https://registry.npmjs.org/memoize-one set size:undefined disposed:false
2197 http fetch GET 200 https://registry.npmjs.org/lodash.isempty 7862ms (cache miss)
2198 silly packumentCache corgi:https://registry.npmjs.org/lodash.isempty set size:undefined disposed:false
2199 http fetch GET 200 https://registry.npmjs.org/latest-version 7856ms (cache miss)
2200 silly packumentCache corgi:https://registry.npmjs.org/latest-version set size:undefined disposed:false
2201 http fetch GET 200 https://registry.npmjs.org/node-forge 7984ms (cache miss)
2202 silly packumentCache corgi:https://registry.npmjs.org/node-forge set size:undefined disposed:false
2203 http fetch GET 200 https://registry.npmjs.org/micromatch 7961ms (cache miss)
2204 silly packumentCache corgi:https://registry.npmjs.org/micromatch set size:undefined disposed:false
2205 http fetch GET 200 https://registry.npmjs.org/logform 7951ms (cache miss)
2206 silly packumentCache corgi:https://registry.npmjs.org/logform set size:undefined disposed:false
2207 http fetch GET 200 https://registry.npmjs.org/is64bit 7912ms (cache miss)
2208 silly packumentCache corgi:https://registry.npmjs.org/is64bit set size:undefined disposed:false
2209 http fetch GET 200 https://registry.npmjs.org/js-image-generator 7926ms (cache miss)
2210 silly packumentCache corgi:https://registry.npmjs.org/js-image-generator set size:undefined disposed:false
2211 http fetch GET 200 https://registry.npmjs.org/is-url-superb 7920ms (cache miss)
2212 silly packumentCache corgi:https://registry.npmjs.org/is-url-superb set size:undefined disposed:false
2213 http fetch GET 200 https://registry.npmjs.org/is-unicode-supported 7923ms (cache miss)
2214 silly packumentCache corgi:https://registry.npmjs.org/is-unicode-supported set size:undefined disposed:false
2215 http fetch GET 200 https://registry.npmjs.org/is-plain-object 7923ms (cache miss)
2216 silly packumentCache corgi:https://registry.npmjs.org/is-plain-object set size:undefined disposed:false
2217 http fetch GET 200 https://registry.npmjs.org/mlly 8048ms (cache miss)
2218 silly packumentCache corgi:https://registry.npmjs.org/mlly set size:undefined disposed:false
2219 http fetch GET 200 https://registry.npmjs.org/jpeg-js 7995ms (cache miss)
2220 silly packumentCache corgi:https://registry.npmjs.org/jpeg-js set size:undefined disposed:false
2221 http fetch GET 200 https://registry.npmjs.org/js-tokens 8003ms (cache miss)
2222 silly packumentCache corgi:https://registry.npmjs.org/js-tokens set size:undefined disposed:false
2223 http fetch GET 200 https://registry.npmjs.org/jsonpointer 8016ms (cache miss)
2224 silly packumentCache corgi:https://registry.npmjs.org/jsonpointer set size:undefined disposed:false
2225 http fetch GET 200 https://registry.npmjs.org/is-network-error 7994ms (cache miss)
2226 silly packumentCache corgi:https://registry.npmjs.org/is-network-error set size:undefined disposed:false
2227 http fetch GET 200 https://registry.npmjs.org/is-number 8000ms (cache miss)
2228 silly packumentCache corgi:https://registry.npmjs.org/is-number set size:undefined disposed:false
2229 http fetch GET 200 https://registry.npmjs.org/is-plain-obj 8006ms (cache miss)
2230 silly packumentCache corgi:https://registry.npmjs.org/is-plain-obj set size:undefined disposed:false
2231 http fetch GET 200 https://registry.npmjs.org/is-safe-filename 8014ms (cache miss)
2232 silly packumentCache corgi:https://registry.npmjs.org/is-safe-filename set size:undefined disposed:false
2233 http fetch GET 200 https://registry.npmjs.org/is-path-inside 8080ms (cache miss)
2234 silly packumentCache corgi:https://registry.npmjs.org/is-path-inside set size:undefined disposed:false
2235 http fetch GET 200 https://registry.npmjs.org/is-inside-container 8082ms (cache miss)
2236 silly packumentCache corgi:https://registry.npmjs.org/is-inside-container set size:undefined disposed:false
2237 http fetch GET 200 https://registry.npmjs.org/is-url 8101ms (cache miss)
2238 silly packumentCache corgi:https://registry.npmjs.org/is-url set size:undefined disposed:false
2239 http fetch GET 200 https://registry.npmjs.org/is-in-ci 8088ms (cache miss)
2240 silly packumentCache corgi:https://registry.npmjs.org/is-in-ci set size:undefined disposed:false
2241 http fetch GET 200 https://registry.npmjs.org/is-in-ssh 8097ms (cache miss)
2242 silly packumentCache corgi:https://registry.npmjs.org/is-in-ssh set size:undefined disposed:false
2243 http fetch GET 200 https://registry.npmjs.org/is-npm 8108ms (cache miss)
2244 silly packumentCache corgi:https://registry.npmjs.org/is-npm set size:undefined disposed:false
2245 http fetch GET 200 https://registry.npmjs.org/iserror 8129ms (cache miss)
2246 silly packumentCache corgi:https://registry.npmjs.org/iserror set size:undefined disposed:false
2247 http fetch GET 200 https://registry.npmjs.org/sonic-boom 8461ms (cache miss)
2248 silly packumentCache corgi:https://registry.npmjs.org/sonic-boom set size:undefined disposed:false
2249 http fetch GET 200 https://registry.npmjs.org/is-extglob 8193ms (cache miss)
2250 silly packumentCache corgi:https://registry.npmjs.org/is-extglob set size:undefined disposed:false
2251 http fetch GET 200 https://registry.npmjs.org/is-installed-globally 8205ms (cache miss)
2252 silly packumentCache corgi:https://registry.npmjs.org/is-installed-globally set size:undefined disposed:false
2253 http fetch GET 200 https://registry.npmjs.org/is-glob 8204ms (cache miss)
2254 silly packumentCache corgi:https://registry.npmjs.org/is-glob set size:undefined disposed:false
2255 http fetch GET 200 https://registry.npmjs.org/index-to-position 8195ms (cache miss)
2256 silly packumentCache corgi:https://registry.npmjs.org/index-to-position set size:undefined disposed:false
2257 http fetch GET 200 https://registry.npmjs.org/is-interactive 8223ms (cache miss)
2258 silly packumentCache corgi:https://registry.npmjs.org/is-interactive set size:undefined disposed:false
2259 http fetch GET 200 https://registry.npmjs.org/listhen 8317ms (cache miss)
2260 silly packumentCache corgi:https://registry.npmjs.org/listhen set size:undefined disposed:false
2261 http fetch GET 200 https://registry.npmjs.org/is-error-instance 8278ms (cache miss)
2262 silly packumentCache corgi:https://registry.npmjs.org/is-error-instance set size:undefined disposed:false
2263 http fetch GET 200 https://registry.npmjs.org/is-arrayish 8280ms (cache miss)
2264 silly packumentCache corgi:https://registry.npmjs.org/is-arrayish set size:undefined disposed:false
2265 http fetch GET 200 https://registry.npmjs.org/http-shutdown 8264ms (cache miss)
2266 silly packumentCache corgi:https://registry.npmjs.org/http-shutdown set size:undefined disposed:false
2267 http fetch GET 200 https://registry.npmjs.org/image-meta 8276ms (cache miss)
2268 silly packumentCache corgi:https://registry.npmjs.org/image-meta set size:undefined disposed:false
2269 http fetch GET 200 https://registry.npmjs.org/jackspeak 8372ms (cache miss)
2270 silly packumentCache corgi:https://registry.npmjs.org/jackspeak set size:undefined disposed:false
2271 http fetch GET 200 https://registry.npmjs.org/human-signals 8336ms (cache miss)
2272 silly packumentCache corgi:https://registry.npmjs.org/human-signals set size:undefined disposed:false
2273 http fetch GET 200 https://registry.npmjs.org/has-flag 8331ms (cache miss)
2274 silly packumentCache corgi:https://registry.npmjs.org/has-flag set size:undefined disposed:false
2275 http fetch GET 200 https://registry.npmjs.org/global-directory 8328ms (cache miss)
2276 silly packumentCache corgi:https://registry.npmjs.org/global-directory set size:undefined disposed:false
2277 http fetch GET 200 https://registry.npmjs.org/light-my-request 8482ms (cache miss)
2278 silly packumentCache corgi:https://registry.npmjs.org/light-my-request set size:undefined disposed:false
2279 http fetch GET 200 https://registry.npmjs.org/is-core-module 8435ms (cache miss)
2280 silly packumentCache corgi:https://registry.npmjs.org/is-core-module set size:undefined disposed:false
2281 http fetch GET 200 https://registry.npmjs.org/from2 8390ms (cache miss)
2282 silly packumentCache corgi:https://registry.npmjs.org/from2 set size:undefined disposed:false
2283 http fetch GET 200 https://registry.npmjs.org/find-up-simple 8387ms (cache miss)
2284 silly packumentCache corgi:https://registry.npmjs.org/find-up-simple set size:undefined disposed:false
2285 http fetch GET 200 https://registry.npmjs.org/micro-memoize 8590ms (cache miss)
2286 silly packumentCache corgi:https://registry.npmjs.org/micro-memoize set size:undefined disposed:false
2287 http fetch GET 200 https://registry.npmjs.org/keep-func-props 8553ms (cache miss)
2288 silly packumentCache corgi:https://registry.npmjs.org/keep-func-props set size:undefined disposed:false
2289 http fetch GET 200 https://registry.npmjs.org/foreground-child 8460ms (cache miss)
2290 silly packumentCache corgi:https://registry.npmjs.org/foreground-child set size:undefined disposed:false
2291 http fetch GET 200 https://registry.npmjs.org/fn.name 8464ms (cache miss)
2292 silly packumentCache corgi:https://registry.npmjs.org/fn.name set size:undefined disposed:false
2293 http fetch GET 200 https://registry.npmjs.org/get-amd-module-type 8484ms (cache miss)
2294 silly packumentCache corgi:https://registry.npmjs.org/get-amd-module-type set size:undefined disposed:false
2295 http fetch GET 200 https://registry.npmjs.org/rxjs 8849ms (cache miss)
2296 silly packumentCache corgi:https://registry.npmjs.org/rxjs set size:undefined disposed:false
2297 http fetch GET 200 https://registry.npmjs.org/iron-webcrypto 8611ms (cache miss)
2298 silly packumentCache corgi:https://registry.npmjs.org/iron-webcrypto set size:undefined disposed:false
2299 http fetch GET 200 https://registry.npmjs.org/get-stream 8578ms (cache miss)
2300 silly packumentCache corgi:https://registry.npmjs.org/get-stream set size:undefined disposed:false
2301 http fetch GET 200 https://registry.npmjs.org/gonzales-pe 8590ms (cache miss)
2302 silly packumentCache corgi:https://registry.npmjs.org/gonzales-pe set size:undefined disposed:false
2303 http fetch GET 200 https://registry.npmjs.org/get-port-please 8587ms (cache miss)
2304 silly packumentCache corgi:https://registry.npmjs.org/get-port-please set size:undefined disposed:false
2305 http fetch GET 200 https://registry.npmjs.org/filter-obj 8572ms (cache miss)
2306 silly packumentCache corgi:https://registry.npmjs.org/filter-obj set size:undefined disposed:false
2307 http fetch GET 200 https://registry.npmjs.org/fd-slicer 8550ms (cache miss)
2308 silly packumentCache corgi:https://registry.npmjs.org/fd-slicer set size:undefined disposed:false
2309 http fetch GET 200 https://registry.npmjs.org/figures 8577ms (cache miss)
2310 silly packumentCache corgi:https://registry.npmjs.org/figures set size:undefined disposed:false
2311 http fetch GET 200 https://registry.npmjs.org/ky 8762ms (cache miss)
2312 silly packumentCache corgi:https://registry.npmjs.org/ky set size:undefined disposed:false
2313 http fetch GET 200 https://registry.npmjs.org/import-in-the-middle 8707ms (cache miss)
2314 silly packumentCache corgi:https://registry.npmjs.org/import-in-the-middle set size:undefined disposed:false
2315 http fetch GET 200 https://registry.npmjs.org/formdata-polyfill 8677ms (cache miss)
2316 silly packumentCache corgi:https://registry.npmjs.org/formdata-polyfill set size:undefined disposed:false
2317 http fetch GET 200 https://registry.npmjs.org/fill-range 8670ms (cache miss)
2318 silly packumentCache corgi:https://registry.npmjs.org/fill-range set size:undefined disposed:false
2319 http fetch GET 200 https://registry.npmjs.org/fast-fifo 8644ms (cache miss)
2320 silly packumentCache corgi:https://registry.npmjs.org/fast-fifo set size:undefined disposed:false
2321 http fetch GET 200 https://registry.npmjs.org/events-universal 8635ms (cache miss)
2322 silly packumentCache corgi:https://registry.npmjs.org/events-universal set size:undefined disposed:false
2323 http fetch GET 200 https://registry.npmjs.org/fast-uri 8656ms (cache miss)
2324 silly packumentCache corgi:https://registry.npmjs.org/fast-uri set size:undefined disposed:false
2325 http fetch GET 200 https://registry.npmjs.org/fast-decode-uri-component 8651ms (cache miss)
2326 silly packumentCache corgi:https://registry.npmjs.org/fast-decode-uri-component set size:undefined disposed:false
2327 http fetch GET 200 https://registry.npmjs.org/globby 8795ms (cache miss)
2328 silly packumentCache corgi:https://registry.npmjs.org/globby set size:undefined disposed:false
2329 http fetch GET 200 https://registry.npmjs.org/fetch-blob 8770ms (cache miss)
2330 silly packumentCache corgi:https://registry.npmjs.org/fetch-blob set size:undefined disposed:false
2331 http fetch GET 200 https://registry.npmjs.org/fast-safe-stringify 8746ms (cache miss)
2332 silly packumentCache corgi:https://registry.npmjs.org/fast-safe-stringify set size:undefined disposed:false
2333 http fetch GET 200 https://registry.npmjs.org/fecha 8762ms (cache miss)
2334 silly packumentCache corgi:https://registry.npmjs.org/fecha set size:undefined disposed:false
2335 http fetch GET 200 https://registry.npmjs.org/events 8745ms (cache miss)
2336 silly packumentCache corgi:https://registry.npmjs.org/events set size:undefined disposed:false
2337 http fetch GET 200 https://registry.npmjs.org/fast-content-type-parse 8787ms (cache miss)
2338 silly packumentCache corgi:https://registry.npmjs.org/fast-content-type-parse set size:undefined disposed:false
2339 http fetch GET 200 https://registry.npmjs.org/log-process-errors 8978ms (cache miss)
2340 silly packumentCache corgi:https://registry.npmjs.org/log-process-errors set size:undefined disposed:false
2341 http fetch GET 200 https://registry.npmjs.org/image-size 8902ms (cache miss)
2342 silly packumentCache corgi:https://registry.npmjs.org/image-size set size:undefined disposed:false
2343 http fetch GET 200 https://registry.npmjs.org/fast-stringify 8834ms (cache miss)
2344 silly packumentCache corgi:https://registry.npmjs.org/fast-stringify set size:undefined disposed:false
2345 http fetch GET 200 https://registry.npmjs.org/fastq 8847ms (cache miss)
2346 silly packumentCache corgi:https://registry.npmjs.org/fastq set size:undefined disposed:false
2347 http fetch GET 200 https://registry.npmjs.org/esutils 8871ms (cache miss)
2348 silly packumentCache corgi:https://registry.npmjs.org/esutils set size:undefined disposed:false
2349 http fetch GET 200 https://registry.npmjs.org/fast-querystring 8897ms (cache miss)
2350 silly packumentCache corgi:https://registry.npmjs.org/fast-querystring set size:undefined disposed:false
2351 http fetch GET 200 https://registry.npmjs.org/estraverse 8878ms (cache miss)
2352 silly packumentCache corgi:https://registry.npmjs.org/estraverse set size:undefined disposed:false
2353 http fetch GET 200 https://registry.npmjs.org/escape-goat 8876ms (cache miss)
2354 silly packumentCache corgi:https://registry.npmjs.org/escape-goat set size:undefined disposed:false
2355 http fetch GET 200 https://registry.npmjs.org/environment 8870ms (cache miss)
2356 silly packumentCache corgi:https://registry.npmjs.org/environment set size:undefined disposed:false
2357 http fetch GET 200 https://registry.npmjs.org/escape-string-regexp 8890ms (cache miss)
2358 silly packumentCache corgi:https://registry.npmjs.org/escape-string-regexp set size:undefined disposed:false
2359 http fetch GET 200 https://registry.npmjs.org/hosted-git-info 9000ms (cache miss)
2360 silly packumentCache corgi:https://registry.npmjs.org/hosted-git-info set size:undefined disposed:false
2361 http fetch GET 200 https://registry.npmjs.org/esprima 8965ms (cache miss)
2362 silly packumentCache corgi:https://registry.npmjs.org/esprima set size:undefined disposed:false
2363 http fetch GET 200 https://registry.npmjs.org/eastasianwidth 8950ms (cache miss)
2364 silly packumentCache corgi:https://registry.npmjs.org/eastasianwidth set size:undefined disposed:false
2365 http fetch GET 200 https://registry.npmjs.org/empathic 8958ms (cache miss)
2366 silly packumentCache corgi:https://registry.npmjs.org/empathic set size:undefined disposed:false
2367 http fetch GET 200 https://registry.npmjs.org/event-target-shim 8993ms (cache miss)
2368 silly packumentCache corgi:https://registry.npmjs.org/event-target-shim set size:undefined disposed:false
2369 http fetch GET 200 https://registry.npmjs.org/enabled 8971ms (cache miss)
2370 silly packumentCache corgi:https://registry.npmjs.org/enabled set size:undefined disposed:false
2371 http fetch GET 200 https://registry.npmjs.org/ecdsa-sig-formatter 8973ms (cache miss)
2372 silly packumentCache corgi:https://registry.npmjs.org/ecdsa-sig-formatter set size:undefined disposed:false
2373 http fetch GET 200 https://registry.npmjs.org/ipx 9130ms (cache miss)
2374 silly packumentCache corgi:https://registry.npmjs.org/ipx set size:undefined disposed:false
2375 http fetch GET 200 https://registry.npmjs.org/escodegen 9059ms (cache miss)
2376 silly packumentCache corgi:https://registry.npmjs.org/escodegen set size:undefined disposed:false
2377 http fetch GET 200 https://registry.npmjs.org/dom-serializer 9035ms (cache miss)
2378 silly packumentCache corgi:https://registry.npmjs.org/dom-serializer set size:undefined disposed:false
2379 http fetch GET 200 https://registry.npmjs.org/domelementtype 9047ms (cache miss)
2380 silly packumentCache corgi:https://registry.npmjs.org/domelementtype set size:undefined disposed:false
2381 http fetch GET 200 https://registry.npmjs.org/detective-stylus 9047ms (cache miss)
2382 silly packumentCache corgi:https://registry.npmjs.org/detective-stylus set size:undefined disposed:false
2383 http fetch GET 200 https://registry.npmjs.org/fast-glob 9119ms (cache miss)
2384 silly packumentCache corgi:https://registry.npmjs.org/fast-glob set size:undefined disposed:false
2385 http fetch GET 200 https://registry.npmjs.org/enquirer 9154ms (cache miss)
2386 silly packumentCache corgi:https://registry.npmjs.org/enquirer set size:undefined disposed:false
2387 http fetch GET 200 https://registry.npmjs.org/error-stack-parser 9166ms (cache miss)
2388 silly packumentCache corgi:https://registry.npmjs.org/error-stack-parser set size:undefined disposed:false
2389 http fetch GET 200 https://registry.npmjs.org/define-lazy-prop 9133ms (cache miss)
2390 silly packumentCache corgi:https://registry.npmjs.org/define-lazy-prop set size:undefined disposed:false
2391 http fetch GET 200 https://registry.npmjs.org/fastify-plugin 9233ms (cache miss)
2392 silly packumentCache corgi:https://registry.npmjs.org/fastify-plugin set size:undefined disposed:false
2393 http fetch GET 200 https://registry.npmjs.org/entities 9250ms (cache miss)
2394 silly packumentCache corgi:https://registry.npmjs.org/entities set size:undefined disposed:false
2395 http fetch GET 200 https://registry.npmjs.org/dequal 9229ms (cache miss)
2396 silly packumentCache corgi:https://registry.npmjs.org/dequal set size:undefined disposed:false
2397 http fetch GET 200 https://registry.npmjs.org/domhandler 9248ms (cache miss)
2398 silly packumentCache corgi:https://registry.npmjs.org/domhandler set size:undefined disposed:false
2399 http fetch GET 200 https://registry.npmjs.org/default-browser-id 9232ms (cache miss)
2400 silly packumentCache corgi:https://registry.npmjs.org/default-browser-id set size:undefined disposed:false
2401 http fetch GET 200 https://registry.npmjs.org/defaults 9237ms (cache miss)
2402 silly packumentCache corgi:https://registry.npmjs.org/defaults set size:undefined disposed:false
2403 http fetch GET 200 https://registry.npmjs.org/detective-scss 9254ms (cache miss)
2404 silly packumentCache corgi:https://registry.npmjs.org/detective-scss set size:undefined disposed:false
2405 http fetch GET 200 https://registry.npmjs.org/dettle 9261ms (cache miss)
2406 silly packumentCache corgi:https://registry.npmjs.org/dettle set size:undefined disposed:false
2407 http fetch GET 200 https://registry.npmjs.org/hot-shots 9407ms (cache miss)
2408 silly packumentCache corgi:https://registry.npmjs.org/hot-shots set size:undefined disposed:false
2409 http fetch GET 200 https://registry.npmjs.org/detective-vue2 9273ms (cache miss)
2410 silly packumentCache corgi:https://registry.npmjs.org/detective-vue2 set size:undefined disposed:false
2411 http fetch GET 200 https://registry.npmjs.org/default-browser 9260ms (cache miss)
2412 silly packumentCache corgi:https://registry.npmjs.org/default-browser set size:undefined disposed:false
2413 http fetch GET 200 https://registry.npmjs.org/cssfilter 9256ms (cache miss)
2414 silly packumentCache corgi:https://registry.npmjs.org/cssfilter set size:undefined disposed:false
2415 http fetch GET 200 https://registry.npmjs.org/detective-es6 9341ms (cache miss)
2416 silly packumentCache corgi:https://registry.npmjs.org/detective-es6 set size:undefined disposed:false
2417 http fetch GET 200 https://registry.npmjs.org/destr 9340ms (cache miss)
2418 silly packumentCache corgi:https://registry.npmjs.org/destr set size:undefined disposed:false
2419 http fetch GET 200 https://registry.npmjs.org/detective-amd 9350ms (cache miss)
2420 silly packumentCache corgi:https://registry.npmjs.org/detective-amd set size:undefined disposed:false
2421 http fetch GET 200 https://registry.npmjs.org/domutils 9374ms (cache miss)
2422 silly packumentCache corgi:https://registry.npmjs.org/domutils set size:undefined disposed:false
2423 http fetch GET 200 https://registry.npmjs.org/luxon 9616ms (cache miss)
2424 silly packumentCache corgi:https://registry.npmjs.org/luxon set size:undefined disposed:false
2425 http fetch GET 200 https://registry.npmjs.org/detective-cjs 9381ms (cache miss)
2426 silly packumentCache corgi:https://registry.npmjs.org/detective-cjs set size:undefined disposed:false
2427 http fetch GET 200 https://registry.npmjs.org/cyclist 9379ms (cache miss)
2428 silly packumentCache corgi:https://registry.npmjs.org/cyclist set size:undefined disposed:false
2429 http fetch GET 200 https://registry.npmjs.org/create-require 9376ms (cache miss)
2430 silly packumentCache corgi:https://registry.npmjs.org/create-require set size:undefined disposed:false
2431 http fetch GET 200 https://registry.npmjs.org/defu 9448ms (cache miss)
2432 silly packumentCache corgi:https://registry.npmjs.org/defu set size:undefined disposed:false
2433 http fetch GET 200 https://registry.npmjs.org/detective-postcss 9462ms (cache miss)
2434 silly packumentCache corgi:https://registry.npmjs.org/detective-postcss set size:undefined disposed:false
2435 http fetch GET 200 https://registry.npmjs.org/type-fest 9992ms (cache miss)
2436 silly packumentCache corgi:https://registry.npmjs.org/type-fest set size:undefined disposed:false
2437 http fetch GET 200 https://registry.npmjs.org/diff 9486ms (cache miss)
2438 silly packumentCache corgi:https://registry.npmjs.org/diff set size:undefined disposed:false
2439 http fetch GET 200 https://registry.npmjs.org/find-my-way 9596ms (cache miss)
2440 silly packumentCache corgi:https://registry.npmjs.org/find-my-way set size:undefined disposed:false
2441 http fetch GET 200 https://registry.npmjs.org/data-uri-to-buffer 9484ms (cache miss)
2442 silly packumentCache corgi:https://registry.npmjs.org/data-uri-to-buffer set size:undefined disposed:false
2443 http fetch GET 200 https://registry.npmjs.org/detective-sass 9507ms (cache miss)
2444 silly packumentCache corgi:https://registry.npmjs.org/detective-sass set size:undefined disposed:false
2445 http fetch GET 200 https://registry.npmjs.org/config-chain 9474ms (cache miss)
2446 silly packumentCache corgi:https://registry.npmjs.org/config-chain set size:undefined disposed:false
2447 http fetch GET 200 https://registry.npmjs.org/crc-32 9488ms (cache miss)
2448 silly packumentCache corgi:https://registry.npmjs.org/crc-32 set size:undefined disposed:false
2449 http fetch GET 200 https://registry.npmjs.org/crossws 9498ms (cache miss)
2450 silly packumentCache corgi:https://registry.npmjs.org/crossws set size:undefined disposed:false
2451 http fetch GET 200 https://registry.npmjs.org/cookie-es 9495ms (cache miss)
2452 silly packumentCache corgi:https://registry.npmjs.org/cookie-es set size:undefined disposed:false
2453 http fetch GET 200 https://registry.npmjs.org/confbox 9493ms (cache miss)
2454 silly packumentCache corgi:https://registry.npmjs.org/confbox set size:undefined disposed:false
2455 http fetch GET 200 https://registry.npmjs.org/detective-typescript 9616ms (cache miss)
2456 silly packumentCache corgi:https://registry.npmjs.org/detective-typescript set size:undefined disposed:false
2457 http fetch GET 200 https://registry.npmjs.org/css-select 9640ms (cache miss)
2458 silly packumentCache corgi:https://registry.npmjs.org/css-select set size:undefined disposed:false
2459 http fetch GET 200 https://registry.npmjs.org/css-what 9651ms (cache miss)
2460 silly packumentCache corgi:https://registry.npmjs.org/css-what set size:undefined disposed:false
2461 http fetch GET 200 https://registry.npmjs.org/crc32-stream 9658ms (cache miss)
2462 silly packumentCache corgi:https://registry.npmjs.org/crc32-stream set size:undefined disposed:false
2463 http fetch GET 200 https://registry.npmjs.org/common-path-prefix 9650ms (cache miss)
2464 silly packumentCache corgi:https://registry.npmjs.org/common-path-prefix set size:undefined disposed:false
2465 http fetch GET 200 https://registry.npmjs.org/copy-file 9663ms (cache miss)
2466 silly packumentCache corgi:https://registry.npmjs.org/copy-file set size:undefined disposed:false
2467 http fetch GET 200 https://registry.npmjs.org/es-module-lexer 9763ms (cache miss)
2468 silly packumentCache corgi:https://registry.npmjs.org/es-module-lexer set size:undefined disposed:false
2469 http fetch GET 200 https://registry.npmjs.org/cross-spawn 9717ms (cache miss)
2470 silly packumentCache corgi:https://registry.npmjs.org/cross-spawn set size:undefined disposed:false
2471 http fetch GET 200 https://registry.npmjs.org/cli-width 9699ms (cache miss)
2472 silly packumentCache corgi:https://registry.npmjs.org/cli-width set size:undefined disposed:false
2473 http fetch GET 200 https://registry.npmjs.org/colorspace 9714ms (cache miss)
2474 silly packumentCache corgi:https://registry.npmjs.org/colorspace set size:undefined disposed:false
2475 http fetch GET 200 https://registry.npmjs.org/clone 9710ms (cache miss)
2476 silly packumentCache corgi:https://registry.npmjs.org/clone set size:undefined disposed:false
2477 http fetch GET 200 https://registry.npmjs.org/cli-cursor 9708ms (cache miss)
2478 silly packumentCache corgi:https://registry.npmjs.org/cli-cursor set size:undefined disposed:false
2479 http fetch GET 200 https://registry.npmjs.org/colors 9724ms (cache miss)
2480 silly packumentCache corgi:https://registry.npmjs.org/colors set size:undefined disposed:false
2481 http fetch GET 200 https://registry.npmjs.org/cli-boxes 9717ms (cache miss)
2482 silly packumentCache corgi:https://registry.npmjs.org/cli-boxes set size:undefined disposed:false
2483 http fetch GET 200 https://registry.npmjs.org/csso 9822ms (cache miss)
2484 silly packumentCache corgi:https://registry.npmjs.org/csso set size:undefined disposed:false
2485 http fetch GET 200 https://registry.npmjs.org/configstore 9810ms (cache miss)
2486 silly packumentCache corgi:https://registry.npmjs.org/configstore set size:undefined disposed:false
2487 http fetch GET 200 https://registry.npmjs.org/cli-spinners 9801ms (cache miss)
2488 silly packumentCache corgi:https://registry.npmjs.org/cli-spinners set size:undefined disposed:false
2489 http fetch GET 200 https://registry.npmjs.org/citty 9804ms (cache miss)
2490 silly packumentCache corgi:https://registry.npmjs.org/citty set size:undefined disposed:false
2491 http fetch GET 200 https://registry.npmjs.org/bundle-name 9795ms (cache miss)
2492 silly packumentCache corgi:https://registry.npmjs.org/bundle-name set size:undefined disposed:false
2493 http fetch GET 200 https://registry.npmjs.org/callsite 9808ms (cache miss)
2494 silly packumentCache corgi:https://registry.npmjs.org/callsite set size:undefined disposed:false
2495 http fetch GET 200 https://registry.npmjs.org/clipboardy 9869ms (cache miss)
2496 silly packumentCache corgi:https://registry.npmjs.org/clipboardy set size:undefined disposed:false
2497 http fetch GET 200 https://registry.npmjs.org/compress-commons 9889ms (cache miss)
2498 silly packumentCache corgi:https://registry.npmjs.org/compress-commons set size:undefined disposed:false
2499 http fetch GET 200 https://registry.npmjs.org/chardet 9865ms (cache miss)
2500 silly packumentCache corgi:https://registry.npmjs.org/chardet set size:undefined disposed:false
2501 http fetch GET 200 https://registry.npmjs.org/color 9892ms (cache miss)
2502 silly packumentCache corgi:https://registry.npmjs.org/color set size:undefined disposed:false
2503 http fetch GET 200 https://registry.npmjs.org/buffer-crc32 9864ms (cache miss)
2504 silly packumentCache corgi:https://registry.npmjs.org/buffer-crc32 set size:undefined disposed:false
2505 http fetch GET 200 https://registry.npmjs.org/buffer-equal-constant-time 9866ms (cache miss)
2506 silly packumentCache corgi:https://registry.npmjs.org/buffer-equal-constant-time set size:undefined disposed:false
2507 http fetch GET 200 https://registry.npmjs.org/buffer-from 9873ms (cache miss)
2508 silly packumentCache corgi:https://registry.npmjs.org/buffer-from set size:undefined disposed:false
2509 http fetch GET 200 https://registry.npmjs.org/camelcase 9886ms (cache miss)
2510 silly packumentCache corgi:https://registry.npmjs.org/camelcase set size:undefined disposed:false
2511 http fetch GET 200 https://registry.npmjs.org/byline 9884ms (cache miss)
2512 silly packumentCache corgi:https://registry.npmjs.org/byline set size:undefined disposed:false
2513 http fetch GET 200 https://registry.npmjs.org/fast-equals 10067ms (cache miss)
2514 silly packumentCache corgi:https://registry.npmjs.org/fast-equals set size:undefined disposed:false
2515 http fetch GET 200 https://registry.npmjs.org/color-string 9984ms (cache miss)
2516 silly packumentCache corgi:https://registry.npmjs.org/color-string set size:undefined disposed:false
2517 http fetch GET 200 https://registry.npmjs.org/cpy 10006ms (cache miss)
2518 silly packumentCache corgi:https://registry.npmjs.org/cpy set size:undefined disposed:false
2519 http fetch GET 200 https://registry.npmjs.org/bare-events 9942ms (cache miss)
2520 silly packumentCache corgi:https://registry.npmjs.org/bare-events set size:undefined disposed:false
2521 http fetch GET 200 https://registry.npmjs.org/boolbase 9954ms (cache miss)
2522 silly packumentCache corgi:https://registry.npmjs.org/boolbase set size:undefined disposed:false
2523 http fetch GET 200 https://registry.npmjs.org/b4a 9983ms (cache miss)
2524 silly packumentCache corgi:https://registry.npmjs.org/b4a set size:undefined disposed:false
2525 http fetch GET 200 https://registry.npmjs.org/braces 10002ms (cache miss)
2526 silly packumentCache corgi:https://registry.npmjs.org/braces set size:undefined disposed:false
2527 http fetch GET 200 https://registry.npmjs.org/async-sema 9993ms (cache miss)
2528 silly packumentCache corgi:https://registry.npmjs.org/async-sema set size:undefined disposed:false
2529 http fetch GET 200 https://registry.npmjs.org/archiver-utils 9990ms (cache miss)
2530 silly packumentCache corgi:https://registry.npmjs.org/archiver-utils set size:undefined disposed:false
2531 http fetch GET 200 https://registry.npmjs.org/atomically 10004ms (cache miss)
2532 silly packumentCache corgi:https://registry.npmjs.org/atomically set size:undefined disposed:false
2533 http fetch GET 200 https://registry.npmjs.org/ansi-align 9994ms (cache miss)
2534 silly packumentCache corgi:https://registry.npmjs.org/ansi-align set size:undefined disposed:false
2535 http fetch GET 200 https://registry.npmjs.org/atomic-sleep 10018ms (cache miss)
2536 silly packumentCache corgi:https://registry.npmjs.org/atomic-sleep set size:undefined disposed:false
2537 http fetch GET 200 https://registry.npmjs.org/cjs-module-lexer 10093ms (cache miss)
2538 silly packumentCache corgi:https://registry.npmjs.org/cjs-module-lexer set size:undefined disposed:false
2539 http fetch GET 200 https://registry.npmjs.org/anymatch 10054ms (cache miss)
2540 silly packumentCache corgi:https://registry.npmjs.org/anymatch set size:undefined disposed:false
2541 http fetch GET 200 https://registry.npmjs.org/ast-module-types 10064ms (cache miss)
2542 silly packumentCache corgi:https://registry.npmjs.org/ast-module-types set size:undefined disposed:false
2543 http fetch GET 200 https://registry.npmjs.org/ajv-errors 10054ms (cache miss)
2544 silly packumentCache corgi:https://registry.npmjs.org/ajv-errors set size:undefined disposed:false
2545 http fetch GET 200 https://registry.npmjs.org/arg 10101ms (cache miss)
2546 silly packumentCache corgi:https://registry.npmjs.org/arg set size:undefined disposed:false
2547 http fetch GET 200 https://registry.npmjs.org/array-timsort 10106ms (cache miss)
2548 silly packumentCache corgi:https://registry.npmjs.org/array-timsort set size:undefined disposed:false
2549 http fetch GET 200 https://registry.npmjs.org/fast-json-stringify 10295ms (cache miss)
2550 silly packumentCache corgi:https://registry.npmjs.org/fast-json-stringify set size:undefined disposed:false
2551 http fetch GET 200 https://registry.npmjs.org/before-after-hook 10142ms (cache miss)
2552 silly packumentCache corgi:https://registry.npmjs.org/before-after-hook set size:undefined disposed:false
2553 http fetch GET 200 https://registry.npmjs.org/acorn-import-attributes 10122ms (cache miss)
2554 silly packumentCache corgi:https://registry.npmjs.org/acorn-import-attributes set size:undefined disposed:false
2555 http fetch GET 200 https://registry.npmjs.org/abstract-logging 10124ms (cache miss)
2556 silly packumentCache corgi:https://registry.npmjs.org/abstract-logging set size:undefined disposed:false
2557 http fetch GET 200 https://registry.npmjs.org/pino 10659ms (cache miss)
2558 silly packumentCache corgi:https://registry.npmjs.org/pino set size:undefined disposed:false
2559 http fetch GET 200 https://registry.npmjs.org/better-ajv-errors 10220ms (cache miss)
2560 silly packumentCache corgi:https://registry.npmjs.org/better-ajv-errors set size:undefined disposed:false
2561 http fetch GET 200 https://registry.npmjs.org/ansi-colors 10201ms (cache miss)
2562 silly packumentCache corgi:https://registry.npmjs.org/ansi-colors set size:undefined disposed:false
2563 http fetch GET 200 https://registry.npmjs.org/acorn-walk 10209ms (cache miss)
2564 silly packumentCache corgi:https://registry.npmjs.org/acorn-walk set size:undefined disposed:false
2565 http fetch GET 200 https://registry.npmjs.org/abort-controller 10261ms (cache miss)
2566 silly packumentCache corgi:https://registry.npmjs.org/abort-controller set size:undefined disposed:false
2567 http fetch GET 200 https://registry.npmjs.org/@types%2fretry 10254ms (cache miss)
2568 silly packumentCache corgi:https://registry.npmjs.org/@types%2fretry set size:undefined disposed:false
2569 http fetch GET 200 https://registry.npmjs.org/@types%2fyauzl 10261ms (cache miss)
2570 silly packumentCache corgi:https://registry.npmjs.org/@types%2fyauzl set size:undefined disposed:false
2571 http fetch GET 200 https://registry.npmjs.org/async 10344ms (cache miss)
2572 silly packumentCache corgi:https://registry.npmjs.org/async set size:undefined disposed:false
2573 http fetch GET 200 https://registry.npmjs.org/archiver 10346ms (cache miss)
2574 silly packumentCache corgi:https://registry.npmjs.org/archiver set size:undefined disposed:false
2575 http fetch GET 200 https://registry.npmjs.org/@types%2fnormalize-package-data 10329ms (cache miss)
2576 silly packumentCache corgi:https://registry.npmjs.org/@types%2fnormalize-package-data set size:undefined disposed:false
2577 http fetch GET 200 https://registry.npmjs.org/@tsconfig%2fnode14 10353ms (cache miss)
2578 silly packumentCache corgi:https://registry.npmjs.org/@tsconfig%2fnode14 set size:undefined disposed:false
2579 http fetch GET 200 https://registry.npmjs.org/@types%2ftriple-beam 10366ms (cache miss)
2580 silly packumentCache corgi:https://registry.npmjs.org/@types%2ftriple-beam set size:undefined disposed:false
2581 http fetch GET 200 https://registry.npmjs.org/consola 10491ms (cache miss)
2582 silly packumentCache corgi:https://registry.npmjs.org/consola set size:undefined disposed:false
2583 http fetch GET 200 https://registry.npmjs.org/avvio 10432ms (cache miss)
2584 silly packumentCache corgi:https://registry.npmjs.org/avvio set size:undefined disposed:false
2585 http fetch GET 200 https://registry.npmjs.org/ajv-formats 10420ms (cache miss)
2586 silly packumentCache corgi:https://registry.npmjs.org/ajv-formats set size:undefined disposed:false
2587 http fetch GET 200 https://registry.npmjs.org/@types%2fhttp-proxy 10401ms (cache miss)
2588 silly packumentCache corgi:https://registry.npmjs.org/@types%2fhttp-proxy set size:undefined disposed:false
2589 http fetch GET 200 https://registry.npmjs.org/@tsconfig%2fnode10 10400ms (cache miss)
2590 silly packumentCache corgi:https://registry.npmjs.org/@tsconfig%2fnode10 set size:undefined disposed:false
2591 http fetch GET 200 https://registry.npmjs.org/@tsconfig%2fnode12 10405ms (cache miss)
2592 silly packumentCache corgi:https://registry.npmjs.org/@tsconfig%2fnode12 set size:undefined disposed:false
2593 http fetch GET 200 https://registry.npmjs.org/@tsconfig%2fnode16 10415ms (cache miss)
2594 silly packumentCache corgi:https://registry.npmjs.org/@tsconfig%2fnode16 set size:undefined disposed:false
2595 http fetch GET 200 https://registry.npmjs.org/@sindresorhus%2fmerge-streams 10430ms (cache miss)
2596 silly packumentCache corgi:https://registry.npmjs.org/@sindresorhus%2fmerge-streams set size:undefined disposed:false
2597 http fetch GET 200 https://registry.npmjs.org/@whatwg-node%2fdisposablestack 10459ms (cache miss)
2598 silly packumentCache corgi:https://registry.npmjs.org/@whatwg-node%2fdisposablestack set size:undefined disposed:false
2599 http fetch GET 200 https://registry.npmjs.org/@pnpm%2fnetwork.ca-file 10413ms (cache miss)
2600 silly packumentCache corgi:https://registry.npmjs.org/@pnpm%2fnetwork.ca-file set size:undefined disposed:false
2601 http fetch GET 200 https://registry.npmjs.org/ansis 10498ms (cache miss)
2602 silly packumentCache corgi:https://registry.npmjs.org/ansis set size:undefined disposed:false
2603 http fetch GET 200 https://registry.npmjs.org/@sec-ant%2freadable-stream 10503ms (cache miss)
2604 silly packumentCache corgi:https://registry.npmjs.org/@sec-ant%2freadable-stream set size:undefined disposed:false
2605 http fetch GET 200 https://registry.npmjs.org/@pkgjs%2fparseargs 10524ms (cache miss)
2606 silly packumentCache corgi:https://registry.npmjs.org/@pkgjs%2fparseargs set size:undefined disposed:false
2607 http fetch GET 200 https://registry.npmjs.org/@pnpm%2fnpm-conf 10540ms (cache miss)
2608 silly packumentCache corgi:https://registry.npmjs.org/@pnpm%2fnpm-conf set size:undefined disposed:false
2609 http fetch GET 200 https://registry.npmjs.org/@pinojs%2fredact 10540ms (cache miss)
2610 silly packumentCache corgi:https://registry.npmjs.org/@pinojs%2fredact set size:undefined disposed:false
2611 http fetch GET 200 https://registry.npmjs.org/@pnpm%2fconfig.env-replace 10547ms (cache miss)
2612 silly packumentCache corgi:https://registry.npmjs.org/@pnpm%2fconfig.env-replace set size:undefined disposed:false
2613 http fetch GET 200 https://registry.npmjs.org/@sindresorhus%2ftransliterate 10616ms (cache miss)
2614 silly packumentCache corgi:https://registry.npmjs.org/@sindresorhus%2ftransliterate set size:undefined disposed:false
2615 http fetch GET 200 https://registry.npmjs.org/@rollup%2fpluginutils 10604ms (cache miss)
2616 silly packumentCache corgi:https://registry.npmjs.org/@rollup%2fpluginutils set size:undefined disposed:false
2617 http fetch GET 200 https://registry.npmjs.org/@whatwg-node%2fpromise-helpers 10673ms (cache miss)
2618 silly packumentCache corgi:https://registry.npmjs.org/@whatwg-node%2fpromise-helpers set size:undefined disposed:false
2619 http fetch GET 200 https://registry.npmjs.org/@parcel%2fwatcher-darwin-arm64 10645ms (cache miss)
2620 silly packumentCache corgi:https://registry.npmjs.org/@parcel%2fwatcher-darwin-arm64 set size:undefined disposed:false
2621 http fetch GET 200 https://registry.npmjs.org/@octokit%2fplugin-request-log 10696ms (cache miss)
2622 silly packumentCache corgi:https://registry.npmjs.org/@octokit%2fplugin-request-log set size:undefined disposed:false
2623 http fetch GET 200 https://registry.npmjs.org/@parcel%2fwatcher 10797ms (cache miss)
2624 silly packumentCache corgi:https://registry.npmjs.org/@parcel%2fwatcher set size:undefined disposed:false
2625 http fetch GET 200 https://registry.npmjs.org/zod 11598ms (cache miss)
2626 silly packumentCache corgi:https://registry.npmjs.org/zod set size:undefined disposed:false
2627 http fetch GET 200 https://registry.npmjs.org/@isaacs%2ffs-minipass 10761ms (cache miss)
2628 silly packumentCache corgi:https://registry.npmjs.org/@isaacs%2ffs-minipass set size:undefined disposed:false
2629 http fetch GET 200 https://registry.npmjs.org/@netlify%2fopentelemetry-utils 10806ms (cache miss)
2630 silly packumentCache corgi:https://registry.npmjs.org/@netlify%2fopentelemetry-utils set size:undefined disposed:false
2631 http fetch GET 200 https://registry.npmjs.org/@netlify%2fruntime-utils 10817ms (cache miss)
2632 silly packumentCache corgi:https://registry.npmjs.org/@netlify%2fruntime-utils set size:undefined disposed:false
2633 http fetch GET 200 https://registry.npmjs.org/@nodelib%2ffs.walk 10832ms (cache miss)
2634 silly packumentCache corgi:https://registry.npmjs.org/@nodelib%2ffs.walk set size:undefined disposed:false
2635 http fetch GET 200 https://registry.npmjs.org/@octokit%2frequest-error 10884ms (cache miss)
2636 silly packumentCache corgi:https://registry.npmjs.org/@octokit%2frequest-error set size:undefined disposed:false
2637 http fetch GET 200 https://registry.npmjs.org/@isaacs%2fcliui 10831ms (cache miss)
2638 silly packumentCache corgi:https://registry.npmjs.org/@isaacs%2fcliui set size:undefined disposed:false
2639 http fetch GET 200 https://registry.npmjs.org/@opentelemetry%2fapi-logs 10966ms (cache miss)
2640 silly packumentCache corgi:https://registry.npmjs.org/@opentelemetry%2fapi-logs set size:undefined disposed:false
2641 http fetch GET 200 https://registry.npmjs.org/@octokit%2fauth-token 10965ms (cache miss)
2642 silly packumentCache corgi:https://registry.npmjs.org/@octokit%2fauth-token set size:undefined disposed:false
2643 http fetch GET 200 https://registry.npmjs.org/@mapbox%2fnode-pre-gyp 10919ms (cache miss)
2644 silly packumentCache corgi:https://registry.npmjs.org/@mapbox%2fnode-pre-gyp set size:undefined disposed:false
2645 http fetch GET 200 https://registry.npmjs.org/@nodelib%2ffs.stat 10976ms (cache miss)
2646 silly packumentCache corgi:https://registry.npmjs.org/@nodelib%2ffs.stat set size:undefined disposed:false
2647 http fetch GET 200 https://registry.npmjs.org/@lukeed%2fms 10931ms (cache miss)
2648 silly packumentCache corgi:https://registry.npmjs.org/@lukeed%2fms set size:undefined disposed:false
2649 http fetch GET 200 https://registry.npmjs.org/@netlify%2fbinary-info 10939ms (cache miss)
2650 silly packumentCache corgi:https://registry.npmjs.org/@netlify%2fbinary-info set size:undefined disposed:false
2651 http fetch GET 200 https://registry.npmjs.org/@fastify%2fmerge-json-schemas 10956ms (cache miss)
2652 silly packumentCache corgi:https://registry.npmjs.org/@fastify%2fmerge-json-schemas set size:undefined disposed:false
2653 http fetch GET 200 https://registry.npmjs.org/@opentelemetry%2fsdk-trace-base 11121ms (cache miss)
2654 silly packumentCache corgi:https://registry.npmjs.org/@opentelemetry%2fsdk-trace-base set size:undefined disposed:false
2655 http fetch GET 200 https://registry.npmjs.org/@opentelemetry%2fsdk-trace-node 11131ms (cache miss)
2656 silly packumentCache corgi:https://registry.npmjs.org/@opentelemetry%2fsdk-trace-node set size:undefined disposed:false
2657 http fetch GET 200 https://registry.npmjs.org/@iarna%2ftoml 11084ms (cache miss)
2658 silly packumentCache corgi:https://registry.npmjs.org/@iarna%2ftoml set size:undefined disposed:false
2659 http fetch GET 200 https://registry.npmjs.org/@fastify%2ferror 11082ms (cache miss)
2660 silly packumentCache corgi:https://registry.npmjs.org/@fastify%2ferror set size:undefined disposed:false
2661 http fetch GET 200 https://registry.npmjs.org/@fastify%2fproxy-addr 11089ms (cache miss)
2662 silly packumentCache corgi:https://registry.npmjs.org/@fastify%2fproxy-addr set size:undefined disposed:false
2663 http fetch GET 200 https://registry.npmjs.org/@netlify%2flocal-functions-proxy-darwin-arm64 11152ms (cache miss)
2664 silly packumentCache corgi:https://registry.npmjs.org/@netlify%2flocal-functions-proxy-darwin-arm64 set size:undefined disposed:false
2665 http fetch GET 200 https://registry.npmjs.org/@fastify%2fforwarded 11098ms (cache miss)
2666 silly packumentCache corgi:https://registry.npmjs.org/@fastify%2fforwarded set size:undefined disposed:false
2667 http fetch GET 200 https://registry.npmjs.org/@octokit%2fgraphql 11245ms (cache miss)
2668 silly packumentCache corgi:https://registry.npmjs.org/@octokit%2fgraphql set size:undefined disposed:false
2669 http fetch GET 200 https://registry.npmjs.org/@fastify%2ffast-json-stringify-compiler 11169ms (cache miss)
2670 silly packumentCache corgi:https://registry.npmjs.org/@fastify%2ffast-json-stringify-compiler set size:undefined disposed:false
2671 http fetch GET 200 https://registry.npmjs.org/@nodelib%2ffs.scandir 11260ms (cache miss)
2672 silly packumentCache corgi:https://registry.npmjs.org/@nodelib%2ffs.scandir set size:undefined disposed:false
2673 http fetch GET 200 https://registry.npmjs.org/@inquirer%2fexternal-editor 11286ms (cache miss)
2674 silly packumentCache corgi:https://registry.npmjs.org/@inquirer%2fexternal-editor set size:undefined disposed:false
2675 http fetch GET 200 https://registry.npmjs.org/@netlify%2fgit-utils 11328ms (cache miss)
2676 silly packumentCache corgi:https://registry.npmjs.org/@netlify%2fgit-utils set size:undefined disposed:false
2677 http fetch GET 200 https://registry.npmjs.org/@netlify%2frun-utils 11430ms (cache miss)
2678 silly packumentCache corgi:https://registry.npmjs.org/@netlify%2frun-utils set size:undefined disposed:false
2679 http fetch GET 200 https://registry.npmjs.org/@vue%2fshared 11539ms (cache miss)
2680 silly packumentCache corgi:https://registry.npmjs.org/@vue%2fshared set size:undefined disposed:false
2681 http fetch GET 200 https://registry.npmjs.org/@fastify%2faccept-negotiator 11373ms (cache miss)
2682 silly packumentCache corgi:https://registry.npmjs.org/@fastify%2faccept-negotiator set size:undefined disposed:false
2683 http fetch GET 200 https://registry.npmjs.org/@vercel%2fnft 11611ms (cache miss)
2684 silly packumentCache corgi:https://registry.npmjs.org/@vercel%2fnft set size:undefined disposed:false
2685 http fetch GET 200 https://registry.npmjs.org/@colors%2fcolors 11450ms (cache miss)
2686 silly packumentCache corgi:https://registry.npmjs.org/@colors%2fcolors set size:undefined disposed:false
2687 http fetch GET 200 https://registry.npmjs.org/@fastify%2fsend 11472ms (cache miss)
2688 silly packumentCache corgi:https://registry.npmjs.org/@fastify%2fsend set size:undefined disposed:false
2689 http fetch GET 200 https://registry.npmjs.org/@octokit%2fendpoint 11645ms (cache miss)
2690 silly packumentCache corgi:https://registry.npmjs.org/@octokit%2fendpoint set size:undefined disposed:false
2691 http fetch GET 200 https://registry.npmjs.org/@octokit%2fcore 11654ms (cache miss)
2692 silly packumentCache corgi:https://registry.npmjs.org/@octokit%2fcore set size:undefined disposed:false
2693 http fetch GET 200 https://registry.npmjs.org/@import-maps%2fresolve 11611ms (cache miss)
2694 silly packumentCache corgi:https://registry.npmjs.org/@import-maps%2fresolve set size:undefined disposed:false
2695 http fetch GET 200 https://registry.npmjs.org/@envelop%2finstrumentation 11584ms (cache miss)
2696 silly packumentCache corgi:https://registry.npmjs.org/@envelop%2finstrumentation set size:undefined disposed:false
2697 http fetch GET 200 https://registry.npmjs.org/@opentelemetry%2fsemantic-conventions 11769ms (cache miss)
2698 silly packumentCache corgi:https://registry.npmjs.org/@opentelemetry%2fsemantic-conventions set size:undefined disposed:false
2699 http fetch GET 200 https://registry.npmjs.org/@opentelemetry%2fcontext-async-hooks 11772ms (cache miss)
2700 silly packumentCache corgi:https://registry.npmjs.org/@opentelemetry%2fcontext-async-hooks set size:undefined disposed:false
2701 http fetch GET 200 https://registry.npmjs.org/@humanwhocodes%2fmomoa 11688ms (cache miss)
2702 silly packumentCache corgi:https://registry.npmjs.org/@humanwhocodes%2fmomoa set size:undefined disposed:false
2703 http fetch GET 200 https://registry.npmjs.org/@bugsnag%2fsafe-json-stringify 11680ms (cache miss)
2704 silly packumentCache corgi:https://registry.npmjs.org/@bugsnag%2fsafe-json-stringify set size:undefined disposed:false
2705 http fetch GET 200 https://registry.npmjs.org/@fastify%2fbusboy 11700ms (cache miss)
2706 silly packumentCache corgi:https://registry.npmjs.org/@fastify%2fbusboy set size:undefined disposed:false
2707 http fetch GET 200 https://registry.npmjs.org/@vue%2fcompiler-dom 11947ms (cache miss)
2708 silly packumentCache corgi:https://registry.npmjs.org/@vue%2fcompiler-dom set size:undefined disposed:false
2709 http fetch GET 200 https://registry.npmjs.org/@netlify%2fcache-utils 11835ms (cache miss)
2710 silly packumentCache corgi:https://registry.npmjs.org/@netlify%2fcache-utils set size:undefined disposed:false
2711 http fetch GET 200 https://registry.npmjs.org/@dabh%2fdiagnostics 11790ms (cache miss)
2712 silly packumentCache corgi:https://registry.npmjs.org/@dabh%2fdiagnostics set size:undefined disposed:false
2713 http fetch GET 200 https://registry.npmjs.org/strip-final-newline 11764ms (cache miss)
2714 silly packumentCache corgi:https://registry.npmjs.org/strip-final-newline set size:undefined disposed:false
2715 http fetch GET 200 https://registry.npmjs.org/onetime 11775ms (cache miss)
2716 silly packumentCache corgi:https://registry.npmjs.org/onetime set size:undefined disposed:false
2717 http fetch GET 200 https://registry.npmjs.org/@opentelemetry%2fpropagator-b3 12041ms (cache miss)
2718 silly packumentCache corgi:https://registry.npmjs.org/@opentelemetry%2fpropagator-b3 set size:undefined disposed:false
2719 http fetch GET 200 https://registry.npmjs.org/@octokit%2frequest 12043ms (cache miss)
2720 silly packumentCache corgi:https://registry.npmjs.org/@octokit%2frequest set size:undefined disposed:false
2721 http fetch GET 200 https://registry.npmjs.org/@fastify%2fajv-compiler 11962ms (cache miss)
2722 silly packumentCache corgi:https://registry.npmjs.org/@fastify%2fajv-compiler set size:undefined disposed:false
2723 http fetch GET 200 https://registry.npmjs.org/buffer-crc32 11945ms (cache miss)
2724 silly packumentCache corgi:https://registry.npmjs.org/buffer-crc32 set size:undefined disposed:false
2725 http fetch GET 200 https://registry.npmjs.org/@babel%2fhelper-string-parser 11953ms (cache miss)
2726 silly packumentCache corgi:https://registry.npmjs.org/@babel%2fhelper-string-parser set size:undefined disposed:false
2727 http fetch GET 200 https://registry.npmjs.org/has-flag 11917ms (cache miss)
2728 silly packumentCache corgi:https://registry.npmjs.org/has-flag set size:undefined disposed:false
2729 http fetch GET 200 https://registry.npmjs.org/normalize-path 11925ms (cache miss)
2730 silly packumentCache corgi:https://registry.npmjs.org/normalize-path set size:undefined disposed:false
2731 http fetch GET 200 https://registry.npmjs.org/@dependents%2fdetective-less 11980ms (cache miss)
2732 silly packumentCache corgi:https://registry.npmjs.org/@dependents%2fdetective-less set size:undefined disposed:false
2733 http fetch GET 200 https://registry.npmjs.org/supports-hyperlinks 11930ms (cache miss)
2734 silly packumentCache corgi:https://registry.npmjs.org/supports-hyperlinks set size:undefined disposed:false
2735 http fetch GET 200 https://registry.npmjs.org/npm-run-path 11951ms (cache miss)
2736 silly packumentCache corgi:https://registry.npmjs.org/npm-run-path set size:undefined disposed:false
2737 http fetch GET 200 https://registry.npmjs.org/@bugsnag%2fcuid 11992ms (cache miss)
2738 silly packumentCache corgi:https://registry.npmjs.org/@bugsnag%2fcuid set size:undefined disposed:false
2739 http fetch GET 200 https://registry.npmjs.org/unicorn-magic 12031ms (cache miss)
2740 silly packumentCache corgi:https://registry.npmjs.org/unicorn-magic set size:undefined disposed:false
2741 http fetch GET 200 https://registry.npmjs.org/human-signals 12065ms (cache miss)
2742 silly packumentCache corgi:https://registry.npmjs.org/human-signals set size:undefined disposed:false
2743 http fetch GET 200 https://registry.npmjs.org/get-stream 12068ms (cache miss)
2744 silly packumentCache corgi:https://registry.npmjs.org/get-stream set size:undefined disposed:false
2745 http fetch GET 200 https://registry.npmjs.org/@opentelemetry%2fpropagator-jaeger 12304ms (cache miss)
2746 silly packumentCache corgi:https://registry.npmjs.org/@opentelemetry%2fpropagator-jaeger set size:undefined disposed:false
2747 http fetch GET 200 https://registry.npmjs.org/@vue%2fcompiler-core 12386ms (cache miss)
2748 silly packumentCache corgi:https://registry.npmjs.org/@vue%2fcompiler-core set size:undefined disposed:false
2749 http fetch GET 200 https://registry.npmjs.org/is-unicode-supported 12116ms (cache miss)
2750 silly packumentCache corgi:https://registry.npmjs.org/is-unicode-supported set size:undefined disposed:false
2751 http fetch GET 200 https://registry.npmjs.org/is-unicode-supported 12103ms (cache miss)
2752 silly packumentCache corgi:https://registry.npmjs.org/is-unicode-supported set size:undefined disposed:false
2753 http fetch GET 200 https://registry.npmjs.org/read-pkg 12165ms (cache miss)
2754 silly packumentCache corgi:https://registry.npmjs.org/read-pkg set size:undefined disposed:false
2755 http fetch GET 200 https://registry.npmjs.org/path-key 12126ms (cache miss)
2756 silly packumentCache corgi:https://registry.npmjs.org/path-key set size:undefined disposed:false
2757 http fetch GET 200 https://registry.npmjs.org/mimic-fn 12132ms (cache miss)
2758 silly packumentCache corgi:https://registry.npmjs.org/mimic-fn set size:undefined disposed:false
2759 http fetch GET 200 https://registry.npmjs.org/is-plain-obj 12132ms (cache miss)
2760 silly packumentCache corgi:https://registry.npmjs.org/is-plain-obj set size:undefined disposed:false
2761 http fetch GET 200 https://registry.npmjs.org/@octokit%2fplugin-paginate-rest 12487ms (cache miss)
2762 silly packumentCache corgi:https://registry.npmjs.org/@octokit%2fplugin-paginate-rest set size:undefined disposed:false
2763 http fetch GET 200 https://registry.npmjs.org/@octokit%2fopenapi-types 12497ms (cache miss)
2764 silly packumentCache corgi:https://registry.npmjs.org/@octokit%2fopenapi-types set size:undefined disposed:false
2765 http fetch GET 200 https://registry.npmjs.org/@babel%2fhelper-validator-identifier 12396ms (cache miss)
2766 silly packumentCache corgi:https://registry.npmjs.org/@babel%2fhelper-validator-identifier set size:undefined disposed:false
2767 http fetch GET 200 https://registry.npmjs.org/@vue%2fcompiler-ssr 12597ms (cache miss)
2768 silly packumentCache corgi:https://registry.npmjs.org/@vue%2fcompiler-ssr set size:undefined disposed:false
2769 http fetch GET 200 https://registry.npmjs.org/split2 12332ms (cache miss)
2770 silly packumentCache corgi:https://registry.npmjs.org/split2 set size:undefined disposed:false
2771 http fetch GET 200 https://registry.npmjs.org/process-warning 12308ms (cache miss)
2772 silly packumentCache corgi:https://registry.npmjs.org/process-warning set size:undefined disposed:false
2773 http fetch GET 200 https://registry.npmjs.org/@typescript-eslint%2ftsconfig-utils 12722ms (cache miss)
2774 silly packumentCache corgi:https://registry.npmjs.org/@typescript-eslint%2ftsconfig-utils set size:undefined disposed:false
2775 http fetch GET 200 https://registry.npmjs.org/jwa 12428ms (cache miss)
2776 silly packumentCache corgi:https://registry.npmjs.org/jwa set size:undefined disposed:false
2777 http fetch GET 200 https://registry.npmjs.org/jws 12432ms (cache miss)
2778 silly packumentCache corgi:https://registry.npmjs.org/jws set size:undefined disposed:false
2779 http fetch GET 200 https://registry.npmjs.org/escape-string-regexp 12418ms (cache miss)
2780 silly packumentCache corgi:https://registry.npmjs.org/escape-string-regexp set size:undefined disposed:false
2781 http fetch GET 200 https://registry.npmjs.org/escape-string-regexp 12432ms (cache miss)
2782 silly packumentCache corgi:https://registry.npmjs.org/escape-string-regexp set size:undefined disposed:false
2783 http fetch GET 200 https://registry.npmjs.org/unicorn-magic 12420ms (cache miss)
2784 silly packumentCache corgi:https://registry.npmjs.org/unicorn-magic set size:undefined disposed:false
2785 http fetch GET 200 https://registry.npmjs.org/unicorn-magic 12419ms (cache miss)
2786 silly packumentCache corgi:https://registry.npmjs.org/unicorn-magic set size:undefined disposed:false
2787 http fetch GET 200 https://registry.npmjs.org/@babel%2fcode-frame 12646ms (cache miss)
2788 silly packumentCache corgi:https://registry.npmjs.org/@babel%2fcode-frame set size:undefined disposed:false
2789 http fetch GET 200 https://registry.npmjs.org/figures 12519ms (cache miss)
2790 silly packumentCache corgi:https://registry.npmjs.org/figures set size:undefined disposed:false
2791 http fetch GET 200 https://registry.npmjs.org/figures 12534ms (cache miss)
2792 silly packumentCache corgi:https://registry.npmjs.org/figures set size:undefined disposed:false
2793 http fetch GET 200 https://registry.npmjs.org/path-key 12487ms (cache miss)
2794 silly packumentCache corgi:https://registry.npmjs.org/path-key set size:undefined disposed:false
2795 http fetch GET 200 https://registry.npmjs.org/strip-final-newline 12414ms (cache miss)
2796 silly packumentCache corgi:https://registry.npmjs.org/strip-final-newline set size:undefined disposed:false
2797 http fetch GET 200 https://registry.npmjs.org/strip-final-newline 12483ms (cache miss)
2798 silly packumentCache corgi:https://registry.npmjs.org/strip-final-newline set size:undefined disposed:false
2799 http fetch GET 200 https://registry.npmjs.org/strip-final-newline 12429ms (cache miss)
2800 silly packumentCache corgi:https://registry.npmjs.org/strip-final-newline set size:undefined disposed:false
2801 http fetch GET 200 https://registry.npmjs.org/pino-abstract-transport 12598ms (cache miss)
2802 silly packumentCache corgi:https://registry.npmjs.org/pino-abstract-transport set size:undefined disposed:false
2803 http fetch GET 200 https://registry.npmjs.org/@opentelemetry%2finstrumentation 12894ms (cache miss)
2804 silly packumentCache corgi:https://registry.npmjs.org/@opentelemetry%2finstrumentation set size:undefined disposed:false
2805 http fetch GET 200 https://registry.npmjs.org/get-stream 12592ms (cache miss)
2806 silly packumentCache corgi:https://registry.npmjs.org/get-stream set size:undefined disposed:false
2807 http fetch GET 200 https://registry.npmjs.org/get-stream 12643ms (cache miss)
2808 silly packumentCache corgi:https://registry.npmjs.org/get-stream set size:undefined disposed:false
2809 http fetch GET 200 https://registry.npmjs.org/get-stream 12626ms (cache miss)
2810 silly packumentCache corgi:https://registry.npmjs.org/get-stream set size:undefined disposed:false
2811 http fetch GET 200 https://registry.npmjs.org/get-stream 12550ms (cache miss)
2812 silly packumentCache corgi:https://registry.npmjs.org/get-stream set size:undefined disposed:false
2813 http fetch GET 200 https://registry.npmjs.org/npm-run-path 12614ms (cache miss)
2814 silly packumentCache corgi:https://registry.npmjs.org/npm-run-path set size:undefined disposed:false
2815 http fetch GET 200 https://registry.npmjs.org/npm-run-path 12553ms (cache miss)
2816 silly packumentCache corgi:https://registry.npmjs.org/npm-run-path set size:undefined disposed:false
2817 http fetch GET 200 https://registry.npmjs.org/npm-run-path 12564ms (cache miss)
2818 silly packumentCache corgi:https://registry.npmjs.org/npm-run-path set size:undefined disposed:false
2819 http fetch GET 200 https://registry.npmjs.org/onetime 12562ms (cache miss)
2820 silly packumentCache corgi:https://registry.npmjs.org/onetime set size:undefined disposed:false
2821 http fetch GET 200 https://registry.npmjs.org/onetime 12633ms (cache miss)
2822 silly packumentCache corgi:https://registry.npmjs.org/onetime set size:undefined disposed:false
2823 http fetch GET 200 https://registry.npmjs.org/onetime 12579ms (cache miss)
2824 silly packumentCache corgi:https://registry.npmjs.org/onetime set size:undefined disposed:false
2825 http fetch GET 200 https://registry.npmjs.org/glob-parent 12691ms (cache miss)
2826 silly packumentCache corgi:https://registry.npmjs.org/glob-parent set size:undefined disposed:false
2827 http fetch GET 200 https://registry.npmjs.org/@typescript-eslint%2fproject-service 13090ms (cache miss)
2828 silly packumentCache corgi:https://registry.npmjs.org/@typescript-eslint%2fproject-service set size:undefined disposed:false
2829 http fetch GET 200 https://registry.npmjs.org/hosted-git-info 12861ms (cache miss)
2830 silly packumentCache corgi:https://registry.npmjs.org/hosted-git-info set size:undefined disposed:false
2831 http fetch GET 200 https://registry.npmjs.org/hosted-git-info 12861ms (cache miss)
2832 silly packumentCache corgi:https://registry.npmjs.org/hosted-git-info set size:undefined disposed:false
2833 http fetch GET 200 https://registry.npmjs.org/human-signals 12748ms (cache miss)
2834 silly packumentCache corgi:https://registry.npmjs.org/human-signals set size:undefined disposed:false
2835 http fetch GET 200 https://registry.npmjs.org/human-signals 12695ms (cache miss)
2836 silly packumentCache corgi:https://registry.npmjs.org/human-signals set size:undefined disposed:false
2837 http fetch GET 200 https://registry.npmjs.org/p-timeout 12864ms (cache miss)
2838 silly packumentCache corgi:https://registry.npmjs.org/p-timeout set size:undefined disposed:false
2839 http fetch GET 200 https://registry.npmjs.org/@opentelemetry%2fresources 13145ms (cache miss)
2840 silly packumentCache corgi:https://registry.npmjs.org/@opentelemetry%2fresources set size:undefined disposed:false
2841 http fetch GET 200 https://registry.npmjs.org/@netlify%2fplugins-list 13204ms (cache miss)
2842 silly packumentCache corgi:https://registry.npmjs.org/@netlify%2fplugins-list set size:undefined disposed:false
2843 http fetch GET 200 https://registry.npmjs.org/resolve 13063ms (cache miss)
2844 silly packumentCache corgi:https://registry.npmjs.org/resolve set size:undefined disposed:false
2845 http fetch GET 200 https://registry.npmjs.org/entities 12907ms (cache miss)
2846 silly packumentCache corgi:https://registry.npmjs.org/entities set size:undefined disposed:false
2847 http fetch GET 200 https://registry.npmjs.org/entities 12943ms (cache miss)
2848 silly packumentCache corgi:https://registry.npmjs.org/entities set size:undefined disposed:false
2849 http fetch GET 200 https://registry.npmjs.org/eslint-visitor-keys 12915ms (cache miss)
2850 silly packumentCache corgi:https://registry.npmjs.org/eslint-visitor-keys set size:undefined disposed:false
2851 http fetch GET 200 https://registry.npmjs.org/postgres-interval/-/postgres-interval-1.2.0.tgz 12521ms (cache miss)
2852 http fetch GET 200 https://registry.npmjs.org/postgres-bytea/-/postgres-bytea-1.0.1.tgz 12518ms (cache miss)
2853 http fetch GET 200 https://registry.npmjs.org/postgres-date/-/postgres-date-1.0.7.tgz 12522ms (cache miss)
2854 http fetch GET 200 https://registry.npmjs.org/pgpass/-/pgpass-1.0.5.tgz 12507ms (cache miss)
2855 http fetch GET 200 https://registry.npmjs.org/postgres-array/-/postgres-array-2.0.0.tgz 12519ms (cache miss)
2856 http fetch GET 200 https://registry.npmjs.org/pg-pool/-/pg-pool-3.13.0.tgz 12504ms (cache miss)
2857 http fetch GET 200 https://registry.npmjs.org/pg-types/-/pg-types-2.2.0.tgz 12508ms (cache miss)
2858 http fetch GET 200 https://registry.npmjs.org/pg-int8/-/pg-int8-1.0.1.tgz 12503ms (cache miss)
2859 http fetch GET 200 https://registry.npmjs.org/@opentelemetry%2fcore 13319ms (cache miss)
2860 silly packumentCache corgi:https://registry.npmjs.org/@opentelemetry%2fcore set size:undefined disposed:false
2861 http fetch GET 200 https://registry.npmjs.org/get-stream 12951ms (cache miss)
2862 silly packumentCache corgi:https://registry.npmjs.org/get-stream set size:undefined disposed:false
2863 http fetch GET 200 https://registry.npmjs.org/human-signals 12955ms (cache miss)
2864 silly packumentCache corgi:https://registry.npmjs.org/human-signals set size:undefined disposed:false
2865 http fetch GET 200 https://registry.npmjs.org/slice-ansi/-/slice-ansi-8.0.0.tgz 12696ms (cache miss)
2866 http fetch GET 200 https://registry.npmjs.org/sax/-/sax-1.5.0.tgz 12677ms (cache miss)
2867 http fetch GET 200 https://registry.npmjs.org/pg-cloudflare/-/pg-cloudflare-1.3.0.tgz 12581ms (cache miss)
2868 http fetch GET 200 https://registry.npmjs.org/pg-connection-string/-/pg-connection-string-2.12.0.tgz 12587ms (cache miss)
2869 http fetch GET 200 https://registry.npmjs.org/@vue%2fcompiler-sfc 13488ms (cache miss)
2870 silly packumentCache corgi:https://registry.npmjs.org/@vue%2fcompiler-sfc set size:undefined disposed:false
2871 http fetch GET 200 https://registry.npmjs.org/path-scurry 12966ms (cache miss)
2872 silly packumentCache corgi:https://registry.npmjs.org/path-scurry set size:undefined disposed:false
2873 http fetch GET 200 https://registry.npmjs.org/urlpattern-polyfill 13099ms (cache miss)
2874 silly packumentCache corgi:https://registry.npmjs.org/urlpattern-polyfill set size:undefined disposed:false
2875 http fetch GET 200 https://registry.npmjs.org/log-update/-/log-update-7.2.0.tgz 12539ms (cache miss)
2876 http fetch GET 200 https://registry.npmjs.org/locate-path/-/locate-path-8.0.0.tgz 12520ms (cache miss)
2877 http fetch GET 200 https://registry.npmjs.org/isexe/-/isexe-4.0.0.tgz 12493ms (cache miss)
2878 http fetch GET 200 https://registry.npmjs.org/https-proxy-agent/-/https-proxy-agent-8.0.0.tgz 12437ms (cache miss)
2879 http fetch GET 200 https://registry.npmjs.org/get-east-asian-width/-/get-east-asian-width-1.5.0.tgz 12417ms (cache miss)
2880 http fetch GET 200 https://registry.npmjs.org/ignore 13236ms (cache miss)
2881 silly packumentCache corgi:https://registry.npmjs.org/ignore set size:undefined disposed:false
2882 http fetch GET 200 https://registry.npmjs.org/ansi-escapes/-/ansi-escapes-7.3.0.tgz 12304ms (cache miss)
2883 http fetch GET 200 https://registry.npmjs.org/is-docker/-/is-docker-4.0.0.tgz 12535ms (cache miss)
2884 http fetch GET 200 https://registry.npmjs.org/@bugsnag%2fcore 13479ms (cache miss)
2885 silly packumentCache corgi:https://registry.npmjs.org/@bugsnag%2fcore set size:undefined disposed:false
2886 http fetch GET 200 https://registry.npmjs.org/@octokit%2ftypes 13654ms (cache miss)
2887 silly packumentCache corgi:https://registry.npmjs.org/@octokit%2ftypes set size:undefined disposed:false
2888 http fetch GET 200 https://registry.npmjs.org/@bugsnag%2fjs 13553ms (cache miss)
2889 silly packumentCache corgi:https://registry.npmjs.org/@bugsnag%2fjs set size:undefined disposed:false
2890 http fetch GET 200 https://registry.npmjs.org/envinfo/-/envinfo-7.21.0.tgz 12678ms (cache miss)
2891 http fetch GET 200 https://registry.npmjs.org/@babel%2ftypes 13690ms (cache miss)
2892 silly packumentCache corgi:https://registry.npmjs.org/@babel%2ftypes set size:undefined disposed:false
2893 http fetch GET 200 https://registry.npmjs.org/@octokit%2fplugin-rest-endpoint-methods 13854ms (cache miss)
2894 silly packumentCache corgi:https://registry.npmjs.org/@octokit%2fplugin-rest-endpoint-methods set size:undefined disposed:false
2895 http fetch GET 200 https://registry.npmjs.org/@bugsnag%2fnode 13760ms (cache miss)
2896 silly packumentCache corgi:https://registry.npmjs.org/@bugsnag%2fnode set size:undefined disposed:false
2897 http fetch GET 200 https://registry.npmjs.org/type-fest 13984ms (cache miss)
2898 silly packumentCache corgi:https://registry.npmjs.org/type-fest set size:undefined disposed:false
2899 http fetch GET 200 https://registry.npmjs.org/type-fest 13924ms (cache miss)
2900 silly packumentCache corgi:https://registry.npmjs.org/type-fest set size:undefined disposed:false
2901 http fetch GET 200 https://registry.npmjs.org/type-fest 13923ms (cache miss)
2902 silly packumentCache corgi:https://registry.npmjs.org/type-fest set size:undefined disposed:false
2903 http fetch GET 200 https://registry.npmjs.org/comment-json/-/comment-json-4.6.2.tgz 13159ms (cache miss)
2904 http fetch GET 200 https://registry.npmjs.org/@netlify/types/-/types-2.6.0.tgz 12982ms (cache miss)
2905 http fetch GET 200 https://registry.npmjs.org/@netlify/redirects/-/redirects-3.1.10.tgz 12973ms (cache miss)
2906 http fetch GET 200 https://registry.npmjs.org/@netlify/otel/-/otel-5.1.5.tgz 12973ms (cache miss)
2907 http fetch GET 200 https://registry.npmjs.org/type-fest 14126ms (cache miss)
2908 silly packumentCache corgi:https://registry.npmjs.org/type-fest set size:undefined disposed:false
2909 http fetch GET 200 https://registry.npmjs.org/@babel%2fparser 14409ms (cache miss)
2910 silly packumentCache corgi:https://registry.npmjs.org/@babel%2fparser set size:undefined disposed:false
2911 http fetch GET 200 https://registry.npmjs.org/@netlify/runtime/-/runtime-4.1.20.tgz 13151ms (cache miss)
2912 http fetch GET 200 https://registry.npmjs.org/@netlify/static/-/static-3.1.7.tgz 13203ms (cache miss)
2913 http fetch GET 200 https://registry.npmjs.org/@bugsnag%2fbrowser 14498ms (cache miss)
2914 silly packumentCache corgi:https://registry.npmjs.org/@bugsnag%2fbrowser set size:undefined disposed:false
2915 http fetch GET 200 https://registry.npmjs.org/@netlify/images/-/images-1.3.7.tgz 13443ms (cache miss)
2916 http fetch GET 200 https://registry.npmjs.org/rxjs 14639ms (cache miss)
2917 silly packumentCache corgi:https://registry.npmjs.org/rxjs set size:undefined disposed:false
2918 http fetch GET 200 https://registry.npmjs.org/@netlify/headers/-/headers-2.1.8.tgz 13496ms (cache miss)
2919 http fetch GET 200 https://registry.npmjs.org/modern-tar/-/modern-tar-0.7.5.tgz 14071ms (cache miss)
2920 http fetch GET 200 https://registry.npmjs.org/@netlify/functions-dev/-/functions-dev-1.2.4.tgz 13616ms (cache miss)
2921 http fetch GET 200 https://registry.npmjs.org/@netlify/functions/-/functions-5.1.5.tgz 13667ms (cache miss)
2922 http fetch GET 200 https://registry.npmjs.org/@netlify/functions-utils/-/functions-utils-6.2.27.tgz 13722ms (cache miss)
2923 http fetch GET 200 https://registry.npmjs.org/@netlify/edge-functions/-/edge-functions-3.0.6.tgz 13718ms (cache miss)
2924 http fetch GET 200 https://registry.npmjs.org/@whatwg-node%2ffetch 15257ms (cache miss)
2925 silly packumentCache corgi:https://registry.npmjs.org/@whatwg-node%2ffetch set size:undefined disposed:false
2926 http fetch GET 200 https://registry.npmjs.org/@netlify/dev-utils/-/dev-utils-4.4.3.tgz 13772ms (cache miss)
2927 http fetch GET 200 https://registry.npmjs.org/@netlify/db-dev/-/db-dev-0.7.0.tgz 13847ms (cache miss)
2928 http fetch GET 200 https://registry.npmjs.org/@netlify/api/-/api-14.0.18.tgz 13954ms (cache miss)
2929 http fetch GET 200 https://registry.npmjs.org/@netlify/ai/-/ai-0.4.1.tgz 13984ms (cache miss)
2930 http fetch GET 200 https://registry.npmjs.org/@netlify/dev/-/dev-4.16.4.tgz 14266ms (cache miss)
2931 http fetch GET 200 https://registry.npmjs.org/@parcel/watcher-darwin-x64/-/watcher-darwin-x64-2.5.1.tgz 14394ms (cache miss)
2932 http fetch GET 200 https://registry.npmjs.org/@parcel/watcher-android-arm64/-/watcher-android-arm64-2.5.1.tgz 14537ms (cache miss)
2933 http fetch GET 200 https://registry.npmjs.org/@parcel/watcher-win32-ia32/-/watcher-win32-ia32-2.5.1.tgz 14616ms (cache miss)
2934 http fetch GET 200 https://registry.npmjs.org/@parcel/watcher-linux-arm64-glibc/-/watcher-linux-arm64-glibc-2.5.1.tgz 14601ms (cache miss)
2935 http fetch GET 200 https://registry.npmjs.org/h3/-/h3-1.15.9.tgz 14969ms (cache miss)
2936 http fetch GET 200 https://registry.npmjs.org/@parcel/watcher-linux-arm-musl/-/watcher-linux-arm-musl-2.5.1.tgz 14691ms (cache miss)
2937 http fetch GET 200 https://registry.npmjs.org/@whatwg-node%2fnode-fetch 16131ms (cache miss)
2938 silly packumentCache corgi:https://registry.npmjs.org/@whatwg-node%2fnode-fetch set size:undefined disposed:false
2939 http fetch GET 200 https://registry.npmjs.org/@parcel/watcher-linux-arm64-musl/-/watcher-linux-arm64-musl-2.5.1.tgz 14770ms (cache miss)
2940 http fetch GET 200 https://registry.npmjs.org/@parcel/watcher-linux-arm-glibc/-/watcher-linux-arm-glibc-2.5.1.tgz 14752ms (cache miss)
2941 http fetch GET 200 https://registry.npmjs.org/@parcel/watcher-linux-x64-glibc/-/watcher-linux-x64-glibc-2.5.1.tgz 14864ms (cache miss)
2942 http fetch GET 200 https://registry.npmjs.org/@parcel/watcher-linux-x64-musl/-/watcher-linux-x64-musl-2.5.1.tgz 14868ms (cache miss)
2943 http fetch GET 200 https://registry.npmjs.org/@parcel/watcher-freebsd-x64/-/watcher-freebsd-x64-2.5.1.tgz 14845ms (cache miss)
2944 http fetch GET 200 https://registry.npmjs.org/@whatwg-node%2fserver 16427ms (cache miss)
2945 silly packumentCache corgi:https://registry.npmjs.org/@whatwg-node%2fserver set size:undefined disposed:false
2946 http fetch GET 200 https://registry.npmjs.org/@parcel/watcher-win32-x64/-/watcher-win32-x64-2.5.1.tgz 15058ms (cache miss)
2947 http fetch GET 200 https://registry.npmjs.org/@img/sharp-linux-s390x/-/sharp-linux-s390x-0.34.4.tgz 14887ms (cache miss)
2948 http fetch GET 200 https://registry.npmjs.org/@parcel/watcher-win32-arm64/-/watcher-win32-arm64-2.5.1.tgz 15155ms (cache miss)
2949 http fetch GET 200 https://registry.npmjs.org/@img/sharp-linuxmusl-x64/-/sharp-linuxmusl-x64-0.34.4.tgz 14988ms (cache miss)
2950 http fetch GET 200 https://registry.npmjs.org/@img/sharp-linuxmusl-arm64/-/sharp-linuxmusl-arm64-0.34.4.tgz 15055ms (cache miss)
2951 http fetch GET 200 https://registry.npmjs.org/@img/sharp-linux-ppc64/-/sharp-linux-ppc64-0.34.4.tgz 15091ms (cache miss)
2952 http fetch GET 200 https://registry.npmjs.org/@img/sharp-linux-arm/-/sharp-linux-arm-0.34.4.tgz 15152ms (cache miss)
2953 http fetch GET 200 https://registry.npmjs.org/minimatch/-/minimatch-5.1.9.tgz 15158ms (cache miss)
2954 http fetch GET 200 https://registry.npmjs.org/@netlify/open-api/-/open-api-2.51.0.tgz 15362ms (cache miss)
2955 http fetch GET 200 https://registry.npmjs.org/@netlify/cache/-/cache-3.4.4.tgz 15435ms (cache miss)
2956 http fetch GET 200 https://registry.npmjs.org/@img/sharp-linux-x64/-/sharp-linux-x64-0.34.4.tgz 15490ms (cache miss)
2957 http fetch GET 200 https://registry.npmjs.org/split2/-/split2-4.2.0.tgz 15388ms (cache miss)
2958 http fetch GET 200 https://registry.npmjs.org/wrap-ansi/-/wrap-ansi-10.0.0.tgz 15442ms (cache miss)
2959 http fetch GET 200 https://registry.npmjs.org/strip-ansi/-/strip-ansi-7.2.0.tgz 15490ms (cache miss)
2960 http fetch GET 200 https://registry.npmjs.org/@img/sharp-darwin-x64/-/sharp-darwin-x64-0.34.4.tgz 15689ms (cache miss)
2961 http fetch GET 200 https://registry.npmjs.org/@netlify/edge-functions-dev/-/edge-functions-dev-1.0.16.tgz 15958ms (cache miss)
2962 http fetch GET 200 https://registry.npmjs.org/pg/-/pg-8.20.0.tgz 16641ms (cache miss)
2963 http fetch GET 200 https://registry.npmjs.org/restore-cursor/-/restore-cursor-5.1.0.tgz 15805ms (cache miss)
2964 http fetch GET 200 https://registry.npmjs.org/@img/sharp-linux-arm64/-/sharp-linux-arm64-0.34.4.tgz 16019ms (cache miss)
2965 http fetch GET 200 https://registry.npmjs.org/string-width/-/string-width-8.2.0.tgz 15906ms (cache miss)
2966 http fetch GET 200 https://registry.npmjs.org/onetime/-/onetime-7.0.0.tgz 16014ms (cache miss)
2967 http fetch GET 200 https://registry.npmjs.org/cli-cursor/-/cli-cursor-5.0.0.tgz 16073ms (cache miss)
2968 http fetch GET 200 https://registry.npmjs.org/agent-base/-/agent-base-8.0.0.tgz 16081ms (cache miss)
2969 http fetch GET 200 https://registry.npmjs.org/is-docker/-/is-docker-3.0.0.tgz 16098ms (cache miss)
2970 http fetch GET 200 https://registry.npmjs.org/signal-exit/-/signal-exit-4.1.0.tgz 16084ms (cache miss)
2971 http fetch GET 200 https://registry.npmjs.org/strip-final-newline/-/strip-final-newline-3.0.0.tgz 16090ms (cache miss)
2972 http fetch GET 200 https://registry.npmjs.org/onetime/-/onetime-6.0.0.tgz 16128ms (cache miss)
2973 http fetch GET 200 https://registry.npmjs.org/npm-run-path/-/npm-run-path-5.3.0.tgz 16169ms (cache miss)
2974 http fetch GET 200 https://registry.npmjs.org/is-stream/-/is-stream-3.0.0.tgz 16196ms (cache miss)
2975 http fetch GET 200 https://registry.npmjs.org/locate-path/-/locate-path-7.2.0.tgz 16218ms (cache miss)
2976 http fetch GET 200 https://registry.npmjs.org/get-stream/-/get-stream-8.0.1.tgz 16235ms (cache miss)
2977 http fetch GET 200 https://registry.npmjs.org/human-signals/-/human-signals-5.0.0.tgz 16274ms (cache miss)
2978 http fetch GET 200 https://registry.npmjs.org/brace-expansion/-/brace-expansion-5.0.4.tgz 16275ms (cache miss)
2979 http fetch GET 200 https://registry.npmjs.org/find-up/-/find-up-7.0.0.tgz 16316ms (cache miss)
2980 http fetch GET 200 https://registry.npmjs.org/execa/-/execa-8.0.1.tgz 17196ms (cache miss)
2981 http fetch GET 200 https://registry.npmjs.org/@rollup/rollup-freebsd-arm64/-/rollup-freebsd-arm64-4.59.0.tgz 17745ms (cache miss)
2982 http fetch GET 200 https://registry.npmjs.org/@emnapi/runtime/-/runtime-1.8.1.tgz 17531ms (cache miss)
2983 http fetch GET 200 https://registry.npmjs.org/@rollup/rollup-android-arm-eabi/-/rollup-android-arm-eabi-4.59.0.tgz 17871ms (cache miss)
2984 http fetch GET 200 https://registry.npmjs.org/@rollup/rollup-openharmony-arm64/-/rollup-openharmony-arm64-4.59.0.tgz 18237ms (cache miss)
2985 http fetch GET 200 https://registry.npmjs.org/balanced-match/-/balanced-match-4.0.4.tgz 17886ms (cache miss)
2986 http fetch GET 200 https://registry.npmjs.org/pg-protocol/-/pg-protocol-1.13.0.tgz 19000ms (cache miss)
2987 http fetch GET 200 https://registry.npmjs.org/@rollup/rollup-linux-arm64-gnu/-/rollup-linux-arm64-gnu-4.59.0.tgz 18509ms (cache miss)
2988 http fetch GET 200 https://registry.npmjs.org/@rollup/rollup-linux-riscv64-musl/-/rollup-linux-riscv64-musl-4.59.0.tgz 18524ms (cache miss)
2989 http fetch GET 200 https://registry.npmjs.org/@rollup/rollup-linux-arm-gnueabihf/-/rollup-linux-arm-gnueabihf-4.59.0.tgz 18545ms (cache miss)
2990 http fetch GET 200 https://registry.npmjs.org/@rollup/rollup-linux-riscv64-gnu/-/rollup-linux-riscv64-gnu-4.59.0.tgz 18620ms (cache miss)
2991 http fetch GET 200 https://registry.npmjs.org/@rollup/rollup-linux-arm64-musl/-/rollup-linux-arm64-musl-4.59.0.tgz 18614ms (cache miss)
2992 http fetch GET 200 https://registry.npmjs.org/@rollup/rollup-darwin-x64/-/rollup-darwin-x64-4.59.0.tgz 18636ms (cache miss)
2993 http fetch GET 200 https://registry.npmjs.org/@rollup/rollup-darwin-arm64/-/rollup-darwin-arm64-4.59.0.tgz 18635ms (cache miss)
2994 http fetch GET 200 https://registry.npmjs.org/@rollup/rollup-freebsd-x64/-/rollup-freebsd-x64-4.59.0.tgz 18678ms (cache miss)
2995 http fetch GET 200 https://registry.npmjs.org/@rollup/rollup-linux-arm-musleabihf/-/rollup-linux-arm-musleabihf-4.59.0.tgz 18711ms (cache miss)
2996 http fetch GET 200 https://registry.npmjs.org/@rollup/rollup-win32-ia32-msvc/-/rollup-win32-ia32-msvc-4.59.0.tgz 18787ms (cache miss)
2997 http fetch GET 200 https://registry.npmjs.org/@rollup/rollup-win32-x64-gnu/-/rollup-win32-x64-gnu-4.59.0.tgz 19025ms (cache miss)
2998 http fetch GET 200 https://registry.npmjs.org/@rollup/rollup-linux-loong64-gnu/-/rollup-linux-loong64-gnu-4.59.0.tgz 19034ms (cache miss)
2999 http fetch GET 200 https://registry.npmjs.org/@rollup/rollup-win32-arm64-msvc/-/rollup-win32-arm64-msvc-4.59.0.tgz 19059ms (cache miss)
3000 http fetch GET 200 https://registry.npmjs.org/@rollup/rollup-linux-x64-musl/-/rollup-linux-x64-musl-4.59.0.tgz 19058ms (cache miss)
3001 http fetch GET 200 https://registry.npmjs.org/@rollup/rollup-linux-x64-gnu/-/rollup-linux-x64-gnu-4.59.0.tgz 19059ms (cache miss)
3002 http fetch GET 200 https://registry.npmjs.org/@rollup/rollup-linux-loong64-musl/-/rollup-linux-loong64-musl-4.59.0.tgz 19186ms (cache miss)
3003 http fetch GET 200 https://registry.npmjs.org/@rollup/rollup-linux-ppc64-gnu/-/rollup-linux-ppc64-gnu-4.59.0.tgz 19398ms (cache miss)
3004 http fetch GET 200 https://registry.npmjs.org/@rollup/rollup-linux-ppc64-musl/-/rollup-linux-ppc64-musl-4.59.0.tgz 19695ms (cache miss)
3005 http fetch GET 200 https://registry.npmjs.org/@rollup/rollup-linux-s390x-gnu/-/rollup-linux-s390x-gnu-4.59.0.tgz 19753ms (cache miss)
3006 http fetch GET 200 https://registry.npmjs.org/@rollup/rollup-win32-x64-msvc/-/rollup-win32-x64-msvc-4.59.0.tgz 20476ms (cache miss)
3007 http fetch GET 200 https://registry.npmjs.org/signal-exit/-/signal-exit-4.1.0.tgz 20497ms (cache miss)
3008 http fetch GET 200 https://registry.npmjs.org/strip-final-newline/-/strip-final-newline-3.0.0.tgz 20740ms (cache miss)
3009 http fetch GET 200 https://registry.npmjs.org/p-wait-for/-/p-wait-for-5.0.2.tgz 20824ms (cache miss)
3010 http fetch GET 200 https://registry.npmjs.org/p-timeout/-/p-timeout-6.1.4.tgz 20924ms (cache miss)
3011 http fetch GET 200 https://registry.npmjs.org/onetime/-/onetime-6.0.0.tgz 20931ms (cache miss)
3012 http fetch GET 200 https://registry.npmjs.org/npm-run-path/-/npm-run-path-5.3.0.tgz 20931ms (cache miss)
3013 http fetch GET 200 https://registry.npmjs.org/locate-path/-/locate-path-7.2.0.tgz 20988ms (cache miss)
3014 http fetch GET 200 https://registry.npmjs.org/is-stream/-/is-stream-3.0.0.tgz 21010ms (cache miss)
3015 http fetch GET 200 https://registry.npmjs.org/get-port/-/get-port-7.2.0.tgz 21031ms (cache miss)
3016 http fetch GET 200 https://registry.npmjs.org/human-signals/-/human-signals-5.0.0.tgz 21037ms (cache miss)
3017 http fetch GET 200 https://registry.npmjs.org/find-up/-/find-up-7.0.0.tgz 21058ms (cache miss)
3018 http fetch GET 200 https://registry.npmjs.org/env-paths/-/env-paths-3.0.0.tgz 21074ms (cache miss)
3019 http fetch GET 200 https://registry.npmjs.org/get-stream/-/get-stream-8.0.1.tgz 21423ms (cache miss)
3020 http fetch GET 200 https://registry.npmjs.org/@netlify/blobs/-/blobs-10.7.4.tgz 21466ms (cache miss)
3021 http fetch GET 200 https://registry.npmjs.org/@netlify/blobs/-/blobs-10.7.4.tgz 21588ms (cache miss)
3022 http fetch GET 200 https://registry.npmjs.org/pg-gateway/-/pg-gateway-0.3.0-beta.4.tgz 22653ms (cache miss)
3023 http fetch GET 200 https://registry.npmjs.org/execa/-/execa-8.0.1.tgz 21754ms (cache miss)
3024 http fetch GET 200 https://registry.npmjs.org/minimatch/-/minimatch-9.0.9.tgz 24274ms (cache miss)
3025 http fetch GET 200 https://registry.npmjs.org/env-paths/-/env-paths-3.0.0.tgz 24897ms (cache miss)
3026 http fetch GET 200 https://registry.npmjs.org/dot-prop/-/dot-prop-9.0.0.tgz 25106ms (cache miss)
3027 http fetch GET 200 https://registry.npmjs.org/@netlify/serverless-functions-api/-/serverless-functions-api-2.12.0.tgz 25714ms (cache miss)
3028 http fetch GET 200 https://registry.npmjs.org/signal-exit/-/signal-exit-4.1.0.tgz 25575ms (cache miss)
3029 http fetch GET 200 https://registry.npmjs.org/strip-final-newline/-/strip-final-newline-3.0.0.tgz 25604ms (cache miss)
3030 http fetch GET 200 https://registry.npmjs.org/signal-exit/-/signal-exit-4.1.0.tgz 25662ms (cache miss)
3031 http fetch GET 200 https://registry.npmjs.org/read-package-up/-/read-package-up-11.0.0.tgz 25713ms (cache miss)
3032 http fetch GET 200 https://registry.npmjs.org/onetime/-/onetime-6.0.0.tgz 25717ms (cache miss)
3033 http fetch GET 200 https://registry.npmjs.org/npm-run-path/-/npm-run-path-5.3.0.tgz 25777ms (cache miss)
3034 http fetch GET 200 https://registry.npmjs.org/locate-path/-/locate-path-7.2.0.tgz 25830ms (cache miss)
3035 http fetch GET 200 https://registry.npmjs.org/locate-path/-/locate-path-7.2.0.tgz 25785ms (cache miss)
3036 http fetch GET 200 https://registry.npmjs.org/is-stream/-/is-stream-3.0.0.tgz 25830ms (cache miss)
3037 http fetch GET 200 https://registry.npmjs.org/find-up/-/find-up-7.0.0.tgz 25841ms (cache miss)
3038 http fetch GET 200 https://registry.npmjs.org/find-up/-/find-up-7.0.0.tgz 25884ms (cache miss)
3039 http fetch GET 200 https://registry.npmjs.org/dot-prop/-/dot-prop-9.0.0.tgz 25939ms (cache miss)
3040 http fetch GET 200 https://registry.npmjs.org/dot-prop/-/dot-prop-9.0.0.tgz 25897ms (cache miss)
3041 http fetch GET 200 https://registry.npmjs.org/locate-path/-/locate-path-7.2.0.tgz 25964ms (cache miss)
3042 http fetch GET 200 https://registry.npmjs.org/brace-expansion/-/brace-expansion-5.0.4.tgz 25958ms (cache miss)
3043 http fetch GET 200 https://registry.npmjs.org/strip-final-newline/-/strip-final-newline-3.0.0.tgz 26003ms (cache miss)
3044 http fetch GET 200 https://registry.npmjs.org/signal-exit/-/signal-exit-4.1.0.tgz 26002ms (cache miss)
3045 http fetch GET 200 https://registry.npmjs.org/terminal-link/-/terminal-link-4.0.0.tgz 26071ms (cache miss)
3046 http fetch GET 200 https://registry.npmjs.org/onetime/-/onetime-6.0.0.tgz 26067ms (cache miss)
3047 http fetch GET 200 https://registry.npmjs.org/read-package-up/-/read-package-up-11.0.0.tgz 26071ms (cache miss)
3048 http fetch GET 200 https://registry.npmjs.org/npm-run-path/-/npm-run-path-5.3.0.tgz 26067ms (cache miss)
3049 http fetch GET 200 https://registry.npmjs.org/balanced-match/-/balanced-match-4.0.4.tgz 26053ms (cache miss)
3050 http fetch GET 200 https://registry.npmjs.org/is-stream/-/is-stream-3.0.0.tgz 26121ms (cache miss)
3051 http fetch GET 200 https://registry.npmjs.org/get-stream/-/get-stream-8.0.1.tgz 26118ms (cache miss)
3052 http fetch GET 200 https://registry.npmjs.org/human-signals/-/human-signals-5.0.0.tgz 26121ms (cache miss)
3053 http fetch GET 200 https://registry.npmjs.org/brace-expansion/-/brace-expansion-5.0.4.tgz 26177ms (cache miss)
3054 http fetch GET 200 https://registry.npmjs.org/env-paths/-/env-paths-3.0.0.tgz 26172ms (cache miss)
3055 http fetch GET 200 https://registry.npmjs.org/brace-expansion/-/brace-expansion-5.0.4.tgz 26156ms (cache miss)
3056 http fetch GET 200 https://registry.npmjs.org/dot-prop/-/dot-prop-9.0.0.tgz 26172ms (cache miss)
3057 http fetch GET 200 https://registry.npmjs.org/p-wait-for/-/p-wait-for-5.0.2.tgz 26217ms (cache miss)
3058 http fetch GET 200 https://registry.npmjs.org/p-timeout/-/p-timeout-6.1.4.tgz 26218ms (cache miss)
3059 http fetch GET 200 https://registry.npmjs.org/https-proxy-agent/-/https-proxy-agent-7.0.6.tgz 26216ms (cache miss)
3060 http fetch GET 200 https://registry.npmjs.org/balanced-match/-/balanced-match-4.0.4.tgz 26271ms (cache miss)
3061 http fetch GET 200 https://registry.npmjs.org/@sindresorhus/slugify/-/slugify-2.2.1.tgz 26321ms (cache miss)
3062 http fetch GET 200 https://registry.npmjs.org/@netlify/dev-utils/-/dev-utils-4.3.3.tgz 26383ms (cache miss)
3063 http fetch GET 200 https://registry.npmjs.org/wrappy 29249ms (cache miss)
3064 silly packumentCache corgi:https://registry.npmjs.org/wrappy set size:undefined disposed:false
3065 http fetch GET 200 https://registry.npmjs.org/get-stream/-/get-stream-8.0.1.tgz 26658ms (cache miss)
3066 http fetch GET 200 https://registry.npmjs.org/wrap-ansi 29391ms (cache miss)
3067 silly packumentCache corgi:https://registry.npmjs.org/wrap-ansi set size:undefined disposed:false
3068 http fetch GET 200 https://registry.npmjs.org/write-file-atomic 29401ms (cache miss)
3069 silly packumentCache corgi:https://registry.npmjs.org/write-file-atomic set size:undefined disposed:false
3070 http fetch GET 200 https://registry.npmjs.org/terminal-link 29337ms (cache miss)
3071 silly packumentCache corgi:https://registry.npmjs.org/terminal-link set size:undefined disposed:false
3072 http fetch GET 200 https://registry.npmjs.org/y18n 29418ms (cache miss)
3073 silly packumentCache corgi:https://registry.npmjs.org/y18n set size:undefined disposed:false
3074 http fetch GET 200 https://registry.npmjs.org/ulid 29376ms (cache miss)
3075 silly packumentCache corgi:https://registry.npmjs.org/ulid set size:undefined disposed:false
3076 http fetch GET 200 https://registry.npmjs.org/vary 29402ms (cache miss)
3077 silly packumentCache corgi:https://registry.npmjs.org/vary set size:undefined disposed:false
3078 http fetch GET 200 https://registry.npmjs.org/which 29513ms (cache miss)
3079 silly packumentCache corgi:https://registry.npmjs.org/which set size:undefined disposed:false
3080 http fetch GET 200 https://registry.npmjs.org/unpipe 29518ms (cache miss)
3081 silly packumentCache corgi:https://registry.npmjs.org/unpipe set size:undefined disposed:false
3082 http fetch GET 200 https://registry.npmjs.org/util-deprecate 29547ms (cache miss)
3083 silly packumentCache corgi:https://registry.npmjs.org/util-deprecate set size:undefined disposed:false
3084 http fetch GET 200 https://registry.npmjs.org/strip-ansi 29498ms (cache miss)
3085 silly packumentCache corgi:https://registry.npmjs.org/strip-ansi set size:undefined disposed:false
3086 http fetch GET 200 https://registry.npmjs.org/toidentifier 29530ms (cache miss)
3087 silly packumentCache corgi:https://registry.npmjs.org/toidentifier set size:undefined disposed:false
3088 http fetch GET 200 https://registry.npmjs.org/update-notifier 29564ms (cache miss)
3089 silly packumentCache corgi:https://registry.npmjs.org/update-notifier set size:undefined disposed:false
3090 http fetch GET 200 https://registry.npmjs.org/tomlify-j0.4 29545ms (cache miss)
3091 silly packumentCache corgi:https://registry.npmjs.org/tomlify-j0.4 set size:undefined disposed:false
3092 http fetch GET 200 https://registry.npmjs.org/wrap-ansi 29627ms (cache miss)
3093 silly packumentCache corgi:https://registry.npmjs.org/wrap-ansi set size:undefined disposed:false
3094 http fetch GET 200 https://registry.npmjs.org/toml 29630ms (cache miss)
3095 silly packumentCache corgi:https://registry.npmjs.org/toml set size:undefined disposed:false
3096 http fetch GET 200 https://registry.npmjs.org/source-map-js 29582ms (cache miss)
3097 silly packumentCache corgi:https://registry.npmjs.org/source-map-js set size:undefined disposed:false
3098 http fetch GET 200 https://registry.npmjs.org/uuid 29669ms (cache miss)
3099 silly packumentCache corgi:https://registry.npmjs.org/uuid set size:undefined disposed:false
3100 http fetch GET 200 https://registry.npmjs.org/string-width 29614ms (cache miss)
3101 silly packumentCache corgi:https://registry.npmjs.org/string-width set size:undefined disposed:false
3102 http fetch GET 200 https://registry.npmjs.org/side-channel 29587ms (cache miss)
3103 silly packumentCache corgi:https://registry.npmjs.org/side-channel set size:undefined disposed:false
3104 http fetch GET 200 https://registry.npmjs.org/statuses 29618ms (cache miss)
3105 silly packumentCache corgi:https://registry.npmjs.org/statuses set size:undefined disposed:false
3106 http fetch GET 200 https://registry.npmjs.org/string_decoder 29634ms (cache miss)
3107 silly packumentCache corgi:https://registry.npmjs.org/string_decoder set size:undefined disposed:false
3108 http fetch GET 200 https://registry.npmjs.org/human-signals/-/human-signals-5.0.0.tgz 27064ms (cache miss)
3109 http fetch GET 200 https://registry.npmjs.org/supports-color 29720ms (cache miss)
3110 silly packumentCache corgi:https://registry.npmjs.org/supports-color set size:undefined disposed:false
3111 http fetch GET 200 https://registry.npmjs.org/side-channel-list 29689ms (cache miss)
3112 silly packumentCache corgi:https://registry.npmjs.org/side-channel-list set size:undefined disposed:false
3113 http fetch GET 200 https://registry.npmjs.org/signal-exit 29694ms (cache miss)
3114 silly packumentCache corgi:https://registry.npmjs.org/signal-exit set size:undefined disposed:false
3115 http fetch GET 200 https://registry.npmjs.org/setprototypeof 29688ms (cache miss)
3116 silly packumentCache corgi:https://registry.npmjs.org/setprototypeof set size:undefined disposed:false
3117 http fetch GET 200 https://registry.npmjs.org/safer-buffer 29689ms (cache miss)
3118 silly packumentCache corgi:https://registry.npmjs.org/safer-buffer set size:undefined disposed:false
3119 http fetch GET 200 https://registry.npmjs.org/side-channel-map 29705ms (cache miss)
3120 silly packumentCache corgi:https://registry.npmjs.org/side-channel-map set size:undefined disposed:false
3121 http fetch GET 200 https://registry.npmjs.org/side-channel-weakmap 29709ms (cache miss)
3122 silly packumentCache corgi:https://registry.npmjs.org/side-channel-weakmap set size:undefined disposed:false
3123 http fetch GET 200 https://registry.npmjs.org/strip-ansi 29841ms (cache miss)
3124 silly packumentCache corgi:https://registry.npmjs.org/strip-ansi set size:undefined disposed:false
3125 http fetch GET 200 https://registry.npmjs.org/source-map-support 29834ms (cache miss)
3126 silly packumentCache corgi:https://registry.npmjs.org/source-map-support set size:undefined disposed:false
3127 http fetch GET 200 https://registry.npmjs.org/tar-stream 29876ms (cache miss)
3128 silly packumentCache corgi:https://registry.npmjs.org/tar-stream set size:undefined disposed:false
3129 http fetch GET 200 https://registry.npmjs.org/tslib 29904ms (cache miss)
3130 silly packumentCache corgi:https://registry.npmjs.org/tslib set size:undefined disposed:false
3131 http fetch GET 200 https://registry.npmjs.org/read-package-up 29789ms (cache miss)
3132 silly packumentCache corgi:https://registry.npmjs.org/read-package-up set size:undefined disposed:false
3133 http fetch GET 200 https://registry.npmjs.org/safe-buffer 29821ms (cache miss)
3134 silly packumentCache corgi:https://registry.npmjs.org/safe-buffer set size:undefined disposed:false
3135 http fetch GET 200 https://registry.npmjs.org/requires-port 29810ms (cache miss)
3136 silly packumentCache corgi:https://registry.npmjs.org/requires-port set size:undefined disposed:false
3137 http fetch GET 200 https://registry.npmjs.org/string-width 29954ms (cache miss)
3138 silly packumentCache corgi:https://registry.npmjs.org/string-width set size:undefined disposed:false
3139 http fetch GET 200 https://registry.npmjs.org/yargs-parser 30062ms (cache miss)
3140 silly packumentCache corgi:https://registry.npmjs.org/yargs-parser set size:undefined disposed:false
3141 http fetch GET 200 https://registry.npmjs.org/pump 29878ms (cache miss)
3142 silly packumentCache corgi:https://registry.npmjs.org/pump set size:undefined disposed:false
3143 http fetch GET 200 https://registry.npmjs.org/range-parser 29895ms (cache miss)
3144 silly packumentCache corgi:https://registry.npmjs.org/range-parser set size:undefined disposed:false
3145 http fetch GET 200 https://registry.npmjs.org/process-nextick-args 29963ms (cache miss)
3146 silly packumentCache corgi:https://registry.npmjs.org/process-nextick-args set size:undefined disposed:false
3147 http fetch GET 200 https://registry.npmjs.org/retry 30009ms (cache miss)
3148 silly packumentCache corgi:https://registry.npmjs.org/retry set size:undefined disposed:false
3149 http fetch GET 200 https://registry.npmjs.org/rc 29993ms (cache miss)
3150 silly packumentCache corgi:https://registry.npmjs.org/rc set size:undefined disposed:false
3151 http fetch GET 200 https://registry.npmjs.org/require-directory 30013ms (cache miss)
3152 silly packumentCache corgi:https://registry.npmjs.org/require-directory set size:undefined disposed:false
3153 http fetch GET 200 https://registry.npmjs.org/execa/-/execa-8.0.1.tgz 27509ms (cache miss)
3154 http fetch GET 200 https://registry.npmjs.org/readdirp 30083ms (cache miss)
3155 silly packumentCache corgi:https://registry.npmjs.org/readdirp set size:undefined disposed:false
3156 http fetch GET 200 https://registry.npmjs.org/router 30110ms (cache miss)
3157 silly packumentCache corgi:https://registry.npmjs.org/router set size:undefined disposed:false
3158 http fetch GET 200 https://registry.npmjs.org/parallel-transform 30028ms (cache miss)
3159 silly packumentCache corgi:https://registry.npmjs.org/parallel-transform set size:undefined disposed:false
3160 http fetch GET 200 https://registry.npmjs.org/picocolors 30059ms (cache miss)
3161 silly packumentCache corgi:https://registry.npmjs.org/picocolors set size:undefined disposed:false
3162 http fetch GET 200 https://registry.npmjs.org/proxy-addr 30088ms (cache miss)
3163 silly packumentCache corgi:https://registry.npmjs.org/proxy-addr set size:undefined disposed:false
3164 http fetch GET 200 https://registry.npmjs.org/parseurl 30127ms (cache miss)
3165 silly packumentCache corgi:https://registry.npmjs.org/parseurl set size:undefined disposed:false
3166 http fetch GET 200 https://registry.npmjs.org/raw-body 30189ms (cache miss)
3167 silly packumentCache corgi:https://registry.npmjs.org/raw-body set size:undefined disposed:false
3168 http fetch GET 200 https://registry.npmjs.org/once 30114ms (cache miss)
3169 silly packumentCache corgi:https://registry.npmjs.org/once set size:undefined disposed:false
3170 http fetch GET 200 https://registry.npmjs.org/p-map 30131ms (cache miss)
3171 silly packumentCache corgi:https://registry.npmjs.org/p-map set size:undefined disposed:false
3172 http fetch GET 200 https://registry.npmjs.org/minimatch/-/minimatch-10.2.4.tgz 27911ms (cache miss)
3173 http fetch GET 200 https://registry.npmjs.org/semver 30323ms (cache miss)
3174 silly packumentCache corgi:https://registry.npmjs.org/semver set size:undefined disposed:false
3175 http fetch GET 200 https://registry.npmjs.org/prettyjson 30271ms (cache miss)
3176 silly packumentCache corgi:https://registry.npmjs.org/prettyjson set size:undefined disposed:false
3177 http fetch GET 200 https://registry.npmjs.org/picomatch 30284ms (cache miss)
3178 silly packumentCache corgi:https://registry.npmjs.org/picomatch set size:undefined disposed:false
3179 http fetch GET 200 https://registry.npmjs.org/pathe 30288ms (cache miss)
3180 silly packumentCache corgi:https://registry.npmjs.org/pathe set size:undefined disposed:false
3181 http fetch GET 200 https://registry.npmjs.org/yaml 30561ms (cache miss)
3182 silly packumentCache corgi:https://registry.npmjs.org/yaml set size:undefined disposed:false
3183 http fetch GET 200 https://registry.npmjs.org/@typescript-eslint%2ftypes 29871ms (cache miss)
3184 silly packumentCache corgi:https://registry.npmjs.org/@typescript-eslint%2ftypes set size:undefined disposed:false
3185 http fetch GET 200 https://registry.npmjs.org/on-finished 30474ms (cache miss)
3186 silly packumentCache corgi:https://registry.npmjs.org/on-finished set size:undefined disposed:false
3187 http fetch GET 200 https://registry.npmjs.org/parse-github-url 30500ms (cache miss)
3188 silly packumentCache corgi:https://registry.npmjs.org/parse-github-url set size:undefined disposed:false
3189 http fetch GET 200 https://registry.npmjs.org/p-wait-for 30552ms (cache miss)
3190 silly packumentCache corgi:https://registry.npmjs.org/p-wait-for set size:undefined disposed:false
3191 http fetch GET 200 https://registry.npmjs.org/normalize-package-data 30535ms (cache miss)
3192 silly packumentCache corgi:https://registry.npmjs.org/normalize-package-data set size:undefined disposed:false
3193 http fetch GET 200 https://registry.npmjs.org/@netlify/blobs/-/blobs-10.7.4.tgz 28134ms (cache miss)
3194 http fetch GET 200 https://registry.npmjs.org/execa/-/execa-8.0.1.tgz 28055ms (cache miss)
3195 http fetch GET 200 https://registry.npmjs.org/netlify-redirector 30552ms (cache miss)
3196 silly packumentCache corgi:https://registry.npmjs.org/netlify-redirector set size:undefined disposed:false
3197 http fetch GET 200 https://registry.npmjs.org/p-filter 30594ms (cache miss)
3198 silly packumentCache corgi:https://registry.npmjs.org/p-filter set size:undefined disposed:false
3199 http fetch GET 200 https://registry.npmjs.org/nopt 30631ms (cache miss)
3200 silly packumentCache corgi:https://registry.npmjs.org/nopt set size:undefined disposed:false
3201 http fetch GET 200 https://registry.npmjs.org/object-inspect 30650ms (cache miss)
3202 silly packumentCache corgi:https://registry.npmjs.org/object-inspect set size:undefined disposed:false
3203 http fetch GET 200 https://registry.npmjs.org/multiparty 30652ms (cache miss)
3204 silly packumentCache corgi:https://registry.npmjs.org/multiparty set size:undefined disposed:false
3205 http fetch GET 200 https://registry.npmjs.org/math-intrinsics 30629ms (cache miss)
3206 silly packumentCache corgi:https://registry.npmjs.org/math-intrinsics set size:undefined disposed:false
3207 http fetch GET 200 https://registry.npmjs.org/ms 30661ms (cache miss)
3208 silly packumentCache corgi:https://registry.npmjs.org/ms set size:undefined disposed:false
3209 http fetch GET 200 https://registry.npmjs.org/maxstache-stream 30767ms (cache miss)
3210 silly packumentCache corgi:https://registry.npmjs.org/maxstache-stream set size:undefined disposed:false
3211 http fetch GET 200 https://registry.npmjs.org/minimist 30788ms (cache miss)
3212 silly packumentCache corgi:https://registry.npmjs.org/minimist set size:undefined disposed:false
3213 http fetch GET 200 https://registry.npmjs.org/minizlib 30794ms (cache miss)
3214 silly packumentCache corgi:https://registry.npmjs.org/minizlib set size:undefined disposed:false
3215 http fetch GET 200 https://registry.npmjs.org/nanospinner 30812ms (cache miss)
3216 silly packumentCache corgi:https://registry.npmjs.org/nanospinner set size:undefined disposed:false
3217 http fetch GET 200 https://registry.npmjs.org/is-wsl 30730ms (cache miss)
3218 silly packumentCache corgi:https://registry.npmjs.org/is-wsl set size:undefined disposed:false
3219 http fetch GET 200 https://registry.npmjs.org/json-schema-traverse 30784ms (cache miss)
3220 silly packumentCache corgi:https://registry.npmjs.org/json-schema-traverse set size:undefined disposed:false
3221 http fetch GET 200 https://registry.npmjs.org/readable-stream 30985ms (cache miss)
3222 silly packumentCache corgi:https://registry.npmjs.org/readable-stream set size:undefined disposed:false
3223 http fetch GET 200 https://registry.npmjs.org/isarray 30870ms (cache miss)
3224 silly packumentCache corgi:https://registry.npmjs.org/isarray set size:undefined disposed:false
3225 http fetch GET 200 https://registry.npmjs.org/inherits 30835ms (cache miss)
3226 silly packumentCache corgi:https://registry.npmjs.org/inherits set size:undefined disposed:false
3227 http fetch GET 200 https://registry.npmjs.org/open 31020ms (cache miss)
3228 silly packumentCache corgi:https://registry.npmjs.org/open set size:undefined disposed:false
3229 http fetch GET 200 https://registry.npmjs.org/jwt-decode 30946ms (cache miss)
3230 silly packumentCache corgi:https://registry.npmjs.org/jwt-decode set size:undefined disposed:false
3231 http fetch GET 200 https://registry.npmjs.org/mime 31003ms (cache miss)
3232 silly packumentCache corgi:https://registry.npmjs.org/mime set size:undefined disposed:false
3233 http fetch GET 200 https://registry.npmjs.org/ipaddr.js 30910ms (cache miss)
3234 silly packumentCache corgi:https://registry.npmjs.org/ipaddr.js set size:undefined disposed:false
3235 http fetch GET 200 https://registry.npmjs.org/maxstache 31003ms (cache miss)
3236 silly packumentCache corgi:https://registry.npmjs.org/maxstache set size:undefined disposed:false
3237 http fetch GET 200 https://registry.npmjs.org/ieee754 30941ms (cache miss)
3238 silly packumentCache corgi:https://registry.npmjs.org/ieee754 set size:undefined disposed:false
3239 http fetch GET 200 https://registry.npmjs.org/indent-string 30950ms (cache miss)
3240 silly packumentCache corgi:https://registry.npmjs.org/indent-string set size:undefined disposed:false
3241 http fetch GET 200 https://registry.npmjs.org/ini 30958ms (cache miss)
3242 silly packumentCache corgi:https://registry.npmjs.org/ini set size:undefined disposed:false
3243 http fetch GET 200 https://registry.npmjs.org/imurmurhash 30973ms (cache miss)
3244 silly packumentCache corgi:https://registry.npmjs.org/imurmurhash set size:undefined disposed:false
3245 http fetch GET 200 https://registry.npmjs.org/qs 31224ms (cache updated)
3246 silly packumentCache corgi:https://registry.npmjs.org/qs set size:undefined disposed:false
3247 http fetch GET 200 https://registry.npmjs.org/node-addon-api 31159ms (cache miss)
3248 silly packumentCache corgi:https://registry.npmjs.org/node-addon-api set size:undefined disposed:false
3249 http fetch GET 200 https://registry.npmjs.org/mdn-data 31137ms (cache miss)
3250 silly packumentCache corgi:https://registry.npmjs.org/mdn-data set size:undefined disposed:false
3251 http fetch GET 200 https://registry.npmjs.org/hasown 31066ms (cache miss)
3252 silly packumentCache corgi:https://registry.npmjs.org/hasown set size:undefined disposed:false
3253 http fetch GET 200 https://registry.npmjs.org/gitconfiglocal 31059ms (cache miss)
3254 silly packumentCache corgi:https://registry.npmjs.org/gitconfiglocal set size:undefined disposed:false
3255 http fetch GET 200 https://registry.npmjs.org/has-symbols 31090ms (cache miss)
3256 silly packumentCache corgi:https://registry.npmjs.org/has-symbols set size:undefined disposed:false
3257 http fetch GET 200 https://registry.npmjs.org/jsonwebtoken 31194ms (cache miss)
3258 silly packumentCache corgi:https://registry.npmjs.org/jsonwebtoken set size:undefined disposed:false
3259 http fetch GET 200 https://registry.npmjs.org/http-errors 31183ms (cache miss)
3260 silly packumentCache corgi:https://registry.npmjs.org/http-errors set size:undefined disposed:false
3261 http fetch GET 200 https://registry.npmjs.org/fuzzy 31160ms (cache miss)
3262 silly packumentCache corgi:https://registry.npmjs.org/fuzzy set size:undefined disposed:false
3263 http fetch GET 200 https://registry.npmjs.org/git-repo-info 31176ms (cache miss)
3264 silly packumentCache corgi:https://registry.npmjs.org/git-repo-info set size:undefined disposed:false
3265 http fetch GET 200 https://registry.npmjs.org/inquirer-autocomplete-prompt 31216ms (cache miss)
3266 silly packumentCache corgi:https://registry.npmjs.org/inquirer-autocomplete-prompt set size:undefined disposed:false
3267 http fetch GET 200 https://registry.npmjs.org/lambda-local 31277ms (cache miss)
3268 silly packumentCache corgi:https://registry.npmjs.org/lambda-local set size:undefined disposed:false
3269 http fetch GET 200 https://registry.npmjs.org/get-proto 31189ms (cache miss)
3270 silly packumentCache corgi:https://registry.npmjs.org/get-proto set size:undefined disposed:false
3271 http fetch GET 200 https://registry.npmjs.org/folder-walker 31175ms (cache miss)
3272 silly packumentCache corgi:https://registry.npmjs.org/folder-walker set size:undefined disposed:false
3273 http fetch GET 200 https://registry.npmjs.org/gopd 31209ms (cache miss)
3274 silly packumentCache corgi:https://registry.npmjs.org/gopd set size:undefined disposed:false
3275 http cache https://registry.npmjs.org/wrappy/-/wrappy-1.0.2.tgz 2417ms (cache hit)
3276 http fetch GET 200 https://registry.npmjs.org/node-fetch 31399ms (cache miss)
3277 silly packumentCache corgi:https://registry.npmjs.org/node-fetch set size:undefined disposed:false
3278 http fetch GET 200 https://registry.npmjs.org/yargs 31728ms (cache miss)
3279 silly packumentCache corgi:https://registry.npmjs.org/yargs set size:undefined disposed:false
3280 http fetch GET 200 https://registry.npmjs.org/lodash 31428ms (cache miss)
3281 silly packumentCache corgi:https://registry.npmjs.org/lodash set size:undefined disposed:false
3282 http fetch GET 200 https://registry.npmjs.org/get-port 31336ms (cache miss)
3283 silly packumentCache corgi:https://registry.npmjs.org/get-port set size:undefined disposed:false
3284 http fetch GET 200 https://registry.npmjs.org/forwarded 31331ms (cache miss)
3285 silly packumentCache corgi:https://registry.npmjs.org/forwarded set size:undefined disposed:false
3286 http fetch GET 200 https://registry.npmjs.org/find-up 31329ms (cache miss)
3287 silly packumentCache corgi:https://registry.npmjs.org/find-up set size:undefined disposed:false
3288 http fetch GET 200 https://registry.npmjs.org/get-caller-file 31348ms (cache miss)
3289 silly packumentCache corgi:https://registry.npmjs.org/get-caller-file set size:undefined disposed:false
3290 http fetch GET 200 https://registry.npmjs.org/http-proxy 31500ms (cache miss)
3291 silly packumentCache corgi:https://registry.npmjs.org/http-proxy set size:undefined disposed:false
3292 http fetch GET 200 https://registry.npmjs.org/graceful-fs 31497ms (cache miss)
3293 silly packumentCache corgi:https://registry.npmjs.org/graceful-fs set size:undefined disposed:false
3294 http fetch GET 200 https://registry.npmjs.org/get-intrinsic 31494ms (cache miss)
3295 silly packumentCache corgi:https://registry.npmjs.org/get-intrinsic set size:undefined disposed:false
3296 http fetch GET 200 https://registry.npmjs.org/file-uri-to-path 31476ms (cache miss)
3297 silly packumentCache corgi:https://registry.npmjs.org/file-uri-to-path set size:undefined disposed:false
3298 http fetch GET 200 https://registry.npmjs.org/etag 31428ms (cache miss)
3299 silly packumentCache corgi:https://registry.npmjs.org/etag set size:undefined disposed:false
3300 http fetch GET 200 https://registry.npmjs.org/escape-html 31424ms (cache miss)
3301 silly packumentCache corgi:https://registry.npmjs.org/escape-html set size:undefined disposed:false
3302 http fetch GET 200 https://registry.npmjs.org/function-bind 31506ms (cache miss)
3303 silly packumentCache corgi:https://registry.npmjs.org/function-bind set size:undefined disposed:false
3304 http fetch GET 200 https://registry.npmjs.org/es-define-property 31425ms (cache miss)
3305 silly packumentCache corgi:https://registry.npmjs.org/es-define-property set size:undefined disposed:false
3306 http cache https://registry.npmjs.org/wrap-ansi/-/wrap-ansi-7.0.0.tgz 2581ms (cache hit)
3307 http cache https://registry.npmjs.org/y18n/-/y18n-5.0.8.tgz 2572ms (cache hit)
3308 http fetch GET 200 https://registry.npmjs.org/sharp 31867ms (cache miss)
3309 silly packumentCache corgi:https://registry.npmjs.org/sharp set size:undefined disposed:false
3310 http cache https://registry.npmjs.org/vary/-/vary-1.1.2.tgz 2581ms (cache hit)
3311 http fetch GET 200 https://registry.npmjs.org/minipass 31742ms (cache miss)
3312 silly packumentCache corgi:https://registry.npmjs.org/minipass set size:undefined disposed:false
3313 http fetch GET 200 https://registry.npmjs.org/nanoid 31761ms (cache miss)
3314 silly packumentCache corgi:https://registry.npmjs.org/nanoid set size:undefined disposed:false
3315 http fetch GET 200 https://registry.npmjs.org/fastest-levenshtein 31597ms (cache miss)
3316 silly packumentCache corgi:https://registry.npmjs.org/fastest-levenshtein set size:undefined disposed:false
3317 http fetch GET 200 https://registry.npmjs.org/escalade 31566ms (cache miss)
3318 silly packumentCache corgi:https://registry.npmjs.org/escalade set size:undefined disposed:false
3319 http fetch GET 200 https://registry.npmjs.org/es-errors 31566ms (cache miss)
3320 silly packumentCache corgi:https://registry.npmjs.org/es-errors set size:undefined disposed:false
3321 http fetch GET 200 https://registry.npmjs.org/fast-deep-equal 31601ms (cache miss)
3322 silly packumentCache corgi:https://registry.npmjs.org/fast-deep-equal set size:undefined disposed:false
3323 http fetch GET 200 https://registry.npmjs.org/express-logging 31600ms (cache miss)
3324 silly packumentCache corgi:https://registry.npmjs.org/express-logging set size:undefined disposed:false
3325 http fetch GET 200 https://registry.npmjs.org/es-object-atoms 31581ms (cache miss)
3326 silly packumentCache corgi:https://registry.npmjs.org/es-object-atoms set size:undefined disposed:false
3327 http fetch GET 200 https://registry.npmjs.org/env-paths 31576ms (cache miss)
3328 silly packumentCache corgi:https://registry.npmjs.org/env-paths set size:undefined disposed:false
3329 http fetch GET 200 https://registry.npmjs.org/extract-zip 31613ms (cache miss)
3330 silly packumentCache corgi:https://registry.npmjs.org/extract-zip set size:undefined disposed:false
3331 http cache https://registry.npmjs.org/which/-/which-2.0.2.tgz 2653ms (cache hit)
3332 http fetch GET 200 https://registry.npmjs.org/magic-string 31867ms (cache miss)
3333 silly packumentCache corgi:https://registry.npmjs.org/magic-string set size:undefined disposed:false
3334 http cache https://registry.npmjs.org/unpipe/-/unpipe-1.0.0.tgz 2646ms (cache hit)
3335 http fetch GET 200 https://registry.npmjs.org/fsevents 31792ms (cache miss)
3336 silly packumentCache corgi:https://registry.npmjs.org/fsevents set size:undefined disposed:false
3337 http fetch GET 200 https://registry.npmjs.org/encodeurl 31708ms (cache miss)
3338 silly packumentCache corgi:https://registry.npmjs.org/encodeurl set size:undefined disposed:false
3339 http fetch GET 200 https://registry.npmjs.org/estree-walker 31734ms (cache miss)
3340 silly packumentCache corgi:https://registry.npmjs.org/estree-walker set size:undefined disposed:false
3341 http fetch GET 200 https://registry.npmjs.org/ee-first 31715ms (cache miss)
3342 silly packumentCache corgi:https://registry.npmjs.org/ee-first set size:undefined disposed:false
3343 http fetch GET 200 https://registry.npmjs.org/end-of-stream 31726ms (cache miss)
3344 silly packumentCache corgi:https://registry.npmjs.org/end-of-stream set size:undefined disposed:false
3345 http fetch GET 200 https://registry.npmjs.org/dunder-proto 31723ms (cache miss)
3346 silly packumentCache corgi:https://registry.npmjs.org/dunder-proto set size:undefined disposed:false
3347 http cache https://registry.npmjs.org/util-deprecate/-/util-deprecate-1.0.2.tgz 2712ms (cache hit)
3348 http cache https://registry.npmjs.org/toidentifier/-/toidentifier-1.0.1.tgz 2706ms (cache hit)
3349 http fetch GET 200 https://registry.npmjs.org/detect-libc 31816ms (cache miss)
3350 silly packumentCache corgi:https://registry.npmjs.org/detect-libc set size:undefined disposed:false
3351 http fetch GET 200 https://registry.npmjs.org/eventemitter3 31877ms (cache miss)
3352 silly packumentCache corgi:https://registry.npmjs.org/eventemitter3 set size:undefined disposed:false
3353 http fetch GET 200 https://registry.npmjs.org/depd 31823ms (cache miss)
3354 silly packumentCache corgi:https://registry.npmjs.org/depd set size:undefined disposed:false
3355 http fetch GET 200 https://registry.npmjs.org/core-util-is 31803ms (cache miss)
3356 silly packumentCache corgi:https://registry.npmjs.org/core-util-is set size:undefined disposed:false
3357 http fetch GET 200 https://registry.npmjs.org/content-type 31803ms (cache miss)
3358 silly packumentCache corgi:https://registry.npmjs.org/content-type set size:undefined disposed:false
3359 http cache https://registry.npmjs.org/source-map-js/-/source-map-js-1.2.1.tgz 2731ms (cache hit)
3360 http cache https://registry.npmjs.org/string-width/-/string-width-4.2.3.tgz 2722ms (cache hit)
3361 http cache https://registry.npmjs.org/side-channel/-/side-channel-1.1.0.tgz 2715ms (cache hit)
3362 http fetch GET 200 https://registry.npmjs.org/deep-extend 31851ms (cache miss)
3363 silly packumentCache corgi:https://registry.npmjs.org/deep-extend set size:undefined disposed:false
3364 http cache https://registry.npmjs.org/string_decoder/-/string_decoder-1.3.0.tgz 2726ms (cache hit)
3365 http fetch GET 200 https://registry.npmjs.org/dot-prop 32003ms (cache miss)
3366 silly packumentCache corgi:https://registry.npmjs.org/dot-prop set size:undefined disposed:false
3367 http fetch GET 200 https://registry.npmjs.org/color-name 31947ms (cache miss)
3368 silly packumentCache corgi:https://registry.npmjs.org/color-name set size:undefined disposed:false
3369 http cache https://registry.npmjs.org/side-channel-list/-/side-channel-list-1.0.0.tgz 2765ms (cache hit)
3370 http cache https://registry.npmjs.org/supports-color/-/supports-color-10.2.2.tgz 2770ms (cache hit)
3371 http cache https://registry.npmjs.org/signal-exit/-/signal-exit-3.0.7.tgz 2767ms (cache hit)
3372 http cache https://registry.npmjs.org/setprototypeof/-/setprototypeof-1.2.0.tgz 2765ms (cache hit)
3373 http cache https://registry.npmjs.org/safer-buffer/-/safer-buffer-2.1.2.tgz 2757ms (cache hit)
3374 http cache https://registry.npmjs.org/side-channel-map/-/side-channel-map-1.0.1.tgz 2758ms (cache hit)
3375 http fetch GET 200 https://registry.npmjs.org/is-stream 32217ms (cache miss)
3376 silly packumentCache corgi:https://registry.npmjs.org/is-stream set size:undefined disposed:false
3377 http cache https://registry.npmjs.org/side-channel-weakmap/-/side-channel-weakmap-1.0.2.tgz 2771ms (cache hit)
3378 http fetch GET 200 https://registry.npmjs.org/follow-redirects 32214ms (cache miss)
3379 silly packumentCache corgi:https://registry.npmjs.org/follow-redirects set size:undefined disposed:false
3380 http fetch GET 200 https://registry.npmjs.org/fdir 32190ms (cache miss)
3381 silly packumentCache corgi:https://registry.npmjs.org/fdir set size:undefined disposed:false
3382 http fetch GET 200 https://registry.npmjs.org/http-proxy-middleware 32266ms (cache miss)
3383 silly packumentCache corgi:https://registry.npmjs.org/http-proxy-middleware set size:undefined disposed:false
3384 http fetch GET 200 https://registry.npmjs.org/emoji-regex 32148ms (cache miss)
3385 silly packumentCache corgi:https://registry.npmjs.org/emoji-regex set size:undefined disposed:false
3386 http fetch GET 200 https://registry.npmjs.org/decache 32121ms (cache miss)
3387 silly packumentCache corgi:https://registry.npmjs.org/decache set size:undefined disposed:false
3388 http fetch GET 200 https://registry.npmjs.org/chownr 32074ms (cache miss)
3389 silly packumentCache corgi:https://registry.npmjs.org/chownr set size:undefined disposed:false
3390 http fetch GET 200 https://registry.npmjs.org/color-convert 32097ms (cache miss)
3391 silly packumentCache corgi:https://registry.npmjs.org/color-convert set size:undefined disposed:false
3392 http fetch GET 200 https://registry.npmjs.org/call-bind-apply-helpers 32075ms (cache miss)
3393 silly packumentCache corgi:https://registry.npmjs.org/call-bind-apply-helpers set size:undefined disposed:false
3394 http fetch GET 200 https://registry.npmjs.org/is-fullwidth-code-point 32332ms (cache miss)
3395 silly packumentCache corgi:https://registry.npmjs.org/is-fullwidth-code-point set size:undefined disposed:false
3396 http fetch GET 200 https://registry.npmjs.org/call-bound 32088ms (cache miss)
3397 silly packumentCache corgi:https://registry.npmjs.org/call-bound set size:undefined disposed:false
3398 http cache https://registry.npmjs.org/strip-ansi/-/strip-ansi-6.0.1.tgz 2802ms (cache hit)
3399 http cache https://registry.npmjs.org/safe-buffer/-/safe-buffer-5.2.1.tgz 2780ms (cache hit)
3400 http cache https://registry.npmjs.org/requires-port/-/requires-port-1.0.0.tgz 2780ms (cache hit)
3401 http fetch GET 200 https://registry.npmjs.org/execa 32342ms (cache miss)
3402 silly packumentCache corgi:https://registry.npmjs.org/execa set size:undefined disposed:false
3403 http fetch GET 200 https://registry.npmjs.org/bytes 32227ms (cache miss)
3404 silly packumentCache corgi:https://registry.npmjs.org/bytes set size:undefined disposed:false
3405 http fetch GET 200 https://registry.npmjs.org/deepmerge 32297ms (cache miss)
3406 silly packumentCache corgi:https://registry.npmjs.org/deepmerge set size:undefined disposed:false
3407 http fetch GET 200 https://registry.npmjs.org/cliui 32263ms (cache miss)
3408 silly packumentCache corgi:https://registry.npmjs.org/cliui set size:undefined disposed:false
3409 http fetch GET 200 https://registry.npmjs.org/backoff 32223ms (cache miss)
3410 silly packumentCache corgi:https://registry.npmjs.org/backoff set size:undefined disposed:false
3411 http cache https://registry.npmjs.org/pump/-/pump-3.0.3.tgz 2844ms (cache hit)
3412 http cache https://registry.npmjs.org/range-parser/-/range-parser-1.2.1.tgz 2884ms (cache hit)
3413 http fetch GET 200 https://registry.npmjs.org/ascii-table 32321ms (cache miss)
3414 silly packumentCache corgi:https://registry.npmjs.org/ascii-table set size:undefined disposed:false
3415 http fetch GET 200 https://registry.npmjs.org/brace-expansion 32346ms (cache miss)
3416 silly packumentCache corgi:https://registry.npmjs.org/brace-expansion set size:undefined disposed:false
3417 http fetch GET 200 https://registry.npmjs.org/clean-deep 32380ms (cache miss)
3418 silly packumentCache corgi:https://registry.npmjs.org/clean-deep set size:undefined disposed:false
3419 http fetch GET 200 https://registry.npmjs.org/balanced-match 32346ms (cache miss)
3420 silly packumentCache corgi:https://registry.npmjs.org/balanced-match set size:undefined disposed:false
3421 http fetch GET 200 https://registry.npmjs.org/bindings 32356ms (cache miss)
3422 silly packumentCache corgi:https://registry.npmjs.org/bindings set size:undefined disposed:false
3423 http cache https://registry.npmjs.org/process-nextick-args/-/process-nextick-args-2.0.1.tgz 2878ms (cache hit)
3424 http cache https://registry.npmjs.org/rc/-/rc-1.2.8.tgz 2874ms (cache hit)
3425 http cache https://registry.npmjs.org/require-directory/-/require-directory-2.1.1.tgz 2881ms (cache hit)
3426 http fetch GET 200 https://registry.npmjs.org/@sveltejs%2facorn-typescript 32363ms (cache miss)
3427 silly packumentCache corgi:https://registry.npmjs.org/@sveltejs%2facorn-typescript set size:undefined disposed:false
3428 http fetch GET 200 https://registry.npmjs.org/abbrev 32396ms (cache miss)
3429 silly packumentCache corgi:https://registry.npmjs.org/abbrev set size:undefined disposed:false
3430 http fetch GET 200 https://registry.npmjs.org/css-tree 32552ms (cache miss)
3431 silly packumentCache corgi:https://registry.npmjs.org/css-tree set size:undefined disposed:false
3432 http fetch GET 200 https://registry.npmjs.org/is-fullwidth-code-point 32241ms (cache miss)
3433 silly packumentCache corgi:https://registry.npmjs.org/is-fullwidth-code-point set size:undefined disposed:false
3434 http fetch GET 200 https://registry.npmjs.org/is-fullwidth-code-point 32238ms (cache miss)
3435 silly packumentCache corgi:https://registry.npmjs.org/is-fullwidth-code-point set size:undefined disposed:false
3436 http fetch GET 200 https://registry.npmjs.org/ci-info 32521ms (cache miss)
3437 silly packumentCache corgi:https://registry.npmjs.org/ci-info set size:undefined disposed:false
3438 http fetch GET 200 https://registry.npmjs.org/boxen 32504ms (cache miss)
3439 silly packumentCache corgi:https://registry.npmjs.org/boxen set size:undefined disposed:false
3440 http fetch GET 200 https://registry.npmjs.org/ansi-to-html 32483ms (cache miss)
3441 silly packumentCache corgi:https://registry.npmjs.org/ansi-to-html set size:undefined disposed:false
3442 http fetch GET 200 https://registry.npmjs.org/ansi-regex 32495ms (cache miss)
3443 silly packumentCache corgi:https://registry.npmjs.org/ansi-regex set size:undefined disposed:false
3444 http fetch GET 200 https://registry.npmjs.org/base64-js 32524ms (cache miss)
3445 silly packumentCache corgi:https://registry.npmjs.org/base64-js set size:undefined disposed:false
3446 http cache https://registry.npmjs.org/router/-/router-2.2.0.tgz 2947ms (cache hit)
3447 http cache https://registry.npmjs.org/proxy-addr/-/proxy-addr-2.0.7.tgz 2935ms (cache hit)
3448 http cache https://registry.npmjs.org/picocolors/-/picocolors-1.1.1.tgz 2975ms (cache hit)
3449 http fetch GET 200 https://registry.npmjs.org/debug 32736ms (cache miss)
3450 silly packumentCache corgi:https://registry.npmjs.org/debug set size:undefined disposed:false
3451 http fetch GET 200 https://registry.npmjs.org/agent-base 32642ms (cache miss)
3452 silly packumentCache corgi:https://registry.npmjs.org/agent-base set size:undefined disposed:false
3453 http cache https://registry.npmjs.org/parseurl/-/parseurl-1.3.3.tgz 2993ms (cache hit)
3454 http cache https://registry.npmjs.org/once/-/once-1.4.0.tgz 2987ms (cache hit)
3455 http fetch GET 200 https://registry.npmjs.org/jiti 33026ms (cache miss)
3456 silly packumentCache corgi:https://registry.npmjs.org/jiti set size:undefined disposed:false
3457 http fetch GET 200 https://registry.npmjs.org/strip-ansi 32489ms (cache miss)
3458 silly packumentCache corgi:https://registry.npmjs.org/strip-ansi set size:undefined disposed:false
3459 http fetch GET 200 https://registry.npmjs.org/strip-ansi 32502ms (cache miss)
3460 silly packumentCache corgi:https://registry.npmjs.org/strip-ansi set size:undefined disposed:false
3461 http fetch GET 200 https://registry.npmjs.org/@jridgewell%2fsourcemap-codec 32571ms (cache miss)
3462 silly packumentCache corgi:https://registry.npmjs.org/@jridgewell%2fsourcemap-codec set size:undefined disposed:false
3463 http fetch GET 200 https://registry.npmjs.org/@jridgewell%2fresolve-uri 32574ms (cache miss)
3464 silly packumentCache corgi:https://registry.npmjs.org/@jridgewell%2fresolve-uri set size:undefined disposed:false
3465 http fetch GET 200 https://registry.npmjs.org/@netlify%2flocal-functions-proxy 32609ms (cache miss)
3466 silly packumentCache corgi:https://registry.npmjs.org/@netlify%2flocal-functions-proxy set size:undefined disposed:false
3467 http fetch GET 200 https://registry.npmjs.org/@netlify%2fheaders-parser 32611ms (cache miss)
3468 silly packumentCache corgi:https://registry.npmjs.org/@netlify%2fheaders-parser set size:undefined disposed:false
3469 http fetch GET 200 https://registry.npmjs.org/ansi-styles 32811ms (cache miss)
3470 silly packumentCache corgi:https://registry.npmjs.org/ansi-styles set size:undefined disposed:false
3471 http fetch GET 200 https://registry.npmjs.org/balanced-match/-/balanced-match-4.0.4.tgz 30759ms (cache miss)
3472 http fetch GET 200 https://registry.npmjs.org/@types%2festree 32836ms (cache miss)
3473 silly packumentCache corgi:https://registry.npmjs.org/@types%2festree set size:undefined disposed:false
3474 http cache https://registry.npmjs.org/picomatch/-/picomatch-4.0.3.tgz 3065ms (cache hit)
3475 http fetch GET 200 https://registry.npmjs.org/string-width 32657ms (cache miss)
3476 silly packumentCache corgi:https://registry.npmjs.org/string-width set size:undefined disposed:false
3477 http fetch GET 200 https://registry.npmjs.org/string-width 32654ms (cache miss)
3478 silly packumentCache corgi:https://registry.npmjs.org/string-width set size:undefined disposed:false
3479 http fetch GET 200 https://registry.npmjs.org/chalk 32936ms (cache miss)
3480 silly packumentCache corgi:https://registry.npmjs.org/chalk set size:undefined disposed:false
3481 http fetch GET 200 https://registry.npmjs.org/@netlify%2fredirect-parser 32779ms (cache miss)
3482 silly packumentCache corgi:https://registry.npmjs.org/@netlify%2fredirect-parser set size:undefined disposed:false
3483 http fetch GET 200 https://registry.npmjs.org/@img%2fsharp-darwin-arm64 32714ms (cache miss)
3484 silly packumentCache corgi:https://registry.npmjs.org/@img%2fsharp-darwin-arm64 set size:undefined disposed:false
3485 http fetch GET 200 https://registry.npmjs.org/@pnpm%2ftabtab 32843ms (cache miss)
3486 silly packumentCache corgi:https://registry.npmjs.org/@pnpm%2ftabtab set size:undefined disposed:false
3487 http fetch GET 200 https://registry.npmjs.org/@img%2fcolour 32738ms (cache miss)
3488 silly packumentCache corgi:https://registry.npmjs.org/@img%2fcolour set size:undefined disposed:false
3489 http cache https://registry.npmjs.org/pathe/-/pathe-2.0.3.tgz 3130ms (cache hit)
3490 http fetch GET 200 https://registry.npmjs.org/ansi-regex 32724ms (cache miss)
3491 silly packumentCache corgi:https://registry.npmjs.org/ansi-regex set size:undefined disposed:false
3492 http fetch GET 200 https://registry.npmjs.org/ansi-regex 32737ms (cache miss)
3493 silly packumentCache corgi:https://registry.npmjs.org/ansi-regex set size:undefined disposed:false
3494 http fetch GET 200 https://registry.npmjs.org/bl 32990ms (cache miss)
3495 silly packumentCache corgi:https://registry.npmjs.org/bl set size:undefined disposed:false
3496 http fetch GET 200 https://registry.npmjs.org/postcss 33475ms (cache miss)
3497 silly packumentCache corgi:https://registry.npmjs.org/postcss set size:undefined disposed:false
3498 http fetch GET 200 https://registry.npmjs.org/@typescript-eslint%2fvisitor-keys 32995ms (cache miss)
3499 silly packumentCache corgi:https://registry.npmjs.org/@typescript-eslint%2fvisitor-keys set size:undefined disposed:false
3500 http cache https://registry.npmjs.org/on-finished/-/on-finished-2.4.1.tgz 3098ms (cache hit)
3501 http fetch GET 200 https://registry.npmjs.org/emoji-regex 32917ms (cache miss)
3502 silly packumentCache corgi:https://registry.npmjs.org/emoji-regex set size:undefined disposed:false
3503 http fetch GET 200 https://registry.npmjs.org/emoji-regex 32929ms (cache miss)
3504 silly packumentCache corgi:https://registry.npmjs.org/emoji-regex set size:undefined disposed:false
3505 http fetch GET 200 https://registry.npmjs.org/color-convert 32926ms (cache miss)
3506 silly packumentCache corgi:https://registry.npmjs.org/color-convert set size:undefined disposed:false
3507 http fetch GET 200 https://registry.npmjs.org/is-stream 32928ms (cache miss)
3508 silly packumentCache corgi:https://registry.npmjs.org/is-stream set size:undefined disposed:false
3509 http fetch GET 200 https://registry.npmjs.org/is-stream 32929ms (cache miss)
3510 silly packumentCache corgi:https://registry.npmjs.org/is-stream set size:undefined disposed:false
3511 http fetch GET 200 https://registry.npmjs.org/@netlify%2fedge-functions-bootstrap 33037ms (cache miss)
3512 silly packumentCache corgi:https://registry.npmjs.org/@netlify%2fedge-functions-bootstrap set size:undefined disposed:false
3513 http fetch GET 200 https://registry.npmjs.org/buffer 33313ms (cache miss)
3514 silly packumentCache corgi:https://registry.npmjs.org/buffer set size:undefined disposed:false
3515 http fetch GET 200 https://registry.npmjs.org/inquirer 33619ms (cache miss)
3516 silly packumentCache corgi:https://registry.npmjs.org/inquirer set size:undefined disposed:false
3517 http fetch GET 200 https://registry.npmjs.org/signal-exit 33130ms (cache miss)
3518 silly packumentCache corgi:https://registry.npmjs.org/signal-exit set size:undefined disposed:false
3519 http fetch GET 200 https://registry.npmjs.org/signal-exit 33124ms (cache miss)
3520 silly packumentCache corgi:https://registry.npmjs.org/signal-exit set size:undefined disposed:false
3521 http fetch GET 200 https://registry.npmjs.org/string_decoder 33116ms (cache miss)
3522 silly packumentCache corgi:https://registry.npmjs.org/string_decoder set size:undefined disposed:false
3523 http fetch GET 200 https://registry.npmjs.org/safe-buffer 33120ms (cache miss)
3524 silly packumentCache corgi:https://registry.npmjs.org/safe-buffer set size:undefined disposed:false
3525 http fetch GET 200 https://registry.npmjs.org/@cspotcode%2fsource-map-support 33174ms (cache miss)
3526 silly packumentCache corgi:https://registry.npmjs.org/@cspotcode%2fsource-map-support set size:undefined disposed:false
3527 http fetch GET 200 https://registry.npmjs.org/glob 33667ms (cache miss)
3528 silly packumentCache corgi:https://registry.npmjs.org/glob set size:undefined disposed:false
3529 http fetch GET 200 https://registry.npmjs.org/chokidar 33474ms (cache miss)
3530 silly packumentCache corgi:https://registry.npmjs.org/chokidar set size:undefined disposed:false
3531 http fetch GET 200 https://registry.npmjs.org/ansi-styles 33205ms (cache miss)
3532 silly packumentCache corgi:https://registry.npmjs.org/ansi-styles set size:undefined disposed:false
3533 http fetch GET 200 https://registry.npmjs.org/cron-parser 33534ms (cache miss)
3534 silly packumentCache corgi:https://registry.npmjs.org/cron-parser set size:undefined disposed:false
3535 http cache https://registry.npmjs.org/object-inspect/-/object-inspect-1.13.4.tgz 3275ms (cache hit)
3536 http cache https://registry.npmjs.org/ms/-/ms-2.1.3.tgz 3240ms (cache hit)
3537 http cache https://registry.npmjs.org/math-intrinsics/-/math-intrinsics-1.1.0.tgz 3247ms (cache hit)
3538 http fetch GET 200 https://registry.npmjs.org/is-fullwidth-code-point 33250ms (cache miss)
3539 silly packumentCache corgi:https://registry.npmjs.org/is-fullwidth-code-point set size:undefined disposed:false
3540 http fetch GET 200 https://registry.npmjs.org/isexe 33271ms (cache miss)
3541 silly packumentCache corgi:https://registry.npmjs.org/isexe set size:undefined disposed:false
3542 http fetch GET 200 https://registry.npmjs.org/commander 33654ms (cache miss)
3543 silly packumentCache corgi:https://registry.npmjs.org/commander set size:undefined disposed:false
3544 http cache https://registry.npmjs.org/minimist/-/minimist-1.2.8.tgz 3242ms (cache hit)
3545 http fetch GET 200 https://registry.npmjs.org/@fastify%2fstatic 33456ms (cache miss)
3546 silly packumentCache corgi:https://registry.npmjs.org/@fastify%2fstatic set size:undefined disposed:false
3547 http fetch GET 200 https://registry.npmjs.org/ansi-regex 33391ms (cache miss)
3548 silly packumentCache corgi:https://registry.npmjs.org/ansi-regex set size:undefined disposed:false
3549 http fetch GET 200 https://registry.npmjs.org/pathe 33410ms (cache miss)
3550 silly packumentCache corgi:https://registry.npmjs.org/pathe set size:undefined disposed:false
3551 http fetch GET 200 https://registry.npmjs.org/ansi-regex 33409ms (cache miss)
3552 silly packumentCache corgi:https://registry.npmjs.org/ansi-regex set size:undefined disposed:false
3553 http fetch GET 200 https://registry.npmjs.org/readdirp 33555ms (cache miss)
3554 silly packumentCache corgi:https://registry.npmjs.org/readdirp set size:undefined disposed:false
3555 http fetch GET 200 https://registry.npmjs.org/supports-color 33551ms (cache miss)
3556 silly packumentCache corgi:https://registry.npmjs.org/supports-color set size:undefined disposed:false
3557 http fetch GET 200 https://registry.npmjs.org/strip-ansi 33553ms (cache miss)
3558 silly packumentCache corgi:https://registry.npmjs.org/strip-ansi set size:undefined disposed:false
3559 http fetch GET 200 https://registry.npmjs.org/strip-ansi 33510ms (cache miss)
3560 silly packumentCache corgi:https://registry.npmjs.org/strip-ansi set size:undefined disposed:false
3561 http fetch GET 200 https://registry.npmjs.org/string_decoder 33519ms (cache miss)
3562 silly packumentCache corgi:https://registry.npmjs.org/string_decoder set size:undefined disposed:false
3563 http fetch GET 200 https://registry.npmjs.org/yallist 33580ms (cache miss)
3564 silly packumentCache corgi:https://registry.npmjs.org/yallist set size:undefined disposed:false
3565 http fetch GET 200 https://registry.npmjs.org/is-promise 33578ms (cache miss)
3566 silly packumentCache corgi:https://registry.npmjs.org/is-promise set size:undefined disposed:false
3567 http cache https://registry.npmjs.org/isarray/-/isarray-1.0.0.tgz 3359ms (cache hit)
3568 http cache https://registry.npmjs.org/inherits/-/inherits-2.0.4.tgz 3356ms (cache hit)
3569 http cache https://registry.npmjs.org/ipaddr.js/-/ipaddr.js-1.9.1.tgz 3338ms (cache hit)
3570 http fetch GET 200 https://registry.npmjs.org/emoji-regex 33707ms (cache miss)
3571 silly packumentCache corgi:https://registry.npmjs.org/emoji-regex set size:undefined disposed:false
3572 http fetch GET 200 https://registry.npmjs.org/safe-buffer 33649ms (cache miss)
3573 silly packumentCache corgi:https://registry.npmjs.org/safe-buffer set size:undefined disposed:false
3574 http fetch GET 200 https://registry.npmjs.org/safe-buffer 33680ms (cache miss)
3575 silly packumentCache corgi:https://registry.npmjs.org/safe-buffer set size:undefined disposed:false
3576 http fetch GET 200 https://registry.npmjs.org/commander 33811ms (cache miss)
3577 silly packumentCache corgi:https://registry.npmjs.org/commander set size:undefined disposed:false
3578 http cache https://registry.npmjs.org/ieee754/-/ieee754-1.2.1.tgz 3372ms (cache hit)
3579 http cache https://registry.npmjs.org/ini/-/ini-1.3.8.tgz 3371ms (cache hit)
3580 http fetch GET 200 https://registry.npmjs.org/acorn 34053ms (cache miss)
3581 silly packumentCache corgi:https://registry.npmjs.org/acorn set size:undefined disposed:false
3582 http cache https://registry.npmjs.org/imurmurhash/-/imurmurhash-0.1.4.tgz 3381ms (cache hit)
3583 http cache https://registry.npmjs.org/qs/-/qs-6.14.2.tgz 3376ms (cache hit)
3584 http cache https://registry.npmjs.org/node-addon-api/-/node-addon-api-7.1.1.tgz 3351ms (cache hit)
3585 http fetch GET 200 https://registry.npmjs.org/@opentelemetry%2fapi 34018ms (cache miss)
3586 silly packumentCache corgi:https://registry.npmjs.org/@opentelemetry%2fapi set size:undefined disposed:false
3587 http fetch GET 200 https://registry.npmjs.org/@netlify%2fblobs 33966ms (cache miss)
3588 silly packumentCache corgi:https://registry.npmjs.org/@netlify%2fblobs set size:undefined disposed:false
3589 http fetch GET 200 https://registry.npmjs.org/ansi-regex 33811ms (cache miss)
3590 silly packumentCache corgi:https://registry.npmjs.org/ansi-regex set size:undefined disposed:false
3591 http fetch GET 200 https://registry.npmjs.org/ansi-styles 33798ms (cache miss)
3592 silly packumentCache corgi:https://registry.npmjs.org/ansi-styles set size:undefined disposed:false
3593 http fetch GET 200 https://registry.npmjs.org/ansi-styles 33819ms (cache miss)
3594 silly packumentCache corgi:https://registry.npmjs.org/ansi-styles set size:undefined disposed:false
3595 http fetch GET 200 https://registry.npmjs.org/ansi-styles 33789ms (cache miss)
3596 silly packumentCache corgi:https://registry.npmjs.org/ansi-styles set size:undefined disposed:false
3597 http fetch GET 200 https://registry.npmjs.org/depd 33822ms (cache miss)
3598 silly packumentCache corgi:https://registry.npmjs.org/depd set size:undefined disposed:false
3599 http fetch GET 200 https://registry.npmjs.org/strip-json-comments 33867ms (cache miss)
3600 silly packumentCache corgi:https://registry.npmjs.org/strip-json-comments set size:undefined disposed:false
3601 http fetch GET 200 https://registry.npmjs.org/http-errors 33831ms (cache miss)
3602 silly packumentCache corgi:https://registry.npmjs.org/http-errors set size:undefined disposed:false
3603 http fetch GET 200 https://registry.npmjs.org/color-convert 33839ms (cache miss)
3604 silly packumentCache corgi:https://registry.npmjs.org/color-convert set size:undefined disposed:false
3605 http fetch GET 200 https://registry.npmjs.org/normalize-package-data 33881ms (cache miss)
3606 silly packumentCache corgi:https://registry.npmjs.org/normalize-package-data set size:undefined disposed:false
3607 http fetch GET 200 https://registry.npmjs.org/normalize-package-data 33893ms (cache miss)
3608 silly packumentCache corgi:https://registry.npmjs.org/normalize-package-data set size:undefined disposed:false
3609 http fetch GET 200 https://registry.npmjs.org/statuses 33848ms (cache miss)
3610 silly packumentCache corgi:https://registry.npmjs.org/statuses set size:undefined disposed:false
3611 http fetch GET 200 https://registry.npmjs.org/pump 33851ms (cache miss)
3612 silly packumentCache corgi:https://registry.npmjs.org/pump set size:undefined disposed:false
3613 http cache https://registry.npmjs.org/hasown/-/hasown-2.0.2.tgz 3521ms (cache hit)
3614 http cache https://registry.npmjs.org/has-symbols/-/has-symbols-1.1.0.tgz 3515ms (cache hit)
3615 http fetch GET 200 https://registry.npmjs.org/execa 34132ms (cache miss)
3616 silly packumentCache corgi:https://registry.npmjs.org/execa set size:undefined disposed:false
3617 http fetch GET 200 https://registry.npmjs.org/readable-stream 34151ms (cache miss)
3618 silly packumentCache corgi:https://registry.npmjs.org/readable-stream set size:undefined disposed:false
3619 http fetch GET 200 https://registry.npmjs.org/readable-stream 34158ms (cache miss)
3620 silly packumentCache corgi:https://registry.npmjs.org/readable-stream set size:undefined disposed:false
3621 http fetch GET 200 https://registry.npmjs.org/string_decoder 34138ms (cache miss)
3622 silly packumentCache corgi:https://registry.npmjs.org/string_decoder set size:undefined disposed:false
3623 http cache https://registry.npmjs.org/get-proto/-/get-proto-1.0.1.tgz 3595ms (cache hit)
3624 http cache https://registry.npmjs.org/gopd/-/gopd-1.2.0.tgz 3588ms (cache hit)
3625 http fetch GET 200 https://registry.npmjs.org/buffer 34337ms (cache miss)
3626 silly packumentCache corgi:https://registry.npmjs.org/buffer set size:undefined disposed:false
3627 http fetch GET 200 https://registry.npmjs.org/chalk 34299ms (cache miss)
3628 silly packumentCache corgi:https://registry.npmjs.org/chalk set size:undefined disposed:false
3629 http fetch GET 200 https://registry.npmjs.org/chalk 34288ms (cache miss)
3630 silly packumentCache corgi:https://registry.npmjs.org/chalk set size:undefined disposed:false
3631 http fetch GET 200 https://registry.npmjs.org/supports-color 34296ms (cache miss)
3632 silly packumentCache corgi:https://registry.npmjs.org/supports-color set size:undefined disposed:false
3633 http fetch GET 200 https://registry.npmjs.org/supports-color 34318ms (cache miss)
3634 silly packumentCache corgi:https://registry.npmjs.org/supports-color set size:undefined disposed:false
3635 http fetch GET 200 https://registry.npmjs.org/supports-color 34291ms (cache miss)
3636 silly packumentCache corgi:https://registry.npmjs.org/supports-color set size:undefined disposed:false
3637 http fetch GET 200 https://registry.npmjs.org/path-to-regexp 34379ms (cache miss)
3638 silly packumentCache corgi:https://registry.npmjs.org/path-to-regexp set size:undefined disposed:false
3639 http fetch GET 200 https://registry.npmjs.org/iconv-lite 34347ms (cache miss)
3640 silly packumentCache corgi:https://registry.npmjs.org/iconv-lite set size:undefined disposed:false
3641 http cache https://registry.npmjs.org/lodash/-/lodash-4.17.23.tgz 3656ms (cache hit)
3642 http cache https://registry.npmjs.org/forwarded/-/forwarded-0.2.0.tgz 3654ms (cache hit)
3643 http cache https://registry.npmjs.org/get-caller-file/-/get-caller-file-2.0.5.tgz 3645ms (cache hit)
3644 http fetch GET 200 https://registry.npmjs.org/color-convert 34474ms (cache miss)
3645 silly packumentCache corgi:https://registry.npmjs.org/color-convert set size:undefined disposed:false
3646 http fetch GET 200 https://registry.npmjs.org/color-convert 34491ms (cache miss)
3647 silly packumentCache corgi:https://registry.npmjs.org/color-convert set size:undefined disposed:false
3648 http fetch GET 200 https://registry.npmjs.org/color-convert 34513ms (cache miss)
3649 silly packumentCache corgi:https://registry.npmjs.org/color-convert set size:undefined disposed:false
3650 http fetch GET 200 https://registry.npmjs.org/strip-ansi 34494ms (cache miss)
3651 silly packumentCache corgi:https://registry.npmjs.org/strip-ansi set size:undefined disposed:false
3652 http fetch GET 200 https://registry.npmjs.org/is-fullwidth-code-point 34497ms (cache miss)
3653 silly packumentCache corgi:https://registry.npmjs.org/is-fullwidth-code-point set size:undefined disposed:false
3654 http fetch GET 200 https://registry.npmjs.org/picomatch 34537ms (cache miss)
3655 silly packumentCache corgi:https://registry.npmjs.org/picomatch set size:undefined disposed:false
3656 http cache https://registry.npmjs.org/graceful-fs/-/graceful-fs-4.2.11.tgz 3680ms (cache hit)
3657 http cache https://registry.npmjs.org/file-uri-to-path/-/file-uri-to-path-1.0.0.tgz 3670ms (cache hit)
3658 http cache https://registry.npmjs.org/etag/-/etag-1.8.1.tgz 3667ms (cache hit)
3659 http cache https://registry.npmjs.org/get-intrinsic/-/get-intrinsic-1.3.0.tgz 3681ms (cache hit)
3660 http cache https://registry.npmjs.org/escape-html/-/escape-html-1.0.3.tgz 3670ms (cache hit)
3661 http cache https://registry.npmjs.org/es-define-property/-/es-define-property-1.0.1.tgz 3669ms (cache hit)
3662 http cache https://registry.npmjs.org/function-bind/-/function-bind-1.1.2.tgz 3677ms (cache hit)
3663 http fetch GET 200 https://registry.npmjs.org/chokidar 34746ms (cache miss)
3664 silly packumentCache corgi:https://registry.npmjs.org/chokidar set size:undefined disposed:false
3665 http fetch GET 200 https://registry.npmjs.org/readable-stream 34749ms (cache miss)
3666 silly packumentCache corgi:https://registry.npmjs.org/readable-stream set size:undefined disposed:false
3667 http cache https://registry.npmjs.org/nanoid/-/nanoid-3.3.11.tgz 3648ms (cache hit)
3668 http fetch GET 200 https://registry.npmjs.org/pathe 34681ms (cache miss)
3669 silly packumentCache corgi:https://registry.npmjs.org/pathe set size:undefined disposed:false
3670 http fetch GET 200 https://registry.npmjs.org/ansi-styles 34660ms (cache miss)
3671 silly packumentCache corgi:https://registry.npmjs.org/ansi-styles set size:undefined disposed:false
3672 http fetch GET 200 https://registry.npmjs.org/string-width 34671ms (cache miss)
3673 silly packumentCache corgi:https://registry.npmjs.org/string-width set size:undefined disposed:false
3674 http fetch GET 200 https://registry.npmjs.org/string_decoder 34664ms (cache miss)
3675 silly packumentCache corgi:https://registry.npmjs.org/string_decoder set size:undefined disposed:false
3676 http fetch GET 200 https://registry.npmjs.org/wrap-ansi 34689ms (cache miss)
3677 silly packumentCache corgi:https://registry.npmjs.org/wrap-ansi set size:undefined disposed:false
3678 http fetch GET 200 https://registry.npmjs.org/safe-buffer 34678ms (cache miss)
3679 silly packumentCache corgi:https://registry.npmjs.org/safe-buffer set size:undefined disposed:false
3680 http fetch GET 200 https://registry.npmjs.org/tslib 34710ms (cache miss)
3681 silly packumentCache corgi:https://registry.npmjs.org/tslib set size:undefined disposed:false
3682 http cache https://registry.npmjs.org/fast-deep-equal/-/fast-deep-equal-3.1.3.tgz 3718ms (cache hit)
3683 http cache https://registry.npmjs.org/escalade/-/escalade-3.2.0.tgz 3727ms (cache hit)
3684 http cache https://registry.npmjs.org/es-object-atoms/-/es-object-atoms-1.1.1.tgz 3716ms (cache hit)
3685 http cache https://registry.npmjs.org/es-errors/-/es-errors-1.3.0.tgz 3731ms (cache hit)
3686 http fetch GET 200 https://registry.npmjs.org/commander 34956ms (cache miss)
3687 silly packumentCache corgi:https://registry.npmjs.org/commander set size:undefined disposed:false
3688 http cache https://registry.npmjs.org/magic-string/-/magic-string-0.30.21.tgz 3721ms (cache hit)
3689 http fetch GET 200 https://registry.npmjs.org/ansi-regex 34873ms (cache miss)
3690 silly packumentCache corgi:https://registry.npmjs.org/ansi-regex set size:undefined disposed:false
3691 http fetch GET 200 https://registry.npmjs.org/statuses 34863ms (cache miss)
3692 silly packumentCache corgi:https://registry.npmjs.org/statuses set size:undefined disposed:false
3693 http fetch GET 200 https://registry.npmjs.org/ansi-escapes 34880ms (cache miss)
3694 silly packumentCache corgi:https://registry.npmjs.org/ansi-escapes set size:undefined disposed:false
3695 http fetch GET 200 https://registry.npmjs.org/express 35527ms (cache miss)
3696 silly packumentCache corgi:https://registry.npmjs.org/express set size:undefined disposed:false
3697 http cache https://registry.npmjs.org/encodeurl/-/encodeurl-2.0.0.tgz 3803ms (cache hit)
3698 http cache https://registry.npmjs.org/end-of-stream/-/end-of-stream-1.4.5.tgz 3786ms (cache hit)
3699 http cache https://registry.npmjs.org/ee-first/-/ee-first-1.1.1.tgz 3804ms (cache hit)
3700 http cache https://registry.npmjs.org/dunder-proto/-/dunder-proto-1.0.1.tgz 3795ms (cache hit)
3701 http fetch GET 200 https://registry.npmjs.org/chalk 35084ms (cache miss)
3702 silly packumentCache corgi:https://registry.npmjs.org/chalk set size:undefined disposed:false
3703 http fetch GET 200 https://registry.npmjs.org/chalk 35078ms (cache miss)
3704 silly packumentCache corgi:https://registry.npmjs.org/chalk set size:undefined disposed:false
3705 http fetch GET 200 https://registry.npmjs.org/supports-color 35092ms (cache miss)
3706 silly packumentCache corgi:https://registry.npmjs.org/supports-color set size:undefined disposed:false
3707 http fetch GET 200 https://registry.npmjs.org/emoji-regex 35091ms (cache miss)
3708 silly packumentCache corgi:https://registry.npmjs.org/emoji-regex set size:undefined disposed:false
3709 http fetch GET 200 https://registry.npmjs.org/http-errors 35071ms (cache miss)
3710 silly packumentCache corgi:https://registry.npmjs.org/http-errors set size:undefined disposed:false
3711 http fetch GET 200 https://registry.npmjs.org/signal-exit 35092ms (cache miss)
3712 silly packumentCache corgi:https://registry.npmjs.org/signal-exit set size:undefined disposed:false
3713 http fetch GET 200 https://registry.npmjs.org/ini 35103ms (cache miss)
3714 silly packumentCache corgi:https://registry.npmjs.org/ini set size:undefined disposed:false
3715 http fetch GET 200 https://registry.npmjs.org/merge-descriptors 35095ms (cache miss)
3716 silly packumentCache corgi:https://registry.npmjs.org/merge-descriptors set size:undefined disposed:false
3717 http cache https://registry.npmjs.org/detect-libc/-/detect-libc-2.1.2.tgz 3854ms (cache hit)
3718 http cache https://registry.npmjs.org/core-util-is/-/core-util-is-1.0.3.tgz 3850ms (cache hit)
3719 http cache https://registry.npmjs.org/depd/-/depd-2.0.0.tgz 3863ms (cache hit)
3720 http cache https://registry.npmjs.org/content-type/-/content-type-1.0.5.tgz 3863ms (cache hit)
3721 http cache https://registry.npmjs.org/deep-extend/-/deep-extend-0.6.0.tgz 3842ms (cache hit)
3722 http fetch GET 200 https://registry.npmjs.org/readable-stream 35313ms (cache miss)
3723 silly packumentCache corgi:https://registry.npmjs.org/readable-stream set size:undefined disposed:false
3724 http fetch GET 200 https://registry.npmjs.org/is-stream 35249ms (cache miss)
3725 silly packumentCache corgi:https://registry.npmjs.org/is-stream set size:undefined disposed:false
3726 http fetch GET 200 https://registry.npmjs.org/is-stream 35230ms (cache miss)
3727 silly packumentCache corgi:https://registry.npmjs.org/is-stream set size:undefined disposed:false
3728 http fetch GET 200 https://registry.npmjs.org/is-stream 35255ms (cache miss)
3729 silly packumentCache corgi:https://registry.npmjs.org/is-stream set size:undefined disposed:false
3730 http fetch GET 200 https://registry.npmjs.org/negotiator 35283ms (cache miss)
3731 silly packumentCache corgi:https://registry.npmjs.org/negotiator set size:undefined disposed:false
3732 http fetch GET 200 https://registry.npmjs.org/fresh 35284ms (cache miss)
3733 silly packumentCache corgi:https://registry.npmjs.org/fresh set size:undefined disposed:false
3734 http fetch GET 200 https://registry.npmjs.org/media-typer 35298ms (cache miss)
3735 silly packumentCache corgi:https://registry.npmjs.org/media-typer set size:undefined disposed:false
3736 http cache https://registry.npmjs.org/color-name/-/color-name-1.1.4.tgz 3913ms (cache hit)
3737 http fetch GET 200 https://registry.npmjs.org/ansi-escapes 35471ms (cache miss)
3738 silly packumentCache corgi:https://registry.npmjs.org/ansi-escapes set size:undefined disposed:false
3739 http fetch GET 200 https://registry.npmjs.org/iconv-lite 35441ms (cache miss)
3740 silly packumentCache corgi:https://registry.npmjs.org/iconv-lite set size:undefined disposed:false
3741 http fetch GET 200 https://registry.npmjs.org/strip-ansi 35436ms (cache miss)
3742 silly packumentCache corgi:https://registry.npmjs.org/strip-ansi set size:undefined disposed:false
3743 http fetch GET 200 https://registry.npmjs.org/strip-ansi 35428ms (cache miss)
3744 silly packumentCache corgi:https://registry.npmjs.org/strip-ansi set size:undefined disposed:false
3745 http fetch GET 200 https://registry.npmjs.org/type-is 35467ms (cache miss)
3746 silly packumentCache corgi:https://registry.npmjs.org/type-is set size:undefined disposed:false
3747 http fetch GET 200 https://registry.npmjs.org/ansi-regex 35453ms (cache miss)
3748 silly packumentCache corgi:https://registry.npmjs.org/ansi-regex set size:undefined disposed:false
3749 http fetch GET 200 https://registry.npmjs.org/ansi-regex 35442ms (cache miss)
3750 silly packumentCache corgi:https://registry.npmjs.org/ansi-regex set size:undefined disposed:false
3751 http fetch GET 200 https://registry.npmjs.org/is-fullwidth-code-point 35450ms (cache miss)
3752 silly packumentCache corgi:https://registry.npmjs.org/is-fullwidth-code-point set size:undefined disposed:false
3753 http fetch GET 200 https://registry.npmjs.org/cookie-signature 35475ms (cache miss)
3754 silly packumentCache corgi:https://registry.npmjs.org/cookie-signature set size:undefined disposed:false
3755 http fetch GET 200 https://registry.npmjs.org/color-name 35462ms (cache miss)
3756 silly packumentCache corgi:https://registry.npmjs.org/color-name set size:undefined disposed:false
3757 http fetch GET 200 https://registry.npmjs.org/content-disposition 35490ms (cache miss)
3758 silly packumentCache corgi:https://registry.npmjs.org/content-disposition set size:undefined disposed:false
3759 http cache https://registry.npmjs.org/follow-redirects/-/follow-redirects-1.15.11.tgz 3989ms (cache hit)
3760 http cache https://registry.npmjs.org/fdir/-/fdir-6.5.0.tgz 3987ms (cache hit)
3761 http cache https://registry.npmjs.org/call-bind-apply-helpers/-/call-bind-apply-helpers-1.0.2.tgz 3959ms (cache hit)
3762 http cache https://registry.npmjs.org/call-bound/-/call-bound-1.0.4.tgz 3950ms (cache hit)
3763 http fetch GET 200 https://registry.npmjs.org/mime-types 35680ms (cache miss)
3764 silly packumentCache corgi:https://registry.npmjs.org/mime-types set size:undefined disposed:false
3765 http fetch GET 200 https://registry.npmjs.org/wrap-ansi 35661ms (cache miss)
3766 silly packumentCache corgi:https://registry.npmjs.org/wrap-ansi set size:undefined disposed:false
3767 http fetch GET 200 https://registry.npmjs.org/finalhandler 35689ms (cache miss)
3768 silly packumentCache corgi:https://registry.npmjs.org/finalhandler set size:undefined disposed:false
3769 http fetch GET 200 https://registry.npmjs.org/cookie 35692ms (cache miss)
3770 silly packumentCache corgi:https://registry.npmjs.org/cookie set size:undefined disposed:false
3771 http cache https://registry.npmjs.org/bytes/-/bytes-3.1.2.tgz 3990ms (cache hit)
3772 http cache https://registry.npmjs.org/deepmerge/-/deepmerge-4.3.1.tgz 3988ms (cache hit)
3773 http fetch GET 200 https://registry.npmjs.org/readable-stream 35903ms (cache miss)
3774 silly packumentCache corgi:https://registry.npmjs.org/readable-stream set size:undefined disposed:false
3775 http fetch GET 200 https://registry.npmjs.org/string-width 35828ms (cache miss)
3776 silly packumentCache corgi:https://registry.npmjs.org/string-width set size:undefined disposed:false
3777 http fetch GET 200 https://registry.npmjs.org/string-width 35851ms (cache miss)
3778 silly packumentCache corgi:https://registry.npmjs.org/string-width set size:undefined disposed:false
3779 http fetch GET 200 https://registry.npmjs.org/signal-exit 35793ms (cache miss)
3780 silly packumentCache corgi:https://registry.npmjs.org/signal-exit set size:undefined disposed:false
3781 http fetch GET 200 https://registry.npmjs.org/dot-prop 35866ms (cache miss)
3782 silly packumentCache corgi:https://registry.npmjs.org/dot-prop set size:undefined disposed:false
3783 http fetch GET 200 https://registry.npmjs.org/signal-exit 35859ms (cache miss)
3784 silly packumentCache corgi:https://registry.npmjs.org/signal-exit set size:undefined disposed:false
3785 http fetch GET 200 https://registry.npmjs.org/ansi-styles 35866ms (cache miss)
3786 silly packumentCache corgi:https://registry.npmjs.org/ansi-styles set size:undefined disposed:false
3787 http fetch GET 200 https://registry.npmjs.org/ansi-styles 35860ms (cache miss)
3788 silly packumentCache corgi:https://registry.npmjs.org/ansi-styles set size:undefined disposed:false
3789 http fetch GET 200 https://registry.npmjs.org/serve-static 35910ms (cache miss)
3790 silly packumentCache corgi:https://registry.npmjs.org/serve-static set size:undefined disposed:false
3791 http cache https://registry.npmjs.org/balanced-match/-/balanced-match-1.0.2.tgz 4070ms (cache hit)
3792 http cache https://registry.npmjs.org/bindings/-/bindings-1.5.0.tgz 4068ms (cache hit)
3793 http fetch GET 200 https://registry.npmjs.org/dotenv 36117ms (cache miss)
3794 silly packumentCache corgi:https://registry.npmjs.org/dotenv set size:undefined disposed:false
3795 http fetch GET 200 https://registry.npmjs.org/send 36083ms (cache miss)
3796 silly packumentCache corgi:https://registry.npmjs.org/send set size:undefined disposed:false
3797 http fetch GET 200 https://registry.npmjs.org/strip-ansi 36044ms (cache miss)
3798 silly packumentCache corgi:https://registry.npmjs.org/strip-ansi set size:undefined disposed:false
3799 http fetch GET 200 https://registry.npmjs.org/mdn-data 36074ms (cache miss)
3800 silly packumentCache corgi:https://registry.npmjs.org/mdn-data set size:undefined disposed:false
3801 http fetch GET 200 https://registry.npmjs.org/is-fullwidth-code-point 36051ms (cache miss)
3802 silly packumentCache corgi:https://registry.npmjs.org/is-fullwidth-code-point set size:undefined disposed:false
3803 http fetch GET 200 https://registry.npmjs.org/is-stream 36008ms (cache miss)
3804 silly packumentCache corgi:https://registry.npmjs.org/is-stream set size:undefined disposed:false
3805 http fetch GET 200 https://registry.npmjs.org/accepts 36092ms (cache miss)
3806 silly packumentCache corgi:https://registry.npmjs.org/accepts set size:undefined disposed:false
3807 http fetch GET 200 https://registry.npmjs.org/is-stream 36007ms (cache miss)
3808 silly packumentCache corgi:https://registry.npmjs.org/is-stream set size:undefined disposed:false
3809 http fetch GET 200 https://registry.npmjs.org/is-stream 36069ms (cache miss)
3810 silly packumentCache corgi:https://registry.npmjs.org/is-stream set size:undefined disposed:false
3811 http cache https://registry.npmjs.org/is-fullwidth-code-point/-/is-fullwidth-code-point-3.0.0.tgz 4144ms (cache hit)
3812 http cache https://registry.npmjs.org/is-fullwidth-code-point/-/is-fullwidth-code-point-3.0.0.tgz 4150ms (cache hit)
3813 http cache https://registry.npmjs.org/base64-js/-/base64-js-1.5.1.tgz 4111ms (cache hit)
3814 http fetch GET 200 https://registry.npmjs.org/commander 36336ms (cache miss)
3815 silly packumentCache corgi:https://registry.npmjs.org/commander set size:undefined disposed:false
3816 http fetch GET 200 https://registry.npmjs.org/lru-cache 36435ms (cache miss)
3817 silly packumentCache corgi:https://registry.npmjs.org/lru-cache set size:undefined disposed:false
3818 http fetch GET 200 https://registry.npmjs.org/mime-types 36226ms (cache miss)
3819 silly packumentCache corgi:https://registry.npmjs.org/mime-types set size:undefined disposed:false
3820 http fetch GET 200 https://registry.npmjs.org/supports-color 36284ms (cache miss)
3821 silly packumentCache corgi:https://registry.npmjs.org/supports-color set size:undefined disposed:false
3822 http fetch GET 200 https://registry.npmjs.org/mime-db 36328ms (cache miss)
3823 silly packumentCache corgi:https://registry.npmjs.org/mime-db set size:undefined disposed:false
3824 http fetch GET 200 https://registry.npmjs.org/css-tree 36315ms (cache miss)
3825 silly packumentCache corgi:https://registry.npmjs.org/css-tree set size:undefined disposed:false
3826 http fetch GET 200 https://registry.npmjs.org/emoji-regex 36312ms (cache miss)
3827 silly packumentCache corgi:https://registry.npmjs.org/emoji-regex set size:undefined disposed:false
3828 http fetch GET 200 https://registry.npmjs.org/emoji-regex 36298ms (cache miss)
3829 silly packumentCache corgi:https://registry.npmjs.org/emoji-regex set size:undefined disposed:false
3830 http fetch GET 200 https://registry.npmjs.org/color-convert 36309ms (cache miss)
3831 silly packumentCache corgi:https://registry.npmjs.org/color-convert set size:undefined disposed:false
3832 http fetch GET 200 https://registry.npmjs.org/color-convert 36324ms (cache miss)
3833 silly packumentCache corgi:https://registry.npmjs.org/color-convert set size:undefined disposed:false
3834 http fetch GET 200 https://registry.npmjs.org/ansi-regex 36315ms (cache miss)
3835 silly packumentCache corgi:https://registry.npmjs.org/ansi-regex set size:undefined disposed:false
3836 http fetch GET 200 https://registry.npmjs.org/detect-libc 36315ms (cache miss)
3837 silly packumentCache corgi:https://registry.npmjs.org/detect-libc set size:undefined disposed:false
3838 http cache https://registry.npmjs.org/debug/-/debug-4.4.3.tgz 4233ms (cache hit)
3839 http cache https://registry.npmjs.org/strip-ansi/-/strip-ansi-6.0.1.tgz 4170ms (cache hit)
3840 http cache https://registry.npmjs.org/strip-ansi/-/strip-ansi-6.0.1.tgz 4167ms (cache hit)
3841 http fetch GET 200 https://registry.npmjs.org/readable-stream 36544ms (cache miss)
3842 silly packumentCache corgi:https://registry.npmjs.org/readable-stream set size:undefined disposed:false
3843 http fetch GET 200 https://registry.npmjs.org/body-parser 36534ms (cache miss)
3844 silly packumentCache corgi:https://registry.npmjs.org/body-parser set size:undefined disposed:false
3845 http fetch GET 200 https://registry.npmjs.org/picomatch 36508ms (cache miss)
3846 silly packumentCache corgi:https://registry.npmjs.org/picomatch set size:undefined disposed:false
3847 http fetch GET 200 https://registry.npmjs.org/signal-exit 36463ms (cache miss)
3848 silly packumentCache corgi:https://registry.npmjs.org/signal-exit set size:undefined disposed:false
3849 http fetch GET 200 https://registry.npmjs.org/@netlify%2fedge-functions-bootstrap 36457ms (cache miss)
3850 silly packumentCache corgi:https://registry.npmjs.org/@netlify%2fedge-functions-bootstrap set size:undefined disposed:false
3851 http fetch GET 200 https://registry.npmjs.org/read-package-up 36467ms (cache miss)
3852 silly packumentCache corgi:https://registry.npmjs.org/read-package-up set size:undefined disposed:false
3853 http cache https://registry.npmjs.org/string-width/-/string-width-4.2.3.tgz 4190ms (cache hit)
3854 http cache https://registry.npmjs.org/string-width/-/string-width-4.2.3.tgz 4197ms (cache hit)
3855 http fetch GET 200 https://registry.npmjs.org/chalk 36687ms (cache miss)
3856 silly packumentCache corgi:https://registry.npmjs.org/chalk set size:undefined disposed:false
3857 http fetch GET 200 https://registry.npmjs.org/wrap-ansi 36561ms (cache miss)
3858 silly packumentCache corgi:https://registry.npmjs.org/wrap-ansi set size:undefined disposed:false
3859 http fetch GET 200 https://registry.npmjs.org/string-width 36565ms (cache miss)
3860 silly packumentCache corgi:https://registry.npmjs.org/string-width set size:undefined disposed:false
3861 http fetch GET 200 https://registry.npmjs.org/graceful-fs 36693ms (cache miss)
3862 silly packumentCache corgi:https://registry.npmjs.org/graceful-fs set size:undefined disposed:false
3863 http fetch GET 200 https://registry.npmjs.org/content-disposition 36570ms (cache miss)
3864 silly packumentCache corgi:https://registry.npmjs.org/content-disposition set size:undefined disposed:false
3865 http fetch GET 200 https://registry.npmjs.org/get-port 36648ms (cache miss)
3866 silly packumentCache corgi:https://registry.npmjs.org/get-port set size:undefined disposed:false
3867 http cache https://registry.npmjs.org/ansi-regex/-/ansi-regex-5.0.1.tgz 4314ms (cache hit)
3868 http cache https://registry.npmjs.org/ansi-regex/-/ansi-regex-5.0.1.tgz 4312ms (cache hit)
3869 http cache https://registry.npmjs.org/bl/-/bl-4.1.0.tgz 4311ms (cache hit)
3870 http cache https://registry.npmjs.org/postcss/-/postcss-8.5.6.tgz 4295ms (cache hit)
3871 http cache https://registry.npmjs.org/emoji-regex/-/emoji-regex-8.0.0.tgz 4179ms (cache hit)
3872 http cache https://registry.npmjs.org/emoji-regex/-/emoji-regex-8.0.0.tgz 4176ms (cache hit)
3873 http cache https://registry.npmjs.org/color-convert/-/color-convert-2.0.1.tgz 4176ms (cache hit)
3874 http fetch GET 200 https://registry.npmjs.org/lru-cache 37070ms (cache miss)
3875 silly packumentCache corgi:https://registry.npmjs.org/lru-cache set size:undefined disposed:false
3876 http fetch GET 200 https://registry.npmjs.org/lru-cache 37071ms (cache miss)
3877 silly packumentCache corgi:https://registry.npmjs.org/lru-cache set size:undefined disposed:false
3878 http cache https://registry.npmjs.org/is-stream/-/is-stream-3.0.0.tgz 4184ms (cache hit)
3879 http fetch GET 200 https://registry.npmjs.org/lru-cache 37054ms (cache miss)
3880 silly packumentCache corgi:https://registry.npmjs.org/lru-cache set size:undefined disposed:false
3881 http fetch GET 200 https://registry.npmjs.org/lru-cache 37005ms (cache miss)
3882 silly packumentCache corgi:https://registry.npmjs.org/lru-cache set size:undefined disposed:false
3883 http fetch GET 200 https://registry.npmjs.org/mime-db 36915ms (cache miss)
3884 silly packumentCache corgi:https://registry.npmjs.org/mime-db set size:undefined disposed:false
3885 http fetch GET 200 https://registry.npmjs.org/execa 36972ms (cache miss)
3886 silly packumentCache corgi:https://registry.npmjs.org/execa set size:undefined disposed:false
3887 http fetch GET 200 https://registry.npmjs.org/yocto-queue/-/yocto-queue-1.2.2.tgz 32820ms (cache miss)
3888 http fetch GET 200 https://registry.npmjs.org/xtend/-/xtend-4.0.2.tgz 32836ms (cache miss)
3889 http fetch GET 200 https://registry.npmjs.org/@img%2fsharp-libvips-darwin-arm64 37228ms (cache miss)
3890 silly packumentCache corgi:https://registry.npmjs.org/@img%2fsharp-libvips-darwin-arm64 set size:undefined disposed:false
3891 http fetch GET 200 https://registry.npmjs.org/webidl-conversions/-/webidl-conversions-3.0.1.tgz 32673ms (cache miss)
3892 http fetch GET 200 https://registry.npmjs.org/validate-npm-package-name/-/validate-npm-package-name-5.0.1.tgz 32600ms (cache miss)
3893 http cache https://registry.npmjs.org/buffer/-/buffer-5.7.1.tgz 4221ms (cache hit)
3894 http cache https://registry.npmjs.org/signal-exit/-/signal-exit-4.1.0.tgz 4196ms (cache hit)
3895 http cache https://registry.npmjs.org/signal-exit/-/signal-exit-4.1.0.tgz 4202ms (cache hit)
3896 http cache https://registry.npmjs.org/safe-buffer/-/safe-buffer-5.1.2.tgz 4200ms (cache hit)
3897 http cache https://registry.npmjs.org/string_decoder/-/string_decoder-1.1.1.tgz 4212ms (cache hit)
3898 http fetch GET 200 https://registry.npmjs.org/emoji-regex 37033ms (cache miss)
3899 silly packumentCache corgi:https://registry.npmjs.org/emoji-regex set size:undefined disposed:false
3900 http fetch GET 200 https://registry.npmjs.org/wcwidth/-/wcwidth-1.0.1.tgz 32844ms (cache miss)
3901 http fetch GET 200 https://registry.npmjs.org/yn/-/yn-3.1.1.tgz 33018ms (cache miss)
3902 http fetch GET 200 https://registry.npmjs.org/universal-user-agent/-/universal-user-agent-7.0.3.tgz 32668ms (cache miss)
3903 http fetch GET 200 https://registry.npmjs.org/validate-npm-package-license/-/validate-npm-package-license-3.0.4.tgz 32856ms (cache miss)
3904 http fetch GET 200 https://registry.npmjs.org/yauzl/-/yauzl-2.10.0.tgz 32912ms (cache miss)
3905 http fetch GET 200 https://registry.npmjs.org/untildify/-/untildify-4.0.0.tgz 32736ms (cache miss)
3906 http fetch GET 200 https://registry.npmjs.org/zip-stream/-/zip-stream-6.0.1.tgz 32784ms (cache miss)
3907 http fetch GET 200 https://registry.npmjs.org/untun/-/untun-0.1.3.tgz 32701ms (cache miss)
3908 http fetch GET 200 https://registry.npmjs.org/ipaddr.js 37045ms (cache miss)
3909 silly packumentCache corgi:https://registry.npmjs.org/ipaddr.js set size:undefined disposed:false
3910 http cache https://registry.npmjs.org/ansi-styles/-/ansi-styles-4.3.0.tgz 4268ms (cache hit)
3911 http cache https://registry.npmjs.org/is-fullwidth-code-point/-/is-fullwidth-code-point-3.0.0.tgz 4244ms (cache hit)
3912 http cache https://registry.npmjs.org/isexe/-/isexe-2.0.0.tgz 4250ms (cache hit)
3913 http fetch GET 200 https://registry.npmjs.org/readable-stream 37359ms (cache miss)
3914 silly packumentCache corgi:https://registry.npmjs.org/readable-stream set size:undefined disposed:false
3915 http fetch GET 200 https://registry.npmjs.org/iconv-lite 37230ms (cache miss)
3916 silly packumentCache corgi:https://registry.npmjs.org/iconv-lite set size:undefined disposed:false
3917 http fetch GET 200 https://registry.npmjs.org/v8-compile-cache-lib/-/v8-compile-cache-lib-3.0.1.tgz 33038ms (cache miss)
3918 http fetch GET 200 https://registry.npmjs.org/clean-stack 37854ms (cache miss)
3919 silly packumentCache corgi:https://registry.npmjs.org/clean-stack set size:undefined disposed:false
3920 http fetch GET 200 https://registry.npmjs.org/uqr/-/uqr-0.1.2.tgz 32900ms (cache miss)
3921 http fetch GET 200 https://registry.npmjs.org/wsl-utils/-/wsl-utils-0.3.1.tgz 32820ms (cache miss)
3922 http fetch GET 200 https://registry.npmjs.org/unicorn-magic/-/unicorn-magic-0.1.0.tgz 32790ms (cache miss)
3923 http fetch GET 200 https://registry.npmjs.org/xdg-basedir/-/xdg-basedir-5.1.0.tgz 32694ms (cache miss)
3924 http fetch GET 200 https://registry.npmjs.org/uncrypto/-/uncrypto-0.1.3.tgz 32788ms (cache miss)
3925 http fetch GET 200 https://registry.npmjs.org/unixify/-/unixify-1.0.0.tgz 32787ms (cache miss)
3926 http cache https://registry.npmjs.org/ansi-regex/-/ansi-regex-5.0.1.tgz 4321ms (cache hit)
3927 http cache https://registry.npmjs.org/ansi-regex/-/ansi-regex-5.0.1.tgz 4321ms (cache hit)
3928 http fetch GET 200 https://registry.npmjs.org/execa 37525ms (cache miss)
3929 silly packumentCache corgi:https://registry.npmjs.org/execa set size:undefined disposed:false
3930 http fetch GET 200 https://registry.npmjs.org/execa 37523ms (cache miss)
3931 silly packumentCache corgi:https://registry.npmjs.org/execa set size:undefined disposed:false
3932 http fetch GET 200 https://registry.npmjs.org/xss/-/xss-1.0.15.tgz 33141ms (cache miss)
3933 http fetch GET 200 https://registry.npmjs.org/unix-dgram/-/unix-dgram-2.0.7.tgz 33003ms (cache miss)
3934 http fetch GET 200 https://registry.npmjs.org/when-exit/-/when-exit-2.1.4.tgz 32877ms (cache miss)
3935 http fetch GET 200 https://registry.npmjs.org/text-hex/-/text-hex-1.0.0.tgz 32797ms (cache miss)
3936 http fetch GET 200 https://registry.npmjs.org/widest-line/-/widest-line-5.0.0.tgz 32756ms (cache miss)
3937 http fetch GET 200 https://registry.npmjs.org/through/-/through-2.3.8.tgz 32811ms (cache miss)
3938 http fetch GET 200 https://registry.npmjs.org/triple-beam/-/triple-beam-1.4.1.tgz 32923ms (cache miss)
3939 http cache https://registry.npmjs.org/strip-ansi/-/strip-ansi-6.0.1.tgz 4351ms (cache hit)
3940 http cache https://registry.npmjs.org/strip-ansi/-/strip-ansi-6.0.1.tgz 4350ms (cache hit)
3941 http cache https://registry.npmjs.org/string_decoder/-/string_decoder-1.1.1.tgz 4345ms (cache hit)
3942 http cache https://registry.npmjs.org/is-promise/-/is-promise-4.0.0.tgz 4357ms (cache hit)
3943 http fetch GET 200 https://registry.npmjs.org/urlpattern-polyfill/-/urlpattern-polyfill-8.0.2.tgz 33167ms (cache miss)
3944 http fetch GET 200 https://registry.npmjs.org/to-regex-range/-/to-regex-range-5.0.1.tgz 32993ms (cache miss)
3945 http fetch GET 200 https://registry.npmjs.org/through2/-/through2-2.0.5.tgz 32931ms (cache miss)
3946 http fetch GET 200 https://registry.npmjs.org/strip-final-newline/-/strip-final-newline-2.0.0.tgz 32930ms (cache miss)
3947 http fetch GET 200 https://registry.npmjs.org/tagged-tag/-/tagged-tag-1.0.0.tgz 32919ms (cache miss)
3948 http fetch GET 200 https://registry.npmjs.org/supports-preserve-symlinks-flag/-/supports-preserve-symlinks-flag-1.0.0.tgz 32868ms (cache miss)
3949 http fetch GET 200 https://registry.npmjs.org/system-architecture/-/system-architecture-0.1.0.tgz 32862ms (cache miss)
3950 http fetch GET 200 https://registry.npmjs.org/text-decoder/-/text-decoder-1.2.3.tgz 33000ms (cache miss)
3951 http cache https://registry.npmjs.org/emoji-regex/-/emoji-regex-8.0.0.tgz 4378ms (cache hit)
3952 http cache https://registry.npmjs.org/safe-buffer/-/safe-buffer-5.1.2.tgz 4378ms (cache hit)
3953 http cache https://registry.npmjs.org/safe-buffer/-/safe-buffer-5.1.2.tgz 4377ms (cache hit)
3954 http fetch GET 200 https://registry.npmjs.org/tmp-promise/-/tmp-promise-3.0.3.tgz 33112ms (cache miss)
3955 http fetch GET 200 https://registry.npmjs.org/uid-safe/-/uid-safe-2.1.5.tgz 33036ms (cache miss)
3956 http fetch GET 200 https://registry.npmjs.org/supports-hyperlinks/-/supports-hyperlinks-3.2.0.tgz 32775ms (cache miss)
3957 http fetch GET 200 https://registry.npmjs.org/shebang-regex/-/shebang-regex-3.0.0.tgz 32822ms (cache miss)
3958 http fetch GET 200 https://registry.npmjs.org/spdx-expression-parse/-/spdx-expression-parse-3.0.1.tgz 32771ms (cache miss)
3959 http fetch GET 200 https://registry.npmjs.org/@jridgewell%2ftrace-mapping 37832ms (cache miss)
3960 silly packumentCache corgi:https://registry.npmjs.org/@jridgewell%2ftrace-mapping set size:undefined disposed:false
3961 http fetch GET 200 https://registry.npmjs.org/std-env/-/std-env-3.9.0.tgz 32920ms (cache miss)
3962 http fetch GET 200 https://registry.npmjs.org/toad-cache/-/toad-cache-3.7.0.tgz 32994ms (cache miss)
3963 http fetch GET 200 https://registry.npmjs.org/stack-trace/-/stack-trace-0.0.10.tgz 33043ms (cache miss)
3964 http fetch GET 200 https://registry.npmjs.org/stubborn-fs/-/stubborn-fs-1.2.5.tgz 32854ms (cache miss)
3965 http fetch GET 200 https://registry.npmjs.org/simple-swizzle/-/simple-swizzle-0.2.4.tgz 32850ms (cache miss)
3966 http fetch GET 200 https://registry.npmjs.org/@netlify/local-functions-proxy-linux-ia32/-/local-functions-proxy-linux-ia32-1.1.1.tgz 36997ms (cache miss)
3967 http cache https://registry.npmjs.org/ansi-regex/-/ansi-regex-5.0.1.tgz 4415ms (cache hit)
3968 http cache https://registry.npmjs.org/ansi-styles/-/ansi-styles-4.3.0.tgz 4413ms (cache hit)
3969 http cache https://registry.npmjs.org/ansi-styles/-/ansi-styles-4.3.0.tgz 4412ms (cache hit)
3970 http cache https://registry.npmjs.org/ansi-styles/-/ansi-styles-4.3.0.tgz 4409ms (cache hit)
3971 http cache https://registry.npmjs.org/color-convert/-/color-convert-2.0.1.tgz 4397ms (cache hit)
3972 http cache https://registry.npmjs.org/strip-json-comments/-/strip-json-comments-2.0.1.tgz 4417ms (cache hit)
3973 http fetch GET 200 https://registry.npmjs.org/@opentelemetry%2fapi 38090ms (cache miss)
3974 silly packumentCache corgi:https://registry.npmjs.org/@opentelemetry%2fapi set size:undefined disposed:false
3975 http fetch GET 200 https://registry.npmjs.org/node-fetch 38026ms (cache miss)
3976 silly packumentCache corgi:https://registry.npmjs.org/node-fetch set size:undefined disposed:false
3977 http fetch GET 200 https://registry.npmjs.org/undici-types/-/undici-types-6.21.0.tgz 33315ms (cache miss)
3978 http fetch GET 200 https://registry.npmjs.org/ufo/-/ufo-1.6.3.tgz 33042ms (cache miss)
3979 http fetch GET 200 https://registry.npmjs.org/slash/-/slash-5.1.0.tgz 33026ms (cache miss)
3980 http fetch GET 200 https://registry.npmjs.org/tmp/-/tmp-0.2.5.tgz 32894ms (cache miss)
3981 http fetch GET 200 https://registry.npmjs.org/windows-release/-/windows-release-6.1.0.tgz 32906ms (cache miss)
3982 http fetch GET 200 https://registry.npmjs.org/shebang-command/-/shebang-command-2.0.0.tgz 32963ms (cache miss)
3983 http cache https://registry.npmjs.org/execa/-/execa-8.0.1.tgz 4349ms (cache hit)
3984 http cache https://registry.npmjs.org/readable-stream/-/readable-stream-3.6.2.tgz 4294ms (cache hit)
3985 http cache https://registry.npmjs.org/readable-stream/-/readable-stream-3.6.2.tgz 4349ms (cache hit)
3986 http cache https://registry.npmjs.org/string_decoder/-/string_decoder-1.1.1.tgz 4268ms (cache hit)
3987 http fetch GET 200 https://registry.npmjs.org/run-parallel/-/run-parallel-1.2.0.tgz 33057ms (cache miss)
3988 http fetch GET 200 https://registry.npmjs.org/run-async/-/run-async-2.4.1.tgz 33054ms (cache miss)
3989 http fetch GET 200 https://registry.npmjs.org/resolve-from/-/resolve-from-5.0.0.tgz 33039ms (cache miss)
3990 http fetch GET 200 https://registry.npmjs.org/thread-stream/-/thread-stream-3.1.0.tgz 33081ms (cache miss)
3991 http fetch GET 200 https://registry.npmjs.org/safe-json-stringify/-/safe-json-stringify-1.2.0.tgz 33049ms (cache miss)
3992 http fetch GET 200 https://registry.npmjs.org/spdx-exceptions/-/spdx-exceptions-2.5.0.tgz 33075ms (cache miss)
3993 http fetch GET 200 https://registry.npmjs.org/require-from-string/-/require-from-string-2.0.2.tgz 33119ms (cache miss)
3994 http fetch GET 200 https://registry.npmjs.org/@netlify/local-functions-proxy-linux-arm/-/local-functions-proxy-linux-arm-1.1.1.tgz 37371ms (cache miss)
3995 http cache https://registry.npmjs.org/path-to-regexp/-/path-to-regexp-8.3.0.tgz 4295ms (cache hit)
3996 http fetch GET 200 https://registry.npmjs.org/safe-regex2/-/safe-regex2-5.0.0.tgz 33223ms (cache miss)
3997 http fetch GET 200 https://registry.npmjs.org/streamx/-/streamx-2.23.0.tgz 33151ms (cache miss)
3998 http fetch GET 200 https://registry.npmjs.org/rfdc/-/rfdc-1.4.1.tgz 33108ms (cache miss)
3999 http fetch GET 200 https://registry.npmjs.org/split2/-/split2-1.1.1.tgz 33143ms (cache miss)
4000 http fetch GET 200 https://registry.npmjs.org/slashes/-/slashes-3.0.12.tgz 33138ms (cache miss)
4001 http fetch GET 200 https://registry.npmjs.org/set-error-message/-/set-error-message-2.0.1.tgz 33127ms (cache miss)
4002 http fetch GET 200 https://registry.npmjs.org/winston-transport/-/winston-transport-4.9.0.tgz 33241ms (cache miss)
4003 http cache https://registry.npmjs.org/color-convert/-/color-convert-2.0.1.tgz 4252ms (cache hit)
4004 http cache https://registry.npmjs.org/color-convert/-/color-convert-2.0.1.tgz 4250ms (cache hit)
4005 http cache https://registry.npmjs.org/strip-ansi/-/strip-ansi-6.0.1.tgz 4247ms (cache hit)
4006 http cache https://registry.npmjs.org/color-convert/-/color-convert-2.0.1.tgz 4263ms (cache hit)
4007 http cache https://registry.npmjs.org/is-fullwidth-code-point/-/is-fullwidth-code-point-3.0.0.tgz 4247ms (cache hit)
4008 http fetch GET 200 https://registry.npmjs.org/reusify/-/reusify-1.1.0.tgz 33284ms (cache miss)
4009 http fetch GET 200 https://registry.npmjs.org/set-cookie-parser/-/set-cookie-parser-2.7.1.tgz 33319ms (cache miss)
4010 http fetch GET 200 https://registry.npmjs.org/spdx-license-ids/-/spdx-license-ids-3.0.22.tgz 33275ms (cache miss)
4011 http fetch GET 200 https://registry.npmjs.org/ret/-/ret-0.5.0.tgz 33293ms (cache miss)
4012 http fetch GET 200 https://registry.npmjs.org/remove-trailing-separator/-/remove-trailing-separator-1.1.0.tgz 33241ms (cache miss)
4013 http fetch GET 200 https://registry.npmjs.org/run-applescript/-/run-applescript-7.1.0.tgz 33273ms (cache miss)
4014 http fetch GET 200 https://registry.npmjs.org/readdir-glob/-/readdir-glob-1.1.3.tgz 33247ms (cache miss)
4015 http fetch GET 200 https://registry.npmjs.org/restore-cursor/-/restore-cursor-3.1.0.tgz 33257ms (cache miss)
4016 http fetch GET 200 https://registry.npmjs.org/spdx-correct/-/spdx-correct-3.2.0.tgz 33188ms (cache miss)
4017 http cache https://registry.npmjs.org/ansi-styles/-/ansi-styles-4.3.0.tgz 4249ms (cache hit)
4018 http cache https://registry.npmjs.org/string-width/-/string-width-4.2.3.tgz 4247ms (cache hit)
4019 http cache https://registry.npmjs.org/readable-stream/-/readable-stream-2.3.8.tgz 4270ms (cache hit)
4020 http cache https://registry.npmjs.org/string_decoder/-/string_decoder-1.1.1.tgz 4250ms (cache hit)
4021 http cache https://registry.npmjs.org/safe-buffer/-/safe-buffer-5.1.2.tgz 4240ms (cache hit)
4022 http fetch GET 200 https://registry.npmjs.org/tr46/-/tr46-0.0.3.tgz 33621ms (cache miss)
4023 http fetch GET 200 https://registry.npmjs.org/random-bytes/-/random-bytes-1.0.0.tgz 33325ms (cache miss)
4024 http fetch GET 200 https://registry.npmjs.org/registry-url/-/registry-url-6.0.1.tgz 33322ms (cache miss)
4025 http fetch GET 200 https://registry.npmjs.org/require-in-the-middle/-/require-in-the-middle-7.5.2.tgz 33339ms (cache miss)
4026 http fetch GET 200 https://registry.npmjs.org/registry-auth-token/-/registry-auth-token-5.1.0.tgz 33335ms (cache miss)
4027 http fetch GET 200 https://registry.npmjs.org/require-package-name/-/require-package-name-2.0.1.tgz 33322ms (cache miss)
4028 http fetch GET 200 https://registry.npmjs.org/proto-list/-/proto-list-1.2.4.tgz 33266ms (cache miss)
4029 http fetch GET 200 https://registry.npmjs.org/stackframe/-/stackframe-1.3.4.tgz 33283ms (cache miss)
4030 http cache https://registry.npmjs.org/ansi-regex/-/ansi-regex-5.0.1.tgz 4249ms (cache hit)
4031 http cache https://registry.npmjs.org/statuses/-/statuses-2.0.2.tgz 4258ms (cache hit)
4032 http fetch GET 200 https://registry.npmjs.org/stack-generator/-/stack-generator-2.0.10.tgz 33547ms (cache miss)
4033 http fetch GET 200 https://registry.npmjs.org/real-require/-/real-require-0.2.0.tgz 33450ms (cache miss)
4034 http fetch GET 200 https://registry.npmjs.org/safe-stable-stringify/-/safe-stable-stringify-2.5.0.tgz 33325ms (cache miss)
4035 http fetch GET 200 https://registry.npmjs.org/read-pkg/-/read-pkg-9.0.1.tgz 33463ms (cache miss)
4036 http fetch GET 200 https://registry.npmjs.org/quote-unquote/-/quote-unquote-1.0.0.tgz 33368ms (cache miss)
4037 http fetch GET 200 https://registry.npmjs.org/secure-json-parse/-/secure-json-parse-4.1.0.tgz 33388ms (cache miss)
4038 http cache https://registry.npmjs.org/express/-/express-5.2.1.tgz 4260ms (cache hit)
4039 http cache https://registry.npmjs.org/emoji-regex/-/emoji-regex-8.0.0.tgz 4210ms (cache hit)
4040 http cache https://registry.npmjs.org/signal-exit/-/signal-exit-4.1.0.tgz 4204ms (cache hit)
4041 http cache https://registry.npmjs.org/http-errors/-/http-errors-2.0.1.tgz 4224ms (cache hit)
4042 http cache https://registry.npmjs.org/merge-descriptors/-/merge-descriptors-2.0.0.tgz 4233ms (cache hit)
4043 http fetch GET 200 https://registry.npmjs.org/process/-/process-0.11.10.tgz 33653ms (cache miss)
4044 http fetch GET 200 https://registry.npmjs.org/quick-format-unescaped/-/quick-format-unescaped-4.0.4.tgz 33505ms (cache miss)
4045 http fetch GET 200 https://registry.npmjs.org/pend/-/pend-1.2.0.tgz 33510ms (cache miss)
4046 http fetch GET 200 https://registry.npmjs.org/pretty-ms/-/pretty-ms-9.3.0.tgz 33495ms (cache miss)
4047 http fetch GET 200 https://registry.npmjs.org/radix3/-/radix3-1.1.2.tgz 33381ms (cache miss)
4048 http fetch GET 200 https://registry.npmjs.org/powershell-utils/-/powershell-utils-0.1.0.tgz 33378ms (cache miss)
4049 http fetch GET 200 https://registry.npmjs.org/path-type/-/path-type-6.0.0.tgz 33507ms (cache miss)
4050 http cache https://registry.npmjs.org/readable-stream/-/readable-stream-2.3.8.tgz 4212ms (cache hit)
4051 http cache https://registry.npmjs.org/is-stream/-/is-stream-3.0.0.tgz 4195ms (cache hit)
4052 http fetch GET 200 https://registry.npmjs.org/lru-cache 39423ms (cache miss)
4053 silly packumentCache corgi:https://registry.npmjs.org/lru-cache set size:undefined disposed:false
4054 http fetch GET 200 https://registry.npmjs.org/glob 39432ms (cache miss)
4055 silly packumentCache corgi:https://registry.npmjs.org/glob set size:undefined disposed:false
4056 http cache https://registry.npmjs.org/negotiator/-/negotiator-1.0.0.tgz 4344ms (cache hit)
4057 http cache https://registry.npmjs.org/fresh/-/fresh-2.0.0.tgz 4339ms (cache hit)
4058 http cache https://registry.npmjs.org/media-typer/-/media-typer-1.1.0.tgz 4339ms (cache hit)
4059 http fetch GET 200 https://registry.npmjs.org/pkg-types/-/pkg-types-1.3.1.tgz 33740ms (cache miss)
4060 http fetch GET 200 https://registry.npmjs.org/pupa/-/pupa-3.3.0.tgz 33820ms (cache miss)
4061 http fetch GET 200 https://registry.npmjs.org/queue-microtask/-/queue-microtask-1.2.3.tgz 33611ms (cache miss)
4062 http fetch GET 200 https://registry.npmjs.org/path-key/-/path-key-4.0.0.tgz 33674ms (cache miss)
4063 http fetch GET 200 https://registry.npmjs.org/path-exists/-/path-exists-5.0.0.tgz 33606ms (cache miss)
4064 http fetch GET 200 https://registry.npmjs.org/parse-imports/-/parse-imports-2.2.1.tgz 33601ms (cache miss)
4065 http fetch GET 200 https://registry.npmjs.org/path-parse/-/path-parse-1.0.7.tgz 33614ms (cache miss)
4066 http cache https://registry.npmjs.org/strip-ansi/-/strip-ansi-6.0.1.tgz 4331ms (cache hit)
4067 http cache https://registry.npmjs.org/strip-ansi/-/strip-ansi-6.0.1.tgz 4330ms (cache hit)
4068 http cache https://registry.npmjs.org/ansi-regex/-/ansi-regex-5.0.1.tgz 4318ms (cache hit)
4069 http cache https://registry.npmjs.org/ansi-regex/-/ansi-regex-5.0.1.tgz 4314ms (cache hit)
4070 http cache https://registry.npmjs.org/is-fullwidth-code-point/-/is-fullwidth-code-point-3.0.0.tgz 4312ms (cache hit)
4071 http cache https://registry.npmjs.org/type-is/-/type-is-2.0.1.tgz 4347ms (cache hit)
4072 http cache https://registry.npmjs.org/iconv-lite/-/iconv-lite-0.7.2.tgz 4365ms (cache hit)
4073 http cache https://registry.npmjs.org/cookie-signature/-/cookie-signature-1.2.2.tgz 4340ms (cache hit)
4074 http cache https://registry.npmjs.org/content-disposition/-/content-disposition-1.0.1.tgz 4333ms (cache hit)
4075 http fetch GET 200 https://registry.npmjs.org/package-json-from-dist/-/package-json-from-dist-1.0.1.tgz 33860ms (cache miss)
4076 http fetch GET 200 https://registry.npmjs.org/process-warning/-/process-warning-5.0.0.tgz 33785ms (cache miss)
4077 http fetch GET 200 https://registry.npmjs.org/parse-ms/-/parse-ms-4.0.0.tgz 33783ms (cache miss)
4078 http fetch GET 200 https://registry.npmjs.org/p-reduce/-/p-reduce-3.0.0.tgz 33776ms (cache miss)
4079 http fetch GET 200 https://registry.npmjs.org/parse-json/-/parse-json-8.3.0.tgz 33772ms (cache miss)
4080 http fetch GET 200 https://registry.npmjs.org/precond/-/precond-0.2.3.tgz 33707ms (cache miss)
4081 http fetch GET 200 https://registry.npmjs.org/whatwg-url/-/whatwg-url-5.0.0.tgz 33652ms (cache miss)
4082 http fetch GET 200 https://registry.npmjs.org/onetime/-/onetime-5.1.2.tgz 33714ms (cache miss)
4083 http cache https://registry.npmjs.org/mime-types/-/mime-types-3.0.2.tgz 4373ms (cache hit)
4084 http cache https://registry.npmjs.org/finalhandler/-/finalhandler-2.1.1.tgz 4359ms (cache hit)
4085 http cache https://registry.npmjs.org/cookie/-/cookie-0.7.2.tgz 4363ms (cache hit)
4086 http cache https://registry.npmjs.org/wrap-ansi/-/wrap-ansi-7.0.0.tgz 4395ms (cache hit)
4087 http fetch GET 200 https://registry.npmjs.org/p-locate/-/p-locate-6.0.0.tgz 33954ms (cache miss)
4088 http fetch GET 200 https://registry.npmjs.org/picoquery/-/picoquery-2.5.0.tgz 33866ms (cache miss)
4089 http fetch GET 200 https://registry.npmjs.org/p-limit/-/p-limit-4.0.0.tgz 33863ms (cache miss)
4090 http fetch GET 200 https://registry.npmjs.org/parse-gitignore/-/parse-gitignore-2.0.0.tgz 33876ms (cache miss)
4091 http fetch GET 200 https://registry.npmjs.org/on-headers/-/on-headers-1.1.0.tgz 33857ms (cache miss)
4092 http fetch GET 200 https://registry.npmjs.org/package-json/-/package-json-10.0.1.tgz 33870ms (cache miss)
4093 http cache https://registry.npmjs.org/readable-stream/-/readable-stream-2.3.8.tgz 4425ms (cache hit)
4094 http cache https://registry.npmjs.org/string-width/-/string-width-4.2.3.tgz 4426ms (cache hit)
4095 http cache https://registry.npmjs.org/string-width/-/string-width-4.2.3.tgz 4424ms (cache hit)
4096 http cache https://registry.npmjs.org/signal-exit/-/signal-exit-4.1.0.tgz 4422ms (cache hit)
4097 http cache https://registry.npmjs.org/signal-exit/-/signal-exit-4.1.0.tgz 4418ms (cache hit)
4098 http cache https://registry.npmjs.org/ansi-styles/-/ansi-styles-4.3.0.tgz 4417ms (cache hit)
4099 http cache https://registry.npmjs.org/ansi-styles/-/ansi-styles-4.3.0.tgz 4423ms (cache hit)
4100 http cache https://registry.npmjs.org/dot-prop/-/dot-prop-9.0.0.tgz 4440ms (cache hit)
4101 http cache https://registry.npmjs.org/serve-static/-/serve-static-2.2.1.tgz 4426ms (cache hit)
4102 http fetch GET 200 https://registry.npmjs.org/pino-std-serializers/-/pino-std-serializers-7.0.0.tgz 34142ms (cache miss)
4103 http fetch GET 200 https://registry.npmjs.org/postcss-values-parser/-/postcss-values-parser-6.0.2.tgz 34148ms (cache miss)
4104 http fetch GET 200 https://registry.npmjs.org/one-time/-/one-time-1.0.0.tgz 34108ms (cache miss)
4105 http fetch GET 200 https://registry.npmjs.org/p-event/-/p-event-6.0.1.tgz 34002ms (cache miss)
4106 http fetch GET 200 https://registry.npmjs.org/nth-check/-/nth-check-2.1.1.tgz 33992ms (cache miss)
4107 http fetch GET 200 https://registry.npmjs.org/normalize-path/-/normalize-path-3.0.0.tgz 34108ms (cache miss)
4108 http fetch GET 200 https://registry.npmjs.org/package-directory/-/package-directory-8.1.0.tgz 34118ms (cache miss)
4109 http fetch GET 200 https://registry.npmjs.org/@netlify/local-functions-proxy-win32-ia32/-/local-functions-proxy-win32-ia32-1.1.1.tgz 39328ms (cache miss)
4110 http cache https://registry.npmjs.org/strip-ansi/-/strip-ansi-6.0.1.tgz 4405ms (cache hit)
4111 http cache https://registry.npmjs.org/is-fullwidth-code-point/-/is-fullwidth-code-point-3.0.0.tgz 4403ms (cache hit)
4112 http cache https://registry.npmjs.org/is-stream/-/is-stream-3.0.0.tgz 4394ms (cache hit)
4113 http cache https://registry.npmjs.org/is-stream/-/is-stream-3.0.0.tgz 4403ms (cache hit)
4114 http cache https://registry.npmjs.org/accepts/-/accepts-2.0.0.tgz 4407ms (cache hit)
4115 http cache https://registry.npmjs.org/send/-/send-1.2.1.tgz 4435ms (cache hit)
4116 http fetch GET 200 https://registry.npmjs.org/p-retry/-/p-retry-6.2.1.tgz 34093ms (cache miss)
4117 http fetch GET 200 https://registry.npmjs.org/os-name/-/os-name-6.1.0.tgz 34087ms (cache miss)
4118 http fetch GET 200 https://registry.npmjs.org/npm-run-path/-/npm-run-path-4.0.1.tgz 34081ms (cache miss)
4119 http fetch GET 200 https://registry.npmjs.org/mute-stream/-/mute-stream-0.0.8.tgz 33996ms (cache miss)
4120 http fetch GET 200 https://registry.npmjs.org/module-details-from-path/-/module-details-from-path-1.0.4.tgz 34003ms (cache miss)
4121 http cache https://registry.npmjs.org/mime-types/-/mime-types-3.0.2.tgz 4360ms (cache hit)
4122 http cache https://registry.npmjs.org/emoji-regex/-/emoji-regex-8.0.0.tgz 4337ms (cache hit)
4123 http cache https://registry.npmjs.org/emoji-regex/-/emoji-regex-8.0.0.tgz 4336ms (cache hit)
4124 http cache https://registry.npmjs.org/color-convert/-/color-convert-2.0.1.tgz 4335ms (cache hit)
4125 http cache https://registry.npmjs.org/color-convert/-/color-convert-2.0.1.tgz 4333ms (cache hit)
4126 http cache https://registry.npmjs.org/ansi-regex/-/ansi-regex-5.0.1.tgz 4327ms (cache hit)
4127 http cache https://registry.npmjs.org/mime-db/-/mime-db-1.54.0.tgz 4375ms (cache hit)
4128 http fetch GET 200 https://registry.npmjs.org/ofetch/-/ofetch-1.5.1.tgz 34192ms (cache miss)
4129 http fetch GET 200 https://registry.npmjs.org/resolve/-/resolve-2.0.0-next.5.tgz 34378ms (cache miss)
4130 http fetch GET 200 https://registry.npmjs.org/node-source-walk/-/node-source-walk-7.0.1.tgz 34112ms (cache miss)
4131 http fetch GET 200 https://registry.npmjs.org/omit.js/-/omit.js-2.0.2.tgz 34106ms (cache miss)
4132 http fetch GET 200 https://registry.npmjs.org/precinct/-/precinct-12.2.0.tgz 34023ms (cache miss)
4133 http fetch GET 200 https://registry.npmjs.org/merge-stream/-/merge-stream-2.0.0.tgz 34105ms (cache miss)
4134 http fetch GET 200 https://registry.npmjs.org/move-file/-/move-file-3.1.0.tgz 34112ms (cache miss)
4135 http fetch GET 200 https://registry.npmjs.org/on-exit-leak-free/-/on-exit-leak-free-2.1.2.tgz 34363ms (cache miss)
4136 http cache https://registry.npmjs.org/readable-stream/-/readable-stream-2.3.8.tgz 4316ms (cache hit)
4137 http cache https://registry.npmjs.org/body-parser/-/body-parser-2.2.2.tgz 4322ms (cache hit)
4138 http cache https://registry.npmjs.org/signal-exit/-/signal-exit-4.1.0.tgz 4317ms (cache hit)
4139 http cache https://registry.npmjs.org/read-package-up/-/read-package-up-11.0.0.tgz 4311ms (cache hit)
4140 http fetch GET 200 https://registry.npmjs.org/merge-options/-/merge-options-3.0.4.tgz 34266ms (cache miss)
4141 http fetch GET 200 https://registry.npmjs.org/node-gyp-build/-/node-gyp-build-4.8.4.tgz 34191ms (cache miss)
4142 http fetch GET 200 https://registry.npmjs.org/module-definition/-/module-definition-6.0.1.tgz 34187ms (cache miss)
4143 http fetch GET 200 https://registry.npmjs.org/mimic-fn/-/mimic-fn-4.0.0.tgz 34174ms (cache miss)
4144 http fetch GET 200 https://registry.npmjs.org/ora/-/ora-5.4.1.tgz 34104ms (cache miss)
4145 http fetch GET 200 https://registry.npmjs.org/mimic-function/-/mimic-function-5.0.1.tgz 34167ms (cache miss)
4146 http fetch GET 200 https://registry.npmjs.org/merge2/-/merge2-1.4.1.tgz 34184ms (cache miss)
4147 http fetch GET 200 https://registry.npmjs.org/node-stream-zip/-/node-stream-zip-1.15.0.tgz 34103ms (cache miss)
4148 http cache https://registry.npmjs.org/content-disposition/-/content-disposition-1.0.1.tgz 4293ms (cache hit)
4149 http fetch GET 200 https://registry.npmjs.org/node-mock-http/-/node-mock-http-1.0.4.tgz 34609ms (cache miss)
4150 http fetch GET 200 https://registry.npmjs.org/ts-api-utils/-/ts-api-utils-2.1.0.tgz 34553ms (cache miss)
4151 http fetch GET 200 https://registry.npmjs.org/map-obj/-/map-obj-5.0.2.tgz 34234ms (cache miss)
4152 http fetch GET 200 https://registry.npmjs.org/lodash.isplainobject/-/lodash.isplainobject-4.0.6.tgz 34223ms (cache miss)
4153 http fetch GET 200 https://registry.npmjs.org/lodash.isnumber/-/lodash.isnumber-3.0.3.tgz 34216ms (cache miss)
4154 http fetch GET 200 https://registry.npmjs.org/node-domexception/-/node-domexception-1.0.0.tgz 34243ms (cache miss)
4155 http fetch GET 200 https://registry.npmjs.org/lodash.once/-/lodash.once-4.1.1.tgz 34223ms (cache miss)
4156 http cache https://registry.npmjs.org/mime-db/-/mime-db-1.54.0.tgz 4206ms (cache hit)
4157 http cache https://registry.npmjs.org/execa/-/execa-8.0.1.tgz 4201ms (cache hit)
4158 http fetch GET 200 https://registry.npmjs.org/winston/-/winston-3.17.0.tgz 34554ms (cache miss)
4159 http fetch GET 200 https://registry.npmjs.org/macos-release/-/macos-release-3.4.0.tgz 34408ms (cache miss)
4160 http fetch GET 200 https://registry.npmjs.org/lodash.isinteger/-/lodash.isinteger-4.0.4.tgz 34284ms (cache miss)
4161 http fetch GET 200 https://registry.npmjs.org/lodash.isboolean/-/lodash.isboolean-3.0.3.tgz 34282ms (cache miss)
4162 http fetch GET 200 https://registry.npmjs.org/lodash.transform/-/lodash.transform-4.6.0.tgz 34279ms (cache miss)
4163 http fetch GET 200 https://registry.npmjs.org/log-symbols/-/log-symbols-4.1.0.tgz 34293ms (cache miss)
4164 http fetch GET 200 https://registry.npmjs.org/lodash.isstring/-/lodash.isstring-4.0.1.tgz 34273ms (cache miss)
4165 http fetch GET 200 https://registry.npmjs.org/make-error/-/make-error-1.3.6.tgz 34557ms (cache miss)
4166 http fetch GET 200 https://registry.npmjs.org/leven/-/leven-3.1.0.tgz 34365ms (cache miss)
4167 http fetch GET 200 https://registry.npmjs.org/kuler/-/kuler-2.0.0.tgz 34356ms (cache miss)
4168 http fetch GET 200 https://registry.npmjs.org/json-schema-ref-resolver/-/json-schema-ref-resolver-3.0.0.tgz 34361ms (cache miss)
4169 http fetch GET 200 https://registry.npmjs.org/normalize-exception/-/normalize-exception-3.0.0.tgz 34384ms (cache miss)
4170 http fetch GET 200 https://registry.npmjs.org/lodash.includes/-/lodash.includes-4.3.0.tgz 34444ms (cache miss)
4171 http fetch GET 200 https://registry.npmjs.org/memoize-one/-/memoize-one-6.0.0.tgz 34315ms (cache miss)
4172 http fetch GET 200 https://registry.npmjs.org/junk/-/junk-4.0.1.tgz 34358ms (cache miss)
4173 http fetch GET 200 https://registry.npmjs.org/lodash.isempty/-/lodash.isempty-4.4.0.tgz 34305ms (cache miss)
4174 http fetch GET 200 https://registry.npmjs.org/@octokit%2frest 41845ms (cache miss)
4175 silly packumentCache corgi:https://registry.npmjs.org/@octokit%2frest set size:undefined disposed:false
4176 http cache https://registry.npmjs.org/readable-stream/-/readable-stream-3.6.2.tgz 4188ms (cache hit)
4177 http cache https://registry.npmjs.org/iconv-lite/-/iconv-lite-0.7.2.tgz 4182ms (cache hit)
4178 http fetch GET 200 https://registry.npmjs.org/lazystream/-/lazystream-1.0.1.tgz 34545ms (cache miss)
4179 http fetch GET 200 https://registry.npmjs.org/is64bit/-/is64bit-2.0.0.tgz 34406ms (cache miss)
4180 http fetch GET 200 https://registry.npmjs.org/js-image-generator/-/js-image-generator-1.0.4.tgz 34401ms (cache miss)
4181 http fetch GET 200 https://registry.npmjs.org/micromatch/-/micromatch-4.0.8.tgz 34422ms (cache miss)
4182 http fetch GET 200 https://registry.npmjs.org/is-url-superb/-/is-url-superb-4.0.0.tgz 34404ms (cache miss)
4183 http cache https://registry.npmjs.org/execa/-/execa-8.0.1.tgz 4130ms (cache hit)
4184 http cache https://registry.npmjs.org/execa/-/execa-8.0.1.tgz 4126ms (cache hit)
4185 http fetch GET 200 https://registry.npmjs.org/latest-version/-/latest-version-9.0.0.tgz 34640ms (cache miss)
4186 http fetch GET 200 https://registry.npmjs.org/logform/-/logform-2.7.0.tgz 34569ms (cache miss)
4187 http fetch GET 200 https://registry.npmjs.org/is-unicode-supported/-/is-unicode-supported-2.1.0.tgz 34550ms (cache miss)
4188 http fetch GET 200 https://registry.npmjs.org/is-network-error/-/is-network-error-1.3.0.tgz 34472ms (cache miss)
4189 http fetch GET 200 https://registry.npmjs.org/jsonpointer/-/jsonpointer-5.0.1.tgz 34477ms (cache miss)
4190 http fetch GET 200 https://registry.npmjs.org/is-number/-/is-number-7.0.0.tgz 34473ms (cache miss)
4191 http fetch GET 200 https://registry.npmjs.org/js-tokens/-/js-tokens-4.0.0.tgz 34647ms (cache miss)
4192 http fetch GET 200 https://registry.npmjs.org/is-plain-object/-/is-plain-object-5.0.0.tgz 34710ms (cache miss)
4193 http fetch GET 200 https://registry.npmjs.org/jpeg-js/-/jpeg-js-0.4.4.tgz 34655ms (cache miss)
4194 http fetch GET 200 https://registry.npmjs.org/is-plain-obj/-/is-plain-obj-4.1.0.tgz 34629ms (cache miss)
4195 http fetch GET 200 https://registry.npmjs.org/is-url/-/is-url-1.2.4.tgz 34541ms (cache miss)
4196 http fetch GET 200 https://registry.npmjs.org/is-safe-filename/-/is-safe-filename-0.1.1.tgz 34627ms (cache miss)
4197 http fetch GET 200 https://registry.npmjs.org/is-path-inside/-/is-path-inside-4.0.0.tgz 34558ms (cache miss)
4198 http fetch GET 200 https://registry.npmjs.org/is-inside-container/-/is-inside-container-1.0.0.tgz 34550ms (cache miss)
4199 http fetch GET 200 https://registry.npmjs.org/is-in-ci/-/is-in-ci-1.0.0.tgz 34541ms (cache miss)
4200 http fetch GET 200 https://registry.npmjs.org/is-in-ssh/-/is-in-ssh-1.0.0.tgz 34535ms (cache miss)
4201 http fetch GET 200 https://registry.npmjs.org/@netlify/local-functions-proxy-linux-ppc64/-/local-functions-proxy-linux-ppc64-1.1.1.tgz 40906ms (cache miss)
4202 http fetch GET 200 https://registry.npmjs.org/iserror/-/iserror-0.0.2.tgz 34675ms (cache miss)
4203 http fetch GET 200 https://registry.npmjs.org/is-npm/-/is-npm-6.1.0.tgz 34681ms (cache miss)
4204 http fetch GET 200 https://registry.npmjs.org/is-installed-globally/-/is-installed-globally-1.0.0.tgz 34582ms (cache miss)
4205 http fetch GET 200 https://registry.npmjs.org/is-interactive/-/is-interactive-1.0.0.tgz 34568ms (cache miss)
4206 http fetch GET 200 https://registry.npmjs.org/is-extglob/-/is-extglob-2.1.1.tgz 34590ms (cache miss)
4207 http fetch GET 200 https://registry.npmjs.org/is-glob/-/is-glob-4.0.3.tgz 34582ms (cache miss)
4208 http fetch GET 200 https://registry.npmjs.org/index-to-position/-/index-to-position-1.2.0.tgz 34575ms (cache miss)
4209 http fetch GET 200 https://registry.npmjs.org/mlly/-/mlly-1.8.0.tgz 34964ms (cache miss)
4210 http fetch GET 200 https://registry.npmjs.org/sonic-boom/-/sonic-boom-4.2.0.tgz 34742ms (cache miss)
4211 http fetch GET 200 https://registry.npmjs.org/is-error-instance/-/is-error-instance-2.0.0.tgz 34639ms (cache miss)
4212 http fetch GET 200 https://registry.npmjs.org/http-shutdown/-/http-shutdown-1.2.2.tgz 34633ms (cache miss)
4213 http fetch GET 200 https://registry.npmjs.org/is-arrayish/-/is-arrayish-0.3.4.tgz 34639ms (cache miss)
4214 http fetch GET 200 https://registry.npmjs.org/human-signals/-/human-signals-2.1.0.tgz 34564ms (cache miss)
4215 http fetch GET 200 https://registry.npmjs.org/@netlify/local-functions-proxy-freebsd-arm64/-/local-functions-proxy-freebsd-arm64-1.1.1.tgz 41214ms (cache miss)
4216 http fetch GET 200 https://registry.npmjs.org/image-meta/-/image-meta-0.2.1.tgz 34797ms (cache miss)
4217 http fetch GET 200 https://registry.npmjs.org/has-flag/-/has-flag-4.0.0.tgz 34730ms (cache miss)
4218 http fetch GET 200 https://registry.npmjs.org/is-core-module/-/is-core-module-2.16.1.tgz 34656ms (cache miss)
4219 http fetch GET 200 https://registry.npmjs.org/from2/-/from2-2.3.0.tgz 34648ms (cache miss)
4220 http fetch GET 200 https://registry.npmjs.org/global-directory/-/global-directory-4.0.1.tgz 34731ms (cache miss)
4221 http fetch GET 200 https://registry.npmjs.org/find-up-simple/-/find-up-simple-1.0.1.tgz 34647ms (cache miss)
4222 http fetch GET 200 https://registry.npmjs.org/keep-func-props/-/keep-func-props-6.0.0.tgz 34592ms (cache miss)
4223 http fetch GET 200 https://registry.npmjs.org/get-port-please/-/get-port-please-3.2.0.tgz 34594ms (cache miss)
4224 http fetch GET 200 https://registry.npmjs.org/foreground-child/-/foreground-child-3.3.1.tgz 34709ms (cache miss)
4225 http fetch GET 200 https://registry.npmjs.org/fn.name/-/fn.name-1.1.0.tgz 34704ms (cache miss)
4226 http fetch GET 200 https://registry.npmjs.org/iron-webcrypto/-/iron-webcrypto-1.2.1.tgz 34616ms (cache miss)
4227 http fetch GET 200 https://registry.npmjs.org/get-stream/-/get-stream-9.0.1.tgz 34612ms (cache miss)
4228 http fetch GET 200 https://registry.npmjs.org/get-amd-module-type/-/get-amd-module-type-6.0.1.tgz 34701ms (cache miss)
4229 http fetch GET 200 https://registry.npmjs.org/listhen/-/listhen-1.9.0.tgz 35131ms (cache miss)
4230 http fetch GET 200 https://registry.npmjs.org/light-my-request/-/light-my-request-6.6.0.tgz 35003ms (cache miss)
4231 http fetch GET 200 https://registry.npmjs.org/fd-slicer/-/fd-slicer-1.1.0.tgz 34792ms (cache miss)
4232 http fetch GET 200 https://registry.npmjs.org/fast-fifo/-/fast-fifo-1.3.2.tgz 34688ms (cache miss)
4233 http fetch GET 200 https://registry.npmjs.org/figures/-/figures-6.1.0.tgz 34791ms (cache miss)
4234 http fetch GET 200 https://registry.npmjs.org/filter-obj/-/filter-obj-6.1.0.tgz 34801ms (cache miss)
4235 http fetch GET 200 https://registry.npmjs.org/jackspeak/-/jackspeak-3.4.3.tgz 35187ms (cache miss)
4236 http fetch GET 200 https://registry.npmjs.org/formdata-polyfill/-/formdata-polyfill-4.0.10.tgz 34857ms (cache miss)
4237 http fetch GET 200 https://registry.npmjs.org/fill-range/-/fill-range-7.1.1.tgz 34855ms (cache miss)
4238 http fetch GET 200 https://registry.npmjs.org/fast-decode-uri-component/-/fast-decode-uri-component-1.0.1.tgz 34837ms (cache miss)
4239 http fetch GET 200 https://registry.npmjs.org/globby/-/globby-14.1.0.tgz 34764ms (cache miss)
4240 http fetch GET 200 https://registry.npmjs.org/fast-safe-stringify/-/fast-safe-stringify-2.1.1.tgz 34752ms (cache miss)
4241 http fetch GET 200 https://registry.npmjs.org/fetch-blob/-/fetch-blob-3.2.0.tgz 34758ms (cache miss)
4242 http fetch GET 200 https://registry.npmjs.org/micro-memoize/-/micro-memoize-5.1.1.tgz 35183ms (cache miss)
4243 http fetch GET 200 https://registry.npmjs.org/ky/-/ky-1.10.0.tgz 35020ms (cache miss)
4244 http fetch GET 200 https://registry.npmjs.org/fecha/-/fecha-4.2.3.tgz 34887ms (cache miss)
4245 http fetch GET 200 https://registry.npmjs.org/fast-querystring/-/fast-querystring-1.1.2.tgz 34744ms (cache miss)
4246 http fetch GET 200 https://registry.npmjs.org/fastq/-/fastq-1.19.1.tgz 34802ms (cache miss)
4247 http fetch GET 200 https://registry.npmjs.org/events-universal/-/events-universal-1.0.1.tgz 35006ms (cache miss)
4248 http fetch GET 200 https://registry.npmjs.org/import-in-the-middle/-/import-in-the-middle-1.15.0.tgz 35168ms (cache miss)
4249 http fetch GET 200 https://registry.npmjs.org/fast-uri/-/fast-uri-3.1.0.tgz 35137ms (cache miss)
4250 http fetch GET 200 https://registry.npmjs.org/fast-content-type-parse/-/fast-content-type-parse-3.0.0.tgz 34998ms (cache miss)
4251 http fetch GET 200 https://registry.npmjs.org/esutils/-/esutils-2.0.3.tgz 34902ms (cache miss)
4252 http fetch GET 200 https://registry.npmjs.org/environment/-/environment-1.1.0.tgz 34889ms (cache miss)
4253 http fetch GET 200 https://registry.npmjs.org/escape-goat/-/escape-goat-4.0.0.tgz 34893ms (cache miss)
4254 http fetch GET 200 https://registry.npmjs.org/escape-string-regexp/-/escape-string-regexp-5.0.0.tgz 34883ms (cache miss)
4255 http fetch GET 200 https://registry.npmjs.org/hosted-git-info/-/hosted-git-info-8.1.0.tgz 34875ms (cache miss)
4256 http fetch GET 200 https://registry.npmjs.org/eastasianwidth/-/eastasianwidth-0.2.0.tgz 34800ms (cache miss)
4257 http fetch GET 200 https://registry.npmjs.org/events/-/events-3.3.0.tgz 35051ms (cache miss)
4258 http fetch GET 200 https://registry.npmjs.org/log-process-errors/-/log-process-errors-11.0.1.tgz 35005ms (cache miss)
4259 http fetch GET 200 https://registry.npmjs.org/fast-stringify/-/fast-stringify-4.0.0.tgz 34995ms (cache miss)
4260 http fetch GET 200 https://registry.npmjs.org/estraverse/-/estraverse-5.3.0.tgz 35054ms (cache miss)
4261 http fetch GET 200 https://registry.npmjs.org/dom-serializer/-/dom-serializer-2.0.0.tgz 34862ms (cache miss)
4262 http fetch GET 200 https://registry.npmjs.org/ecdsa-sig-formatter/-/ecdsa-sig-formatter-1.0.11.tgz 34936ms (cache miss)
4263 http fetch GET 200 https://registry.npmjs.org/empathic/-/empathic-2.0.0.tgz 34955ms (cache miss)
4264 http fetch GET 200 https://registry.npmjs.org/domelementtype/-/domelementtype-2.3.0.tgz 34857ms (cache miss)
4265 http fetch GET 200 https://registry.npmjs.org/image-size/-/image-size-2.0.2.tgz 35292ms (cache miss)
4266 http fetch GET 200 https://registry.npmjs.org/detective-stylus/-/detective-stylus-5.0.1.tgz 35003ms (cache miss)
4267 http fetch GET 200 https://registry.npmjs.org/escodegen/-/escodegen-2.1.0.tgz 35030ms (cache miss)
4268 http fetch GET 200 https://registry.npmjs.org/define-lazy-prop/-/define-lazy-prop-3.0.0.tgz 34908ms (cache miss)
4269 http fetch GET 200 https://registry.npmjs.org/fastify-plugin/-/fastify-plugin-5.1.0.tgz 34894ms (cache miss)
4270 http fetch GET 200 https://registry.npmjs.org/enabled/-/enabled-2.0.0.tgz 35105ms (cache miss)
4271 http fetch GET 200 https://registry.npmjs.org/esprima/-/esprima-4.0.1.tgz 35252ms (cache miss)
4272 http fetch GET 200 https://registry.npmjs.org/ipx/-/ipx-3.1.1.tgz 35210ms (cache miss)
4273 http fetch GET 200 https://registry.npmjs.org/entities/-/entities-2.2.0.tgz 34954ms (cache miss)
4274 http fetch GET 200 https://registry.npmjs.org/defaults/-/defaults-1.0.4.tgz 34934ms (cache miss)
4275 http fetch GET 200 https://registry.npmjs.org/domhandler/-/domhandler-5.0.3.tgz 34944ms (cache miss)
4276 http fetch GET 200 https://registry.npmjs.org/dequal/-/dequal-2.0.3.tgz 34950ms (cache miss)
4277 http fetch GET 200 https://registry.npmjs.org/error-stack-parser/-/error-stack-parser-2.1.4.tgz 35048ms (cache miss)
4278 http fetch GET 200 https://registry.npmjs.org/detective-scss/-/detective-scss-5.0.1.tgz 34936ms (cache miss)
4279 http fetch GET 200 https://registry.npmjs.org/default-browser-id/-/default-browser-id-5.0.0.tgz 34945ms (cache miss)
4280 http fetch GET 200 https://registry.npmjs.org/dettle/-/dettle-1.0.5.tgz 34934ms (cache miss)
4281 http fetch GET 200 https://registry.npmjs.org/detective-vue2/-/detective-vue2-2.2.0.tgz 34924ms (cache miss)
4282 http fetch GET 200 https://registry.npmjs.org/event-target-shim/-/event-target-shim-5.0.1.tgz 35377ms (cache miss)
4283 http fetch GET 200 https://registry.npmjs.org/fast-glob/-/fast-glob-3.3.3.tgz 35269ms (cache miss)
4284 http fetch GET 200 https://registry.npmjs.org/default-browser/-/default-browser-5.5.0.tgz 35055ms (cache miss)
4285 http fetch GET 200 https://registry.npmjs.org/detective-es6/-/detective-es6-5.0.1.tgz 34988ms (cache miss)
4286 http fetch GET 200 https://registry.npmjs.org/destr/-/destr-2.0.5.tgz 34985ms (cache miss)
4287 http fetch GET 200 https://registry.npmjs.org/detective-amd/-/detective-amd-6.0.1.tgz 34979ms (cache miss)
4288 http fetch GET 200 https://registry.npmjs.org/enquirer/-/enquirer-2.4.1.tgz 35322ms (cache miss)
4289 http fetch GET 200 https://registry.npmjs.org/cssfilter/-/cssfilter-0.0.10.tgz 35178ms (cache miss)
4290 http fetch GET 200 https://registry.npmjs.org/hot-shots/-/hot-shots-11.4.0.tgz 35194ms (cache miss)
4291 http fetch GET 200 https://registry.npmjs.org/domutils/-/domutils-3.2.2.tgz 35094ms (cache miss)
4292 http fetch GET 200 https://registry.npmjs.org/cyclist/-/cyclist-1.0.2.tgz 35062ms (cache miss)
4293 http fetch GET 200 https://registry.npmjs.org/detective-cjs/-/detective-cjs-6.0.1.tgz 35078ms (cache miss)
4294 http fetch GET 200 https://registry.npmjs.org/defu/-/defu-6.1.4.tgz 35005ms (cache miss)
4295 http fetch GET 200 https://registry.npmjs.org/create-require/-/create-require-1.1.1.tgz 35061ms (cache miss)
4296 http fetch GET 200 https://registry.npmjs.org/detective-postcss/-/detective-postcss-7.0.1.tgz 35004ms (cache miss)
4297 http fetch GET 200 https://registry.npmjs.org/detective-sass/-/detective-sass-6.0.1.tgz 35141ms (cache miss)
4298 http fetch GET 200 https://registry.npmjs.org/cookie-es/-/cookie-es-1.2.2.tgz 35122ms (cache miss)
4299 http fetch GET 200 https://registry.npmjs.org/data-uri-to-buffer/-/data-uri-to-buffer-4.0.1.tgz 35263ms (cache miss)
4300 http fetch GET 200 https://registry.npmjs.org/config-chain/-/config-chain-1.1.13.tgz 35255ms (cache miss)
4301 http fetch GET 200 https://registry.npmjs.org/common-path-prefix/-/common-path-prefix-3.0.0.tgz 35080ms (cache miss)
4302 http fetch GET 200 https://registry.npmjs.org/detective-typescript/-/detective-typescript-14.0.0.tgz 35132ms (cache miss)
4303 http fetch GET 200 https://registry.npmjs.org/crc32-stream/-/crc32-stream-6.0.0.tgz 35087ms (cache miss)
4304 http fetch GET 200 https://registry.npmjs.org/crc-32/-/crc-32-1.2.2.tgz 35256ms (cache miss)
4305 http fetch GET 200 https://registry.npmjs.org/cross-spawn/-/cross-spawn-7.0.6.tgz 35032ms (cache miss)
4306 http fetch GET 200 https://registry.npmjs.org/copy-file/-/copy-file-11.1.0.tgz 35083ms (cache miss)
4307 http fetch GET 200 https://registry.npmjs.org/@netlify/local-functions-proxy-linux-arm64/-/local-functions-proxy-linux-arm64-1.1.1.tgz 43168ms (cache miss)
4308 http fetch GET 200 https://registry.npmjs.org/css-what/-/css-what-6.2.2.tgz 35264ms (cache miss)
4309 http fetch GET 200 https://registry.npmjs.org/clone/-/clone-1.0.4.tgz 35177ms (cache miss)
4310 http fetch GET 200 https://registry.npmjs.org/colorspace/-/colorspace-1.1.4.tgz 35182ms (cache miss)
4311 http fetch GET 200 https://registry.npmjs.org/configstore/-/configstore-7.1.0.tgz 35092ms (cache miss)
4312 http fetch GET 200 https://registry.npmjs.org/cli-cursor/-/cli-cursor-3.1.0.tgz 35176ms (cache miss)
4313 http fetch GET 200 https://registry.npmjs.org/cli-boxes/-/cli-boxes-3.0.0.tgz 35167ms (cache miss)
4314 http fetch GET 200 https://registry.npmjs.org/cli-width/-/cli-width-3.0.0.tgz 35192ms (cache miss)
4315 http fetch GET 200 https://registry.npmjs.org/find-my-way/-/find-my-way-9.4.0.tgz 35569ms (cache miss)
4316 http fetch GET 200 https://registry.npmjs.org/colors/-/colors-1.4.0.tgz 35300ms (cache miss)
4317 http fetch GET 200 https://registry.npmjs.org/es-module-lexer/-/es-module-lexer-1.7.0.tgz 35339ms (cache miss)
4318 http fetch GET 200 https://registry.npmjs.org/bundle-name/-/bundle-name-4.1.0.tgz 35195ms (cache miss)
4319 http fetch GET 200 https://registry.npmjs.org/callsite/-/callsite-1.0.0.tgz 35191ms (cache miss)
4320 http fetch GET 200 https://registry.npmjs.org/citty/-/citty-0.1.6.tgz 35205ms (cache miss)
4321 http fetch GET 200 https://registry.npmjs.org/cli-spinners/-/cli-spinners-2.9.2.tgz 35218ms (cache miss)
4322 http fetch GET 200 https://registry.npmjs.org/compress-commons/-/compress-commons-6.0.2.tgz 35149ms (cache miss)
4323 http fetch GET 200 https://registry.npmjs.org/crossws/-/crossws-0.3.5.tgz 35702ms (cache miss)
4324 http fetch GET 200 https://registry.npmjs.org/css-select/-/css-select-5.2.2.tgz 35561ms (cache miss)
4325 http fetch GET 200 https://registry.npmjs.org/color/-/color-3.2.1.tgz 35287ms (cache miss)
4326 http fetch GET 200 https://registry.npmjs.org/buffer-equal-constant-time/-/buffer-equal-constant-time-1.0.1.tgz 35282ms (cache miss)
4327 http fetch GET 200 https://registry.npmjs.org/buffer-from/-/buffer-from-1.1.2.tgz 35280ms (cache miss)
4328 http fetch GET 200 https://registry.npmjs.org/buffer-crc32/-/buffer-crc32-1.0.0.tgz 35288ms (cache miss)
4329 http fetch GET 200 https://registry.npmjs.org/byline/-/byline-5.0.0.tgz 35274ms (cache miss)
4330 http fetch GET 200 https://registry.npmjs.org/camelcase/-/camelcase-8.0.0.tgz 35281ms (cache miss)
4331 http fetch GET 200 https://registry.npmjs.org/color-string/-/color-string-1.9.1.tgz 35251ms (cache miss)
4332 http fetch GET 200 https://registry.npmjs.org/b4a/-/b4a-1.7.2.tgz 35197ms (cache miss)
4333 http fetch GET 200 https://registry.npmjs.org/cpy/-/cpy-11.1.0.tgz 35248ms (cache miss)
4334 http fetch GET 200 https://registry.npmjs.org/braces/-/braces-3.0.3.tgz 35194ms (cache miss)
4335 http fetch GET 200 https://registry.npmjs.org/archiver-utils/-/archiver-utils-5.0.2.tgz 35184ms (cache miss)
4336 http fetch GET 200 https://registry.npmjs.org/boolbase/-/boolbase-1.0.0.tgz 35246ms (cache miss)
4337 http fetch GET 200 https://registry.npmjs.org/chardet/-/chardet-2.1.0.tgz 35462ms (cache miss)
4338 http fetch GET 200 https://registry.npmjs.org/bare-events/-/bare-events-2.7.0.tgz 35387ms (cache miss)
4339 http fetch GET 200 https://registry.npmjs.org/ps-list/-/ps-list-8.1.1.tgz 39154ms (cache miss)
4340 http fetch GET 200 https://registry.npmjs.org/ajv-errors/-/ajv-errors-3.0.0.tgz 35254ms (cache miss)
4341 http fetch GET 200 https://registry.npmjs.org/ast-module-types/-/ast-module-types-6.0.1.tgz 35266ms (cache miss)
4342 http fetch GET 200 https://registry.npmjs.org/async-sema/-/async-sema-3.1.1.tgz 35341ms (cache miss)
4343 http fetch GET 200 https://registry.npmjs.org/atomic-sleep/-/atomic-sleep-1.0.0.tgz 35321ms (cache miss)
4344 http fetch GET 200 https://registry.npmjs.org/atomically/-/atomically-2.0.3.tgz 35434ms (cache miss)
4345 http fetch GET 200 https://registry.npmjs.org/array-timsort/-/array-timsort-1.0.3.tgz 35328ms (cache miss)
4346 http fetch GET 200 https://registry.npmjs.org/acorn-import-attributes/-/acorn-import-attributes-1.9.5.tgz 35296ms (cache miss)
4347 http fetch GET 200 https://registry.npmjs.org/arg/-/arg-4.1.3.tgz 35335ms (cache miss)
4348 http fetch GET 200 https://registry.npmjs.org/anymatch/-/anymatch-3.1.3.tgz 35381ms (cache miss)
4349 http fetch GET 200 https://registry.npmjs.org/abstract-logging/-/abstract-logging-2.0.1.tgz 35299ms (cache miss)
4350 http fetch GET 200 https://registry.npmjs.org/ansi-align/-/ansi-align-3.0.1.tgz 35463ms (cache miss)
4351 http fetch GET 200 https://registry.npmjs.org/fast-equals/-/fast-equals-5.4.0.tgz 35619ms (cache miss)
4352 http fetch GET 200 https://registry.npmjs.org/before-after-hook/-/before-after-hook-4.0.0.tgz 35425ms (cache miss)
4353 http fetch GET 200 https://registry.npmjs.org/archiver/-/archiver-7.0.1.tgz 35205ms (cache miss)
4354 http fetch GET 200 https://registry.npmjs.org/@types/retry/-/retry-0.12.2.tgz 35267ms (cache miss)
4355 http fetch GET 200 https://registry.npmjs.org/@types/yauzl/-/yauzl-2.10.3.tgz 35263ms (cache miss)
4356 http fetch GET 200 https://registry.npmjs.org/cjs-module-lexer/-/cjs-module-lexer-1.4.3.tgz 35627ms (cache miss)
4357 http fetch GET 200 https://registry.npmjs.org/better-ajv-errors/-/better-ajv-errors-1.2.0.tgz 35470ms (cache miss)
4358 http fetch GET 200 https://registry.npmjs.org/acorn-walk/-/acorn-walk-8.3.4.tgz 35452ms (cache miss)
4359 http fetch GET 200 https://registry.npmjs.org/ansi-colors/-/ansi-colors-4.1.3.tgz 35468ms (cache miss)
4360 http fetch GET 200 https://registry.npmjs.org/@types/normalize-package-data/-/normalize-package-data-2.4.4.tgz 35315ms (cache miss)
4361 http fetch GET 200 https://registry.npmjs.org/abort-controller/-/abort-controller-3.0.0.tgz 35440ms (cache miss)
4362 http fetch GET 200 https://registry.npmjs.org/@types/triple-beam/-/triple-beam-1.3.5.tgz 35322ms (cache miss)
4363 http fetch GET 200 https://registry.npmjs.org/@tsconfig/node14/-/node14-1.0.3.tgz 35327ms (cache miss)
4364 http fetch GET 200 https://registry.npmjs.org/@tsconfig/node10/-/node10-1.0.11.tgz 35279ms (cache miss)
4365 http fetch GET 200 https://registry.npmjs.org/@types/http-proxy/-/http-proxy-1.17.16.tgz 35284ms (cache miss)
4366 http fetch GET 200 https://registry.npmjs.org/ansis/-/ansis-4.1.0.tgz 35330ms (cache miss)
4367 http fetch GET 200 https://registry.npmjs.org/@pnpm/network.ca-file/-/network.ca-file-1.0.2.tgz 35359ms (cache miss)
4368 http fetch GET 200 https://registry.npmjs.org/ajv-formats/-/ajv-formats-3.0.1.tgz 35418ms (cache miss)
4369 http fetch GET 200 https://registry.npmjs.org/@tsconfig/node12/-/node12-1.0.11.tgz 35402ms (cache miss)
4370 http fetch GET 200 https://registry.npmjs.org/@whatwg-node/disposablestack/-/disposablestack-0.0.6.tgz 35370ms (cache miss)
4371 http fetch GET 200 https://registry.npmjs.org/@sindresorhus/merge-streams/-/merge-streams-2.3.0.tgz 35377ms (cache miss)
4372 http fetch GET 200 https://registry.npmjs.org/@tsconfig/node16/-/node16-1.0.4.tgz 35405ms (cache miss)
4373 http fetch GET 200 https://registry.npmjs.org/@sec-ant/readable-stream/-/readable-stream-0.4.1.tgz 35311ms (cache miss)
4374 http fetch GET 200 https://registry.npmjs.org/fast-json-stringify/-/fast-json-stringify-6.2.0.tgz 35818ms (cache miss)
4375 http fetch GET 200 https://registry.npmjs.org/avvio/-/avvio-9.1.0.tgz 35582ms (cache miss)
4376 http fetch GET 200 https://registry.npmjs.org/@pnpm/config.env-replace/-/config.env-replace-1.1.0.tgz 35387ms (cache miss)
4377 http fetch GET 200 https://registry.npmjs.org/@pnpm/npm-conf/-/npm-conf-2.3.1.tgz 35398ms (cache miss)
4378 http fetch GET 200 https://registry.npmjs.org/@rollup/pluginutils/-/pluginutils-5.3.0.tgz 35336ms (cache miss)
4379 http fetch GET 200 https://registry.npmjs.org/@sindresorhus/transliterate/-/transliterate-1.6.0.tgz 35351ms (cache miss)
4380 http fetch GET 200 https://registry.npmjs.org/@whatwg-node/promise-helpers/-/promise-helpers-1.3.2.tgz 35321ms (cache miss)
4381 http fetch GET 200 https://registry.npmjs.org/@pinojs/redact/-/redact-0.4.0.tgz 35527ms (cache miss)
4382 http fetch GET 200 https://registry.npmjs.org/@pkgjs/parseargs/-/parseargs-0.11.0.tgz 35545ms (cache miss)
4383 http fetch GET 200 https://registry.npmjs.org/@isaacs/fs-minipass/-/fs-minipass-4.0.1.tgz 35222ms (cache miss)
4384 http fetch GET 200 https://registry.npmjs.org/@nodelib/fs.walk/-/fs.walk-1.2.8.tgz 35208ms (cache miss)
4385 http fetch GET 200 https://registry.npmjs.org/@netlify/runtime-utils/-/runtime-utils-2.3.0.tgz 35368ms (cache miss)
4386 http fetch GET 200 https://registry.npmjs.org/@octokit/plugin-request-log/-/plugin-request-log-6.0.0.tgz 35503ms (cache miss)
4387 http fetch GET 200 https://registry.npmjs.org/@octokit/auth-token/-/auth-token-6.0.0.tgz 35229ms (cache miss)
4388 http fetch GET 200 https://registry.npmjs.org/@lukeed/ms/-/ms-2.0.2.tgz 35216ms (cache miss)
4389 http fetch GET 200 https://registry.npmjs.org/@octokit/request-error/-/request-error-7.0.1.tgz 35324ms (cache miss)
4390 http fetch GET 200 https://registry.npmjs.org/@parcel/watcher/-/watcher-2.5.1.tgz 35566ms (cache miss)
4391 http fetch GET 200 https://registry.npmjs.org/@isaacs/cliui/-/cliui-8.0.2.tgz 35458ms (cache miss)
4392 http fetch GET 200 https://registry.npmjs.org/@opentelemetry/api-logs/-/api-logs-0.203.0.tgz 35393ms (cache miss)
4393 http fetch GET 200 https://registry.npmjs.org/@nodelib/fs.stat/-/fs.stat-2.0.5.tgz 35372ms (cache miss)
4394 http fetch GET 200 https://registry.npmjs.org/@netlify/opentelemetry-utils/-/opentelemetry-utils-2.0.2.tgz 35532ms (cache miss)
4395 http fetch GET 200 https://registry.npmjs.org/@inquirer/external-editor/-/external-editor-1.0.2.tgz 35139ms (cache miss)
4396 http fetch GET 200 https://registry.npmjs.org/@fastify/error/-/error-4.2.0.tgz 35315ms (cache miss)
4397 http fetch GET 200 https://registry.npmjs.org/@opentelemetry/sdk-trace-node/-/sdk-trace-node-1.30.1.tgz 35374ms (cache miss)
4398 http fetch GET 200 https://registry.npmjs.org/@fastify/fast-json-stringify-compiler/-/fast-json-stringify-compiler-5.0.3.tgz 35232ms (cache miss)
4399 http fetch GET 200 https://registry.npmjs.org/@nodelib/fs.scandir/-/fs.scandir-2.1.5.tgz 35228ms (cache miss)
4400 http fetch GET 200 https://registry.npmjs.org/@fastify/proxy-addr/-/proxy-addr-5.1.0.tgz 35317ms (cache miss)
4401 http fetch GET 200 https://registry.npmjs.org/@fastify/forwarded/-/forwarded-3.0.1.tgz 35308ms (cache miss)
4402 http fetch GET 200 https://registry.npmjs.org/@octokit/graphql/-/graphql-9.0.2.tgz 35252ms (cache miss)
4403 http fetch GET 200 https://registry.npmjs.org/@fastify/merge-json-schemas/-/merge-json-schemas-0.2.1.tgz 35650ms (cache miss)
4404 http fetch GET 200 https://registry.npmjs.org/@netlify/git-utils/-/git-utils-6.0.4.tgz 35334ms (cache miss)
4405 http fetch GET 200 https://registry.npmjs.org/@fastify/accept-negotiator/-/accept-negotiator-2.0.1.tgz 35233ms (cache miss)
4406 http fetch GET 200 https://registry.npmjs.org/@iarna/toml/-/toml-2.2.5.tgz 35675ms (cache miss)
4407 http fetch GET 200 https://registry.npmjs.org/@colors/colors/-/colors-1.6.0.tgz 35301ms (cache miss)
4408 http fetch GET 200 https://registry.npmjs.org/@netlify/run-utils/-/run-utils-6.0.3.tgz 35412ms (cache miss)
4409 http fetch GET 200 https://registry.npmjs.org/@envelop/instrumentation/-/instrumentation-1.0.0.tgz 35179ms (cache miss)
4410 http fetch GET 200 https://registry.npmjs.org/@humanwhocodes/momoa/-/momoa-2.0.4.tgz 35086ms (cache miss)
4411 http fetch GET 200 https://registry.npmjs.org/@mapbox/node-pre-gyp/-/node-pre-gyp-2.0.0.tgz 35888ms (cache miss)
4412 http fetch GET 200 https://registry.npmjs.org/@opentelemetry/context-async-hooks/-/context-async-hooks-1.30.1.tgz 35251ms (cache miss)
4413 http fetch GET 200 https://registry.npmjs.org/@vue/shared/-/shared-3.5.22.tgz 35560ms (cache miss)
4414 http fetch GET 200 https://registry.npmjs.org/@octokit/endpoint/-/endpoint-11.0.1.tgz 35372ms (cache miss)
4415 http fetch GET 200 https://registry.npmjs.org/@octokit/core/-/core-7.0.5.tgz 35364ms (cache miss)
4416 http fetch GET 200 https://registry.npmjs.org/@bugsnag/safe-json-stringify/-/safe-json-stringify-6.1.0.tgz 35242ms (cache miss)
4417 http fetch GET 200 https://registry.npmjs.org/@import-maps/resolve/-/resolve-2.0.0.tgz 35565ms (cache miss)
4418 http fetch GET 200 https://registry.npmjs.org/@fastify/busboy/-/busboy-3.2.0.tgz 35446ms (cache miss)
4419 http fetch GET 200 https://registry.npmjs.org/@dabh/diagnostics/-/diagnostics-2.0.3.tgz 35350ms (cache miss)
4420 http fetch GET 200 https://registry.npmjs.org/strip-final-newline/-/strip-final-newline-3.0.0.tgz 35346ms (cache miss)
4421 http fetch GET 200 https://registry.npmjs.org/onetime/-/onetime-6.0.0.tgz 35334ms (cache miss)
4422 http fetch GET 200 https://registry.npmjs.org/@vercel/nft/-/nft-0.29.4.tgz 35827ms (cache miss)
4423 http fetch GET 200 https://registry.npmjs.org/@fastify/send/-/send-4.1.0.tgz 35815ms (cache miss)
4424 http fetch GET 200 https://registry.npmjs.org/@opentelemetry/propagator-b3/-/propagator-b3-1.30.1.tgz 35346ms (cache miss)
4425 http fetch GET 200 https://registry.npmjs.org/@fastify/ajv-compiler/-/ajv-compiler-4.0.5.tgz 35322ms (cache miss)
4426 http fetch GET 200 https://registry.npmjs.org/@octokit/request/-/request-10.0.5.tgz 35338ms (cache miss)
4427 http fetch GET 200 https://registry.npmjs.org/@netlify/cache-utils/-/cache-utils-6.0.5.tgz 35500ms (cache miss)
4428 http fetch GET 200 https://registry.npmjs.org/has-flag/-/has-flag-5.0.1.tgz 35313ms (cache miss)
4429 http fetch GET 200 https://registry.npmjs.org/normalize-path/-/normalize-path-2.1.1.tgz 35310ms (cache miss)
4430 http fetch GET 200 https://registry.npmjs.org/supports-hyperlinks/-/supports-hyperlinks-4.4.0.tgz 35302ms (cache miss)
4431 http fetch GET 200 https://registry.npmjs.org/@dependents/detective-less/-/detective-less-5.0.1.tgz 35310ms (cache miss)
4432 http fetch GET 200 https://registry.npmjs.org/npm-run-path/-/npm-run-path-5.3.0.tgz 35302ms (cache miss)
4433 http fetch GET 200 https://registry.npmjs.org/@netlify/local-functions-proxy-linux-x64/-/local-functions-proxy-linux-x64-1.1.1.tgz 45999ms (cache miss)
4434 http fetch GET 200 https://registry.npmjs.org/buffer-crc32/-/buffer-crc32-0.2.13.tgz 35467ms (cache miss)
4435 http fetch GET 200 https://registry.npmjs.org/unicorn-magic/-/unicorn-magic-0.3.0.tgz 35329ms (cache miss)
4436 http fetch GET 200 https://registry.npmjs.org/@opentelemetry/propagator-jaeger/-/propagator-jaeger-1.30.1.tgz 35235ms (cache miss)
4437 http fetch GET 200 https://registry.npmjs.org/get-stream/-/get-stream-8.0.1.tgz 35327ms (cache miss)
4438 http fetch GET 200 https://registry.npmjs.org/human-signals/-/human-signals-5.0.0.tgz 35333ms (cache miss)
4439 http fetch GET 200 https://registry.npmjs.org/@babel/helper-string-parser/-/helper-string-parser-7.27.1.tgz 35474ms (cache miss)
4440 http fetch GET 200 https://registry.npmjs.org/path-key/-/path-key-3.1.1.tgz 35267ms (cache miss)
4441 http fetch GET 200 https://registry.npmjs.org/is-plain-obj/-/is-plain-obj-2.1.0.tgz 35258ms (cache miss)
4442 http fetch GET 200 https://registry.npmjs.org/is-unicode-supported/-/is-unicode-supported-0.1.0.tgz 35284ms (cache miss)
4443 http fetch GET 200 https://registry.npmjs.org/mimic-fn/-/mimic-fn-2.1.0.tgz 35267ms (cache miss)
4444 http fetch GET 200 https://registry.npmjs.org/@netlify/binary-info/-/binary-info-1.0.0.tgz 36672ms (cache miss)
4445 http fetch GET 200 https://registry.npmjs.org/@bugsnag/cuid/-/cuid-3.2.1.tgz 35574ms (cache miss)
4446 http fetch GET 200 https://registry.npmjs.org/process-warning/-/process-warning-4.0.1.tgz 35238ms (cache miss)
4447 http fetch GET 200 https://registry.npmjs.org/@babel/helper-validator-identifier/-/helper-validator-identifier-7.28.5.tgz 35272ms (cache miss)
4448 http fetch GET 200 https://registry.npmjs.org/jwa/-/jwa-2.0.1.tgz 35117ms (cache miss)
4449 http fetch GET 200 https://registry.npmjs.org/read-pkg/-/read-pkg-10.0.0.tgz 35448ms (cache miss)
4450 http fetch GET 200 https://registry.npmjs.org/split2/-/split2-4.2.0.tgz 35254ms (cache miss)
4451 http fetch GET 200 https://registry.npmjs.org/jws/-/jws-4.0.1.tgz 35238ms (cache miss)
4452 http fetch GET 200 https://registry.npmjs.org/@babel/code-frame/-/code-frame-7.27.1.tgz 35148ms (cache miss)
4453 http fetch GET 200 https://registry.npmjs.org/@octokit/plugin-paginate-rest/-/plugin-paginate-rest-13.2.0.tgz 35422ms (cache miss)
4454 http fetch GET 200 https://registry.npmjs.org/@vue/compiler-ssr/-/compiler-ssr-3.5.22.tgz 35395ms (cache miss)
4455 http fetch GET 200 https://registry.npmjs.org/escape-string-regexp/-/escape-string-regexp-1.0.5.tgz 35243ms (cache miss)
4456 http fetch GET 200 https://registry.npmjs.org/gonzales-pe/-/gonzales-pe-4.3.0.tgz 39727ms (cache miss)
4457 http fetch GET 200 https://registry.npmjs.org/strip-final-newline/-/strip-final-newline-3.0.0.tgz 35285ms (cache miss)
4458 http fetch GET 200 https://registry.npmjs.org/strip-final-newline/-/strip-final-newline-3.0.0.tgz 35290ms (cache miss)
4459 http fetch GET 200 https://registry.npmjs.org/strip-final-newline/-/strip-final-newline-3.0.0.tgz 35285ms (cache miss)
4460 http fetch GET 200 https://registry.npmjs.org/figures/-/figures-3.2.0.tgz 35308ms (cache miss)
4461 http fetch GET 200 https://registry.npmjs.org/pino-abstract-transport/-/pino-abstract-transport-2.0.0.tgz 35282ms (cache miss)
4462 http fetch GET 200 https://registry.npmjs.org/@typescript-eslint/tsconfig-utils/-/tsconfig-utils-8.45.0.tgz 35432ms (cache miss)
4463 http fetch GET 200 https://registry.npmjs.org/unicorn-magic/-/unicorn-magic-0.3.0.tgz 35434ms (cache miss)
4464 http fetch GET 200 https://registry.npmjs.org/unicorn-magic/-/unicorn-magic-0.3.0.tgz 35431ms (cache miss)
4465 http fetch GET 200 https://registry.npmjs.org/path-key/-/path-key-3.1.1.tgz 35442ms (cache miss)
4466 http fetch GET 200 https://registry.npmjs.org/is-unicode-supported/-/is-unicode-supported-0.1.0.tgz 35899ms (cache miss)
4467 http fetch GET 200 https://registry.npmjs.org/npm-run-path/-/npm-run-path-5.3.0.tgz 35299ms (cache miss)
4468 http fetch GET 200 https://registry.npmjs.org/npm-run-path/-/npm-run-path-5.3.0.tgz 35308ms (cache miss)
4469 http fetch GET 200 https://registry.npmjs.org/get-stream/-/get-stream-6.0.1.tgz 35319ms (cache miss)
4470 http fetch GET 200 https://registry.npmjs.org/npm-run-path/-/npm-run-path-5.3.0.tgz 35307ms (cache miss)
4471 http fetch GET 200 https://registry.npmjs.org/get-stream/-/get-stream-8.0.1.tgz 35475ms (cache miss)
4472 http fetch GET 200 https://registry.npmjs.org/get-stream/-/get-stream-8.0.1.tgz 35069ms (cache miss)
4473 http fetch GET 200 https://registry.npmjs.org/get-stream/-/get-stream-8.0.1.tgz 35492ms (cache miss)
4474 http fetch GET 200 https://registry.npmjs.org/onetime/-/onetime-6.0.0.tgz 35454ms (cache miss)
4475 http fetch GET 200 https://registry.npmjs.org/onetime/-/onetime-6.0.0.tgz 35466ms (cache miss)
4476 http fetch GET 200 https://registry.npmjs.org/onetime/-/onetime-6.0.0.tgz 35462ms (cache miss)
4477 http fetch GET 200 https://registry.npmjs.org/hosted-git-info/-/hosted-git-info-7.0.2.tgz 35378ms (cache miss)
4478 http fetch GET 200 https://registry.npmjs.org/glob-parent/-/glob-parent-5.1.2.tgz 35449ms (cache miss)
4479 http fetch GET 200 https://registry.npmjs.org/@netlify/local-functions-proxy-openbsd-x64/-/local-functions-proxy-openbsd-x64-1.1.1.tgz 47061ms (cache miss)
4480 http fetch GET 200 https://registry.npmjs.org/escape-string-regexp/-/escape-string-regexp-1.0.5.tgz 35873ms (cache miss)
4481 http fetch GET 200 https://registry.npmjs.org/get-stream/-/get-stream-5.2.0.tgz 35640ms (cache miss)
4482 http fetch GET 200 https://registry.npmjs.org/human-signals/-/human-signals-5.0.0.tgz 35222ms (cache miss)
4483 http fetch GET 200 https://registry.npmjs.org/human-signals/-/human-signals-5.0.0.tgz 35490ms (cache miss)
4484 http fetch GET 200 https://registry.npmjs.org/human-signals/-/human-signals-5.0.0.tgz 35495ms (cache miss)
4485 http fetch GET 200 https://registry.npmjs.org/@typescript-eslint/project-service/-/project-service-8.45.0.tgz 35534ms (cache miss)
4486 http fetch GET 200 https://registry.npmjs.org/@netlify/plugins-list/-/plugins-list-6.81.3.tgz 35339ms (cache miss)
4487 http fetch GET 200 https://registry.npmjs.org/p-timeout/-/p-timeout-6.1.4.tgz 35490ms (cache miss)
4488 http fetch GET 200 https://registry.npmjs.org/figures/-/figures-3.2.0.tgz 35943ms (cache miss)
4489 http fetch GET 200 https://registry.npmjs.org/hosted-git-info/-/hosted-git-info-9.0.2.tgz 35688ms (cache miss)
4490 http fetch GET 200 https://registry.npmjs.org/@netlify/local-functions-proxy-freebsd-x64/-/local-functions-proxy-freebsd-x64-1.1.1.tgz 47357ms (cache miss)
4491 http fetch GET 200 https://registry.npmjs.org/resolve/-/resolve-1.22.11.tgz 35628ms (cache miss)
4492 http fetch GET 200 https://registry.npmjs.org/urlpattern-polyfill/-/urlpattern-polyfill-10.1.0.tgz 35435ms (cache miss)
4493 http fetch GET 200 https://registry.npmjs.org/eslint-visitor-keys/-/eslint-visitor-keys-4.2.1.tgz 35619ms (cache miss)
4494 http fetch GET 200 https://registry.npmjs.org/@opentelemetry/resources/-/resources-1.30.1.tgz 35928ms (cache miss)
4495 http fetch GET 200 https://registry.npmjs.org/@bugsnag/core/-/core-8.6.0.tgz 35480ms (cache miss)
4496 http fetch GET 200 https://registry.npmjs.org/@bugsnag/js/-/js-8.6.0.tgz 35409ms (cache miss)
4497 http fetch GET 200 https://registry.npmjs.org/ignore/-/ignore-7.0.5.tgz 35570ms (cache miss)
4498 http fetch GET 200 https://registry.npmjs.org/@parcel/watcher-darwin-arm64/-/watcher-darwin-arm64-2.5.1.tgz 38461ms (cache miss)
4499 http fetch GET 200 https://registry.npmjs.org/@octokit/types/-/types-15.0.0.tgz 35576ms (cache miss)
4500 http fetch GET 200 https://registry.npmjs.org/terminal-link/-/terminal-link-5.0.0.tgz 20618ms (cache miss)
4501 http fetch GET 200 https://registry.npmjs.org/ulid/-/ulid-3.0.1.tgz 20606ms (cache miss)
4502 http fetch GET 200 https://registry.npmjs.org/write-file-atomic/-/write-file-atomic-5.0.1.tgz 20625ms (cache miss)
4503 http fetch GET 200 https://registry.npmjs.org/strip-ansi/-/strip-ansi-7.1.2.tgz 20445ms (cache miss)
4504 http fetch GET 200 https://registry.npmjs.org/@whatwg-node/fetch/-/fetch-0.10.11.tgz 34054ms (cache miss)
4505 http fetch GET 200 https://registry.npmjs.org/type-fest/-/type-fest-0.21.3.tgz 35216ms (cache miss)
4506 http fetch GET 200 https://registry.npmjs.org/update-notifier/-/update-notifier-7.3.1.tgz 20596ms (cache miss)
4507 http fetch GET 200 https://registry.npmjs.org/wrap-ansi/-/wrap-ansi-9.0.2.tgz 20558ms (cache miss)
4508 http fetch GET 200 https://registry.npmjs.org/@whatwg-node/node-fetch/-/node-fetch-0.8.0.tgz 33339ms (cache miss)
4509 http fetch GET 200 https://registry.npmjs.org/@whatwg-node/server/-/server-0.10.12.tgz 33201ms (cache miss)
4510 http fetch GET 200 https://registry.npmjs.org/toml/-/toml-3.0.0.tgz 20667ms (cache miss)
4511 http fetch GET 200 https://registry.npmjs.org/tomlify-j0.4/-/tomlify-j0.4-3.0.0.tgz 20756ms (cache miss)
4512 http fetch GET 200 https://registry.npmjs.org/string-width/-/string-width-7.2.0.tgz 20314ms (cache miss)
4513 http fetch GET 200 https://registry.npmjs.org/uuid/-/uuid-13.0.0.tgz 20663ms (cache miss)
4514 http fetch GET 200 https://registry.npmjs.org/read-package-up/-/read-package-up-12.0.0.tgz 20401ms (cache miss)
4515 http fetch GET 200 https://registry.npmjs.org/readdirp/-/readdirp-4.1.2.tgz 20108ms (cache miss)
4516 http fetch GET 200 https://registry.npmjs.org/retry/-/retry-0.13.1.tgz 20202ms (cache miss)
4517 http fetch GET 200 https://registry.npmjs.org/statuses/-/statuses-2.0.1.tgz 20652ms (cache miss)
4518 http fetch GET 200 https://registry.npmjs.org/raw-body/-/raw-body-3.0.1.tgz 20002ms (cache miss)
4519 http fetch GET 200 https://registry.npmjs.org/parallel-transform/-/parallel-transform-1.2.0.tgz 20103ms (cache miss)
4520 http fetch GET 200 https://registry.npmjs.org/@bugsnag/node/-/node-8.6.0.tgz 35835ms (cache miss)
4521 http fetch GET 200 https://registry.npmjs.org/tar-stream/-/tar-stream-3.1.7.tgz 20553ms (cache miss)
4522 http fetch GET 200 https://registry.npmjs.org/source-map-support/-/source-map-support-0.5.21.tgz 20561ms (cache miss)
4523 http fetch GET 200 https://registry.npmjs.org/tslib/-/tslib-2.8.1.tgz 20551ms (cache miss)
4524 http fetch GET 200 https://registry.npmjs.org/p-map/-/p-map-7.0.3.tgz 20128ms (cache miss)
4525 http fetch GET 200 https://registry.npmjs.org/parse-github-url/-/parse-github-url-1.0.3.tgz 19770ms (cache miss)
4526 http fetch GET 200 https://registry.npmjs.org/normalize-package-data/-/normalize-package-data-7.0.1.tgz 19787ms (cache miss)
4527 http fetch GET 200 https://registry.npmjs.org/p-wait-for/-/p-wait-for-6.0.0.tgz 19800ms (cache miss)
4528 http fetch GET 200 https://registry.npmjs.org/p-filter/-/p-filter-4.1.0.tgz 19753ms (cache miss)
4529 http fetch GET 200 https://registry.npmjs.org/nanospinner/-/nanospinner-1.2.2.tgz 19500ms (cache miss)
4530 http fetch GET 200 https://registry.npmjs.org/maxstache-stream/-/maxstache-stream-1.0.4.tgz 19517ms (cache miss)
4531 http fetch GET 200 https://registry.npmjs.org/multiparty/-/multiparty-4.2.3.tgz 19659ms (cache miss)
4532 http fetch GET 200 https://registry.npmjs.org/yargs-parser/-/yargs-parser-21.1.1.tgz 20614ms (cache miss)
4533 http fetch GET 200 https://registry.npmjs.org/semver/-/semver-7.7.2.tgz 20214ms (cache miss)
4534 http fetch GET 200 https://registry.npmjs.org/prettyjson/-/prettyjson-1.2.5.tgz 20207ms (cache miss)
4535 http fetch GET 200 https://registry.npmjs.org/@typescript-eslint/types/-/types-8.45.0.tgz 19962ms (cache miss)
4536 http fetch GET 200 https://registry.npmjs.org/@netlify/local-functions-proxy-win32-x64/-/local-functions-proxy-win32-x64-1.1.1.tgz 48556ms (cache miss)
4537 http fetch GET 200 https://registry.npmjs.org/is-wsl/-/is-wsl-3.1.0.tgz 19664ms (cache miss)
4538 http fetch GET 200 https://registry.npmjs.org/minizlib/-/minizlib-3.1.0.tgz 19676ms (cache miss)
4539 http fetch GET 200 https://registry.npmjs.org/nopt/-/nopt-8.1.0.tgz 19868ms (cache miss)
4540 http fetch GET 200 https://registry.npmjs.org/json-schema-traverse/-/json-schema-traverse-1.0.0.tgz 19628ms (cache miss)
4541 http fetch GET 200 https://registry.npmjs.org/type-fest/-/type-fest-0.21.3.tgz 35870ms (cache miss)
4542 http fetch GET 200 https://registry.npmjs.org/open/-/open-11.0.0.tgz 19657ms (cache miss)
4543 http fetch GET 200 https://registry.npmjs.org/mime/-/mime-3.0.0.tgz 19623ms (cache miss)
4544 http fetch GET 200 https://registry.npmjs.org/maxstache/-/maxstache-1.0.7.tgz 19614ms (cache miss)
4545 http fetch GET 200 https://registry.npmjs.org/indent-string/-/indent-string-5.0.0.tgz 19572ms (cache miss)
4546 http fetch GET 200 https://registry.npmjs.org/fuzzy/-/fuzzy-0.1.3.tgz 19323ms (cache miss)
4547 http fetch GET 200 https://registry.npmjs.org/git-repo-info/-/git-repo-info-2.1.1.tgz 19320ms (cache miss)
4548 http fetch GET 200 https://registry.npmjs.org/inquirer-autocomplete-prompt/-/inquirer-autocomplete-prompt-1.4.0.tgz 19316ms (cache miss)
4549 http fetch GET 200 https://registry.npmjs.org/http-errors/-/http-errors-2.0.0.tgz 19500ms (cache miss)
4550 http fetch GET 200 https://registry.npmjs.org/folder-walker/-/folder-walker-3.2.0.tgz 19473ms (cache miss)
4551 http fetch GET 200 https://registry.npmjs.org/jsonwebtoken/-/jsonwebtoken-9.0.3.tgz 19560ms (cache miss)
4552 http fetch GET 200 https://registry.npmjs.org/get-port/-/get-port-5.1.1.tgz 19332ms (cache miss)
4553 http fetch GET 200 https://registry.npmjs.org/jwt-decode/-/jwt-decode-4.0.0.tgz 19814ms (cache miss)
4554 http fetch GET 200 https://registry.npmjs.org/gitconfiglocal/-/gitconfiglocal-2.1.0.tgz 19623ms (cache miss)
4555 http fetch GET 200 https://registry.npmjs.org/find-up/-/find-up-8.0.0.tgz 19335ms (cache miss)
4556 http fetch GET 200 https://registry.npmjs.org/path-scurry/-/path-scurry-1.11.1.tgz 44051ms (cache miss)
4557 http fetch GET 200 https://registry.npmjs.org/env-paths/-/env-paths-4.0.0.tgz 19141ms (cache miss)
4558 http fetch GET 200 https://registry.npmjs.org/estree-walker/-/estree-walker-2.0.2.tgz 19004ms (cache miss)
4559 http fetch GET 200 https://registry.npmjs.org/readable-stream/-/readable-stream-4.7.0.tgz 20246ms (cache miss)
4560 http fetch GET 200 https://registry.npmjs.org/lambda-local/-/lambda-local-2.2.0.tgz 19787ms (cache miss)
4561 http fetch GET 200 https://registry.npmjs.org/node-fetch/-/node-fetch-3.3.2.tgz 19734ms (cache miss)
4562 http fetch GET 200 https://registry.npmjs.org/fastest-levenshtein/-/fastest-levenshtein-1.0.16.tgz 19324ms (cache miss)
4563 http fetch GET 200 https://registry.npmjs.org/fsevents/-/fsevents-2.3.3.tgz 19171ms (cache miss)
4564 http fetch GET 200 https://registry.npmjs.org/eventemitter3/-/eventemitter3-4.0.7.tgz 19027ms (cache miss)
4565 http fetch GET 200 https://registry.npmjs.org/is-stream/-/is-stream-4.0.1.tgz 18830ms (cache miss)
4566 http fetch GET 200 https://registry.npmjs.org/dot-prop/-/dot-prop-10.1.0.tgz 18865ms (cache miss)
4567 http fetch GET 200 https://registry.npmjs.org/emoji-regex/-/emoji-regex-10.6.0.tgz 18729ms (cache miss)
4568 http fetch GET 200 https://registry.npmjs.org/extract-zip/-/extract-zip-2.0.1.tgz 19427ms (cache miss)
4569 http fetch GET 200 https://registry.npmjs.org/express-logging/-/express-logging-1.1.1.tgz 19443ms (cache miss)
4570 http fetch GET 200 https://registry.npmjs.org/brace-expansion/-/brace-expansion-2.0.2.tgz 18550ms (cache miss)
4571 http fetch GET 200 https://registry.npmjs.org/http-proxy-middleware/-/http-proxy-middleware-3.0.5.tgz 18866ms (cache miss)
4572 http fetch GET 200 https://registry.npmjs.org/cliui/-/cliui-8.0.1.tgz 18673ms (cache miss)
4573 http fetch GET 200 https://registry.npmjs.org/decache/-/decache-4.6.2.tgz 18854ms (cache miss)
4574 http fetch GET 200 https://registry.npmjs.org/clean-deep/-/clean-deep-3.4.0.tgz 18549ms (cache miss)
4575 http fetch GET 200 https://registry.npmjs.org/chownr/-/chownr-3.0.0.tgz 18852ms (cache miss)
4576 http fetch GET 200 https://registry.npmjs.org/color-convert/-/color-convert-1.9.3.tgz 18848ms (cache miss)
4577 http fetch GET 200 https://registry.npmjs.org/yargs/-/yargs-17.7.2.tgz 19937ms (cache miss)
4578 http fetch GET 200 https://registry.npmjs.org/execa/-/execa-5.1.1.tgz 18810ms (cache miss)
4579 http fetch GET 200 https://registry.npmjs.org/ascii-table/-/ascii-table-0.0.9.tgz 18670ms (cache miss)
4580 http fetch GET 200 https://registry.npmjs.org/is-fullwidth-code-point/-/is-fullwidth-code-point-5.1.0.tgz 18946ms (cache miss)
4581 http fetch GET 200 https://registry.npmjs.org/backoff/-/backoff-2.5.0.tgz 18779ms (cache miss)
4582 http fetch GET 200 https://registry.npmjs.org/boxen/-/boxen-8.0.1.tgz 18511ms (cache miss)
4583 http fetch GET 200 https://registry.npmjs.org/abbrev/-/abbrev-3.0.1.tgz 18581ms (cache miss)
4584 http fetch GET 200 https://registry.npmjs.org/ansi-regex/-/ansi-regex-6.2.2.tgz 18501ms (cache miss)
4585 http fetch GET 200 https://registry.npmjs.org/http-proxy/-/http-proxy-1.18.1.tgz 19855ms (cache miss)
4586 http fetch GET 200 https://registry.npmjs.org/ci-info/-/ci-info-4.4.0.tgz 18625ms (cache miss)
4587 http fetch GET 200 https://registry.npmjs.org/minipass/-/minipass-7.1.2.tgz 19741ms (cache miss)
4588 http fetch GET 200 https://registry.npmjs.org/ansi-styles/-/ansi-styles-6.2.3.tgz 18288ms (cache miss)
4589 http fetch GET 200 https://registry.npmjs.org/@netlify/headers-parser/-/headers-parser-9.0.3.tgz 18355ms (cache miss)
4590 http fetch GET 200 https://registry.npmjs.org/@netlify/redirect-parser/-/redirect-parser-15.0.4.tgz 18215ms (cache miss)
4591 http fetch GET 200 https://registry.npmjs.org/@netlify/local-functions-proxy/-/local-functions-proxy-2.0.3.tgz 18368ms (cache miss)
4592 http fetch GET 200 https://registry.npmjs.org/ansi-to-html/-/ansi-to-html-0.7.2.tgz 18631ms (cache miss)
4593 http fetch GET 200 https://registry.npmjs.org/chalk/-/chalk-5.6.2.tgz 18326ms (cache miss)
4594 http fetch GET 200 https://registry.npmjs.org/agent-base/-/agent-base-7.1.4.tgz 18568ms (cache miss)
4595 http fetch GET 200 https://registry.npmjs.org/is-stream/-/is-stream-2.0.1.tgz 18057ms (cache miss)
4596 http fetch GET 200 https://registry.npmjs.org/@netlify/edge-functions-bootstrap/-/edge-functions-bootstrap-2.17.1.tgz 18044ms (cache miss)
4597 http fetch GET 200 https://registry.npmjs.org/@typescript-eslint/visitor-keys/-/visitor-keys-8.45.0.tgz 18104ms (cache miss)
4598 http fetch GET 200 https://registry.npmjs.org/@jridgewell/sourcemap-codec/-/sourcemap-codec-1.5.5.tgz 18519ms (cache revalidated)
4599 http fetch GET 200 https://registry.npmjs.org/@jridgewell/resolve-uri/-/resolve-uri-3.1.2.tgz 18515ms (cache revalidated)
4600 http fetch GET 200 https://registry.npmjs.org/@sveltejs/acorn-typescript/-/acorn-typescript-1.0.9.tgz 18868ms (cache revalidated)
4601 http fetch GET 200 https://registry.npmjs.org/@types/estree/-/estree-1.0.8.tgz 18402ms (cache revalidated)
4602 http fetch GET 200 https://registry.npmjs.org/@cspotcode/source-map-support/-/source-map-support-0.8.1.tgz 17912ms (cache revalidated)
4603 http fetch GET 200 https://registry.npmjs.org/cron-parser/-/cron-parser-4.9.0.tgz 17881ms (cache miss)
4604 http fetch GET 200 https://registry.npmjs.org/inquirer/-/inquirer-8.2.7.tgz 17983ms (cache miss)
4605 http fetch GET 200 https://registry.npmjs.org/@img/colour/-/colour-1.0.0.tgz 18406ms (cache miss)
4606 http fetch GET 200 https://registry.npmjs.org/supports-color/-/supports-color-7.2.0.tgz 17521ms (cache miss)
4607 http fetch GET 200 https://registry.npmjs.org/pathe/-/pathe-1.1.2.tgz 17677ms (cache miss)
4608 http fetch GET 200 https://registry.npmjs.org/depd/-/depd-1.1.2.tgz 17336ms (cache miss)
4609 http fetch GET 200 https://registry.npmjs.org/yallist/-/yallist-5.0.0.tgz 17645ms (cache miss)
4610 http fetch GET 200 https://registry.npmjs.org/http-errors/-/http-errors-1.8.1.tgz 17333ms (cache miss)
4611 http fetch GET 200 https://registry.npmjs.org/commander/-/commander-2.20.3.tgz 17445ms (cache miss)
4612 http fetch GET 200 https://registry.npmjs.org/readdirp/-/readdirp-5.0.0.tgz 17684ms (cache miss)
4613 http fetch GET 200 https://registry.npmjs.org/normalize-package-data/-/normalize-package-data-6.0.2.tgz 17394ms (cache miss)
4614 http fetch GET 200 https://registry.npmjs.org/@netlify/blobs/-/blobs-10.7.0.tgz 17439ms (cache miss)
4615 http fetch GET 200 https://registry.npmjs.org/pump/-/pump-1.0.3.tgz 17388ms (cache miss)
4616 http fetch GET 200 https://registry.npmjs.org/statuses/-/statuses-1.5.0.tgz 17395ms (cache miss)
4617 http fetch GET 200 https://registry.npmjs.org/is-stream/-/is-stream-2.0.1.tgz 15992ms (cache miss)
4618 http fetch GET 200 https://registry.npmjs.org/is-stream/-/is-stream-2.0.1.tgz 15977ms (cache miss)
4619 http fetch GET 200 https://registry.npmjs.org/is-stream/-/is-stream-2.0.1.tgz 15144ms (cache miss)
4620 http fetch GET 200 https://registry.npmjs.org/glob/-/glob-10.5.0.tgz 18217ms (cache miss)
4621 http fetch GET 200 https://registry.npmjs.org/chokidar/-/chokidar-4.0.3.tgz 18211ms (cache miss)
4622 http fetch GET 200 https://registry.npmjs.org/commander/-/commander-12.1.0.tgz 18060ms (cache miss)
4623 http fetch GET 200 https://registry.npmjs.org/normalize-package-data/-/normalize-package-data-8.0.0.tgz 17488ms (cache miss)
4624 http fetch GET 200 https://registry.npmjs.org/chalk/-/chalk-4.1.2.tgz 17034ms (cache miss)
4625 http fetch GET 200 https://registry.npmjs.org/wrap-ansi/-/wrap-ansi-6.2.0.tgz 16610ms (cache miss)
4626 http fetch GET 200 https://registry.npmjs.org/@jridgewell/trace-mapping/-/trace-mapping-0.3.9.tgz 13298ms (cache revalidated)
4627 http fetch GET 200 https://registry.npmjs.org/supports-color/-/supports-color-7.2.0.tgz 17093ms (cache miss)
4628 http fetch GET 200 https://registry.npmjs.org/supports-color/-/supports-color-7.2.0.tgz 17088ms (cache miss)
4629 http fetch GET 200 https://registry.npmjs.org/supports-color/-/supports-color-7.2.0.tgz 17084ms (cache miss)
4630 http fetch GET 200 https://registry.npmjs.org/supports-color/-/supports-color-7.2.0.tgz 15017ms (cache miss)
4631 http fetch GET 200 https://registry.npmjs.org/supports-color/-/supports-color-7.2.0.tgz 16278ms (cache miss)
4632 http fetch GET 200 https://registry.npmjs.org/pathe/-/pathe-1.1.2.tgz 16710ms (cache miss)
4633 http fetch GET 200 https://registry.npmjs.org/tslib/-/tslib-1.14.1.tgz 16678ms (cache miss)
4634 http fetch GET 200 https://registry.npmjs.org/picomatch/-/picomatch-2.3.1.tgz 16875ms (cache miss)
4635 http fetch GET 200 https://registry.npmjs.org/ansi-escapes/-/ansi-escapes-4.3.2.tgz 16494ms (cache miss)
4636 http fetch GET 200 https://registry.npmjs.org/ini/-/ini-4.1.1.tgz 16268ms (cache miss)
4637 http fetch GET 200 https://registry.npmjs.org/buffer/-/buffer-6.0.3.tgz 17132ms (cache miss)
4638 http fetch GET 200 https://registry.npmjs.org/chokidar/-/chokidar-5.0.0.tgz 16855ms (cache miss)
4639 http fetch GET 200 https://registry.npmjs.org/color-name/-/color-name-1.1.3.tgz 16006ms (cache miss)
4640 http fetch GET 200 https://registry.npmjs.org/detect-libc/-/detect-libc-1.0.3.tgz 15127ms (cache miss)
4641 http fetch GET 200 https://registry.npmjs.org/commander/-/commander-11.1.0.tgz 16701ms (cache miss)
4642 http fetch GET 200 https://registry.npmjs.org/dotenv/-/dotenv-16.6.1.tgz 15485ms (cache miss)
4643 http fetch GET 200 https://registry.npmjs.org/wrap-ansi/-/wrap-ansi-8.1.0.tgz 14828ms (cache miss)
4644 http fetch GET 200 https://registry.npmjs.org/@netlify/edge-functions-bootstrap/-/edge-functions-bootstrap-2.16.0.tgz 15002ms (cache miss)
4645 http fetch GET 200 https://registry.npmjs.org/string-width/-/string-width-5.1.2.tgz 14827ms (cache miss)
4646 http fetch GET 200 https://registry.npmjs.org/get-port/-/get-port-7.1.0.tgz 14815ms (cache miss)
4647 http fetch GET 200 https://registry.npmjs.org/graceful-fs/-/graceful-fs-4.2.10.tgz 14824ms (cache miss)
4648 http fetch GET 200 https://registry.npmjs.org/@img/sharp-darwin-arm64/-/sharp-darwin-arm64-0.34.4.tgz 19092ms (cache miss)
4649 http fetch GET 200 https://registry.npmjs.org/chalk/-/chalk-4.1.2.tgz 16566ms (cache miss)
4650 http fetch GET 200 https://registry.npmjs.org/chalk/-/chalk-4.1.2.tgz 17380ms (cache miss)
4651 http fetch GET 200 https://registry.npmjs.org/chalk/-/chalk-4.1.2.tgz 14893ms (cache miss)
4652 http fetch GET 200 https://registry.npmjs.org/chalk/-/chalk-4.1.2.tgz 16563ms (cache miss)
4653 http fetch GET 200 https://registry.npmjs.org/ipaddr.js/-/ipaddr.js-2.3.0.tgz 14424ms (cache miss)
4654 http fetch GET 200 https://registry.npmjs.org/emoji-regex/-/emoji-regex-9.2.2.tgz 14448ms (cache miss)
4655 http fetch GET 200 https://registry.npmjs.org/clean-stack/-/clean-stack-5.3.0.tgz 14243ms (cache miss)
4656 http fetch GET 200 https://registry.npmjs.org/ansi-escapes/-/ansi-escapes-4.3.2.tgz 16271ms (cache miss)
4657 http fetch GET 200 https://registry.npmjs.org/picomatch/-/picomatch-2.3.1.tgz 15160ms (cache miss)
4658 http fetch GET 200 https://registry.npmjs.org/commander/-/commander-10.0.1.tgz 15430ms (cache miss)
4659 http fetch GET 200 https://registry.npmjs.org/@octokit/rest/-/rest-22.0.0.tgz 10162ms (cache miss)
4660 http fetch GET 200 https://registry.npmjs.org/node-fetch/-/node-fetch-2.7.0.tgz 13753ms (cache miss)
4661 http fetch GET 200 https://registry.npmjs.org/@netlify/local-functions-proxy-darwin-x64/-/local-functions-proxy-darwin-x64-1.1.1.tgz 50824ms (cache miss)
4662 http fetch GET 200 https://registry.npmjs.org/glob/-/glob-13.0.0.tgz 12396ms (cache miss)
4663 http fetch GET 200 https://registry.npmjs.org/source-map/-/source-map-0.6.1.tgz 46793ms (cache miss)
4664 http fetch GET 200 https://registry.npmjs.org/@vue/compiler-core/-/compiler-core-3.5.22.tgz 40443ms (cache miss)
4665 http fetch GET 200 https://registry.npmjs.org/@bugsnag/browser/-/browser-8.6.0.tgz 38569ms (cache miss)
4666 http fetch GET 200 https://registry.npmjs.org/clipboardy/-/clipboardy-4.0.0.tgz 43490ms (cache miss)
4667 http fetch GET 200 https://registry.npmjs.org/@vue/compiler-dom/-/compiler-dom-3.5.22.tgz 41477ms (cache miss)
4668 http fetch GET 200 https://registry.npmjs.org/confbox/-/confbox-0.1.8.tgz 44106ms (cache miss)
4669 http fetch GET 200 https://registry.npmjs.org/nan/-/nan-2.23.0.tgz 46587ms (cache miss)
4670 http fetch GET 200 https://registry.npmjs.org/acorn/-/acorn-8.15.0.tgz 19768ms (cache miss)
4671 http fetch GET 200 https://registry.npmjs.org/node-fetch-native/-/node-fetch-native-1.6.7.tgz 46738ms (cache miss)
4672 http fetch GET 200 https://registry.npmjs.org/consola/-/consola-3.4.2.tgz 43730ms (cache miss)
4673 http fetch GET 200 https://registry.npmjs.org/diff/-/diff-4.0.4.tgz 44886ms (cache miss)
4674 http fetch GET 200 https://registry.npmjs.org/@types%2fnode 54253ms (cache miss)
4675 silly packumentCache corgi:https://registry.npmjs.org/@types%2fnode set size:undefined disposed:false
4676 http fetch GET 200 https://registry.npmjs.org/typescript 55378ms (cache miss)
4677 silly packumentCache corgi:https://registry.npmjs.org/typescript set size:undefined disposed:false
4678 http fetch GET 200 https://registry.npmjs.org/netlify-redirector/-/netlify-redirector-0.5.0.tgz 24902ms (cache miss)
4679 http fetch GET 200 https://registry.npmjs.org/mdn-data/-/mdn-data-2.12.2.tgz 24373ms (cache miss)
4680 http fetch GET 200 https://registry.npmjs.org/path-scurry/-/path-scurry-2.0.1.tgz 41621ms (cache miss)
4681 http fetch GET 200 https://registry.npmjs.org/mdn-data/-/mdn-data-2.0.28.tgz 18838ms (cache miss)
4682 http fetch GET 200 https://registry.npmjs.org/@netlify/config/-/config-24.4.4.tgz 53849ms (cache miss)
4683 http fetch GET 200 https://registry.npmjs.org/@typescript-eslint%2ftypescript-estree 56606ms (cache miss)
4684 silly packumentCache corgi:https://registry.npmjs.org/@typescript-eslint%2ftypescript-estree set size:undefined disposed:false
4685 http fetch GET 200 https://registry.npmjs.org/iconv-lite/-/iconv-lite-0.7.0.tgz 22794ms (cache miss)
4686 http fetch GET 200 https://registry.npmjs.org/@octokit/plugin-rest-endpoint-methods/-/plugin-rest-endpoint-methods-16.1.0.tgz 43670ms (cache miss)
4687 http fetch GET 200 https://registry.npmjs.org/sharp/-/sharp-0.34.4.tgz 26466ms (cache miss)
4688 http fetch GET 200 https://registry.npmjs.org/@typescript-eslint/typescript-estree/-/typescript-estree-8.45.0.tgz 1036ms (cache miss)
4689 http fetch GET 200 https://registry.npmjs.org/@babel/parser/-/parser-7.29.0.tgz 43379ms (cache miss)
4690 http fetch GET 200 https://registry.npmjs.org/lru-cache/-/lru-cache-10.4.3.tgz 20644ms (cache miss)
4691 http fetch GET 200 https://registry.npmjs.org/lru-cache/-/lru-cache-10.4.3.tgz 20637ms (cache miss)
4692 http fetch GET 200 https://registry.npmjs.org/lru-cache/-/lru-cache-10.4.3.tgz 20860ms (cache miss)
4693 http fetch GET 200 https://registry.npmjs.org/minimatch/-/minimatch-10.2.4.tgz 56248ms (cache miss)
4694 http fetch GET 200 https://registry.npmjs.org/jiti/-/jiti-2.6.0.tgz 25555ms (cache miss)
4695 http fetch GET 200 https://registry.npmjs.org/minimatch/-/minimatch-10.2.4.tgz 56292ms (cache miss)
4696 http fetch GET 200 https://registry.npmjs.org/lru-cache/-/lru-cache-11.2.5.tgz 21696ms (cache miss)
4697 http fetch GET 200 https://registry.npmjs.org/lru-cache/-/lru-cache-11.2.5.tgz 21035ms (cache miss)
4698 http fetch GET 200 https://registry.npmjs.org/lru-cache/-/lru-cache-11.2.5.tgz 18507ms (cache miss)
4699 http fetch GET 200 https://registry.npmjs.org/minimatch/-/minimatch-10.2.4.tgz 56713ms (cache miss)
4700 http fetch GET 200 https://registry.npmjs.org/@vue/compiler-sfc/-/compiler-sfc-3.5.22.tgz 45684ms (cache miss)
4701 http fetch GET 200 https://registry.npmjs.org/@pnpm/tabtab/-/tabtab-0.5.4.tgz 27102ms (cache miss)
4702 http fetch GET 200 https://registry.npmjs.org/async/-/async-3.2.6.tgz 50730ms (cache miss)
4703 http fetch GET 200 https://registry.npmjs.org/entities/-/entities-4.5.0.tgz 47779ms (cache miss)
4704 http fetch GET 200 https://registry.npmjs.org/svgo/-/svgo-4.0.1.tgz 61012ms (cache miss)
4705 http fetch GET 200 https://registry.npmjs.org/node-forge/-/node-forge-1.3.2.tgz 54365ms (cache miss)
4706 http fetch GET 200 https://registry.npmjs.org/entities/-/entities-4.5.0.tgz 48694ms (cache miss)
4707 http fetch GET 200 https://registry.npmjs.org/ts-node/-/ts-node-10.9.2.tgz 55380ms (cache miss)
4708 http fetch GET 200 https://registry.npmjs.org/@octokit/openapi-types/-/openapi-types-26.0.0.tgz 50456ms (cache miss)
4709 http fetch GET 200 https://registry.npmjs.org/@types/node/-/node-22.18.11.tgz 10235ms (cache miss)
4710 http fetch GET 200 https://registry.npmjs.org/@img/sharp-wasm32/-/sharp-wasm32-0.34.4.tgz 62999ms (cache miss)
4711 http fetch GET 200 https://registry.npmjs.org/csso/-/csso-5.0.5.tgz 54990ms (cache miss)
4712 http fetch GET 200 https://registry.npmjs.org/@esbuild/openbsd-arm64/-/openbsd-arm64-0.27.3.tgz 63331ms (cache miss)
4713 http fetch GET 200 https://registry.npmjs.org/@esbuild/win32-arm64/-/win32-arm64-0.27.3.tgz 63567ms (cache miss)
4714 http fetch GET 200 https://registry.npmjs.org/@fastify/static/-/static-9.0.0.tgz 32411ms (cache miss)
4715 http fetch GET 200 https://registry.npmjs.org/@esbuild/netbsd-arm64/-/netbsd-arm64-0.27.3.tgz 64321ms (cache miss)
4716 http fetch GET 200 https://registry.npmjs.org/@esbuild/linux-riscv64/-/linux-riscv64-0.27.3.tgz 65119ms (cache miss)
4717 http fetch GET 200 https://registry.npmjs.org/@esbuild/linux-arm64/-/linux-arm64-0.27.3.tgz 65481ms (cache miss)
4718 http fetch GET 200 https://registry.npmjs.org/@esbuild/freebsd-arm64/-/freebsd-arm64-0.27.3.tgz 65562ms (cache miss)
4719 http fetch GET 200 https://registry.npmjs.org/@esbuild/win32-ia32/-/win32-ia32-0.27.3.tgz 65733ms (cache miss)
4720 http fetch GET 200 https://registry.npmjs.org/luxon/-/luxon-3.7.2.tgz 58473ms (cache miss)
4721 http fetch GET 200 https://registry.npmjs.org/type-fest/-/type-fest-4.41.0.tgz 58521ms (cache miss)
4722 http fetch GET 200 https://registry.npmjs.org/@esbuild/sunos-x64/-/sunos-x64-0.27.3.tgz 66295ms (cache miss)
4723 http fetch GET 200 https://registry.npmjs.org/@netlify/local-functions-proxy-darwin-arm64/-/local-functions-proxy-darwin-arm64-1.1.1.tgz 56841ms (cache miss)
4724 http fetch GET 200 https://registry.npmjs.org/@esbuild/linux-loong64/-/linux-loong64-0.27.3.tgz 66407ms (cache miss)
4725 http fetch GET 200 https://registry.npmjs.org/@esbuild/darwin-arm64/-/darwin-arm64-0.27.3.tgz 66408ms (cache miss)
4726 http fetch GET 200 https://registry.npmjs.org/@esbuild/linux-ppc64/-/linux-ppc64-0.27.3.tgz 66481ms (cache miss)
4727 http fetch GET 200 https://registry.npmjs.org/@esbuild/win32-x64/-/win32-x64-0.27.3.tgz 66688ms (cache miss)
4728 http fetch GET 200 https://registry.npmjs.org/@esbuild/netbsd-arm64/-/netbsd-arm64-0.27.3.tgz 66612ms (cache miss)
4729 http fetch GET 200 https://registry.npmjs.org/@esbuild/openbsd-arm64/-/openbsd-arm64-0.27.3.tgz 66651ms (cache miss)
4730 http fetch GET 200 https://registry.npmjs.org/@esbuild/win32-arm64/-/win32-arm64-0.27.3.tgz 66733ms (cache miss)
4731 http fetch GET 200 https://registry.npmjs.org/@esbuild/openbsd-x64/-/openbsd-x64-0.27.3.tgz 66926ms (cache miss)
4732 http fetch GET 200 https://registry.npmjs.org/@esbuild/netbsd-x64/-/netbsd-x64-0.27.3.tgz 67042ms (cache miss)
4733 http fetch GET 200 https://registry.npmjs.org/@esbuild/linux-ia32/-/linux-ia32-0.27.3.tgz 67137ms (cache miss)
4734 http fetch GET 200 https://registry.npmjs.org/@esbuild/linux-arm/-/linux-arm-0.27.3.tgz 67212ms (cache miss)
4735 http fetch GET 200 https://registry.npmjs.org/@esbuild/linux-x64/-/linux-x64-0.27.3.tgz 67263ms (cache miss)
4736 http fetch GET 200 https://registry.npmjs.org/@esbuild/linux-s390x/-/linux-s390x-0.27.3.tgz 67628ms (cache miss)
4737 http fetch GET 200 https://registry.npmjs.org/@esbuild/linux-mips64el/-/linux-mips64el-0.27.3.tgz 67859ms (cache miss)
4738 http fetch GET 200 https://registry.npmjs.org/@esbuild/freebsd-x64/-/freebsd-x64-0.27.3.tgz 68012ms (cache miss)
4739 http fetch GET 200 https://registry.npmjs.org/@esbuild/freebsd-arm64/-/freebsd-arm64-0.27.3.tgz 68084ms (cache miss)
4740 http fetch GET 200 https://registry.npmjs.org/@esbuild/openharmony-arm64/-/openharmony-arm64-0.27.3.tgz 68227ms (cache miss)
4741 http fetch GET 200 https://registry.npmjs.org/@esbuild/linux-riscv64/-/linux-riscv64-0.27.3.tgz 68165ms (cache miss)
4742 http fetch GET 200 https://registry.npmjs.org/@esbuild/linux-arm64/-/linux-arm64-0.27.3.tgz 68175ms (cache miss)
4743 http fetch GET 200 https://registry.npmjs.org/@esbuild/darwin-x64/-/darwin-x64-0.27.3.tgz 68398ms (cache miss)
4744 http fetch GET 200 https://registry.npmjs.org/@esbuild/win32-ia32/-/win32-ia32-0.27.3.tgz 68378ms (cache miss)
4745 http fetch GET 200 https://registry.npmjs.org/unstorage/-/unstorage-1.17.4.tgz 64437ms (cache miss)
4746 http fetch GET 200 https://registry.npmjs.org/@esbuild/linux-loong64/-/linux-loong64-0.27.3.tgz 68373ms (cache miss)
4747 http fetch GET 200 https://registry.npmjs.org/@img/sharp-libvips-linux-arm/-/sharp-libvips-linux-arm-1.2.3.tgz 68971ms (cache miss)
4748 http fetch GET 200 https://registry.npmjs.org/@esbuild/sunos-x64/-/sunos-x64-0.27.3.tgz 68693ms (cache miss)
4749 http fetch GET 200 https://registry.npmjs.org/@esbuild/openbsd-x64/-/openbsd-x64-0.27.3.tgz 68717ms (cache miss)
4750 http fetch GET 200 https://registry.npmjs.org/type-fest/-/type-fest-5.4.3.tgz 56170ms (cache miss)
4751 http fetch GET 200 https://registry.npmjs.org/type-fest/-/type-fest-5.4.3.tgz 56439ms (cache miss)
4752 http fetch GET 200 https://registry.npmjs.org/@esbuild/linux-ppc64/-/linux-ppc64-0.27.3.tgz 68784ms (cache miss)
4753 http fetch GET 200 https://registry.npmjs.org/@esbuild/netbsd-x64/-/netbsd-x64-0.27.3.tgz 68796ms (cache miss)
4754 http fetch GET 200 https://registry.npmjs.org/@esbuild/darwin-arm64/-/darwin-arm64-0.27.3.tgz 68829ms (cache miss)
4755 http fetch GET 200 https://registry.npmjs.org/@esbuild/linux-ia32/-/linux-ia32-0.27.3.tgz 68866ms (cache miss)
4756 http fetch GET 200 https://registry.npmjs.org/@esbuild/win32-x64/-/win32-x64-0.27.3.tgz 69005ms (cache miss)
4757 http fetch GET 200 https://registry.npmjs.org/@esbuild/linux-x64/-/linux-x64-0.27.3.tgz 69001ms (cache miss)
4758 http fetch GET 200 https://registry.npmjs.org/@esbuild/aix-ppc64/-/aix-ppc64-0.27.3.tgz 69162ms (cache miss)
4759 http fetch GET 200 https://registry.npmjs.org/@esbuild/linux-arm/-/linux-arm-0.27.3.tgz 69216ms (cache miss)
4760 http fetch GET 200 https://registry.npmjs.org/@esbuild/linux-s390x/-/linux-s390x-0.27.3.tgz 69296ms (cache miss)
4761 http fetch GET 200 https://registry.npmjs.org/@esbuild/android-arm/-/android-arm-0.27.3.tgz 69641ms (cache miss)
4762 http fetch GET 200 https://registry.npmjs.org/@esbuild/linux-mips64el/-/linux-mips64el-0.27.3.tgz 69557ms (cache miss)
4763 http fetch GET 200 https://registry.npmjs.org/@esbuild/android-x64/-/android-x64-0.27.3.tgz 69676ms (cache miss)
4764 http fetch GET 200 https://registry.npmjs.org/@esbuild/freebsd-x64/-/freebsd-x64-0.27.3.tgz 69633ms (cache miss)
4765 http fetch GET 200 https://registry.npmjs.org/web-streams-polyfill/-/web-streams-polyfill-3.3.3.tgz 66705ms (cache miss)
4766 http fetch GET 200 https://registry.npmjs.org/uuid/-/uuid-11.1.0.tgz 69960ms (cache miss)
4767 http fetch GET 200 https://registry.npmjs.org/@esbuild/openharmony-arm64/-/openharmony-arm64-0.27.3.tgz 69932ms (cache miss)
4768 http fetch GET 200 https://registry.npmjs.org/@esbuild/darwin-x64/-/darwin-x64-0.27.3.tgz 69953ms (cache miss)
4769 http fetch GET 200 https://registry.npmjs.org/@img/sharp-libvips-linux-s390x/-/sharp-libvips-linux-s390x-1.2.3.tgz 70958ms (cache miss)
4770 http fetch GET 200 https://registry.npmjs.org/@esbuild/aix-ppc64/-/aix-ppc64-0.27.3.tgz 70592ms (cache miss)
4771 http fetch GET 200 https://registry.npmjs.org/@esbuild/android-x64/-/android-x64-0.27.3.tgz 70850ms (cache miss)
4772 http fetch GET 200 https://registry.npmjs.org/@img/sharp-win32-arm64/-/sharp-win32-arm64-0.34.4.tgz 71257ms (cache miss)
4773 http fetch GET 200 https://registry.npmjs.org/@esbuild/android-arm/-/android-arm-0.27.3.tgz 70892ms (cache miss)
4774 http fetch GET 200 https://registry.npmjs.org/@img/sharp-libvips-linux-x64/-/sharp-libvips-linux-x64-1.2.3.tgz 71354ms (cache miss)
4775 http fetch GET 200 https://registry.npmjs.org/@img/sharp-libvips-linuxmusl-x64/-/sharp-libvips-linuxmusl-x64-1.2.3.tgz 71533ms (cache miss)
4776 http fetch GET 200 https://registry.npmjs.org/@img/sharp-libvips-linux-arm64/-/sharp-libvips-linux-arm64-1.2.3.tgz 71526ms (cache miss)
4777 http fetch GET 200 https://registry.npmjs.org/pino/-/pino-9.14.0.tgz 62991ms (cache miss)
4778 http fetch GET 200 https://registry.npmjs.org/uuid/-/uuid-11.1.0.tgz 71130ms (cache miss)
4779 http fetch GET 200 https://registry.npmjs.org/@img/sharp-libvips-linuxmusl-arm64/-/sharp-libvips-linuxmusl-arm64-1.2.3.tgz 71722ms (cache miss)
4780 http fetch GET 200 https://registry.npmjs.org/@opentelemetry/instrumentation/-/instrumentation-0.203.0.tgz 60525ms (cache miss)
4781 http fetch GET 200 https://registry.npmjs.org/@img/sharp-libvips-darwin-x64/-/sharp-libvips-darwin-x64-1.2.3.tgz 72096ms (cache miss)
4782 http fetch GET 200 https://registry.npmjs.org/@img/sharp-libvips-linux-ppc64/-/sharp-libvips-linux-ppc64-1.2.3.tgz 72142ms (cache miss)
4783 http fetch GET 200 https://registry.npmjs.org/@netlify/zip-it-and-ship-it/-/zip-it-and-ship-it-14.5.1.tgz 72380ms (cache miss)
4784 http fetch GET 200 https://registry.npmjs.org/tar/-/tar-7.5.12.tgz 73277ms (cache miss)
4785 http fetch GET 200 https://registry.npmjs.org/@img/sharp-win32-ia32/-/sharp-win32-ia32-0.34.4.tgz 72469ms (cache miss)
4786 http fetch GET 200 https://registry.npmjs.org/@opentelemetry/semantic-conventions/-/semantic-conventions-1.28.0.tgz 62263ms (cache miss)
4787 http fetch GET 200 https://registry.npmjs.org/@babel/types/-/types-7.29.0.tgz 60264ms (cache miss)
4788 http fetch GET 200 https://registry.npmjs.org/@netlify/edge-bundler/-/edge-bundler-14.9.19.tgz 72714ms (cache miss)
4789 http fetch GET 200 https://registry.npmjs.org/@img/sharp-win32-x64/-/sharp-win32-x64-0.34.4.tgz 72711ms (cache miss)
4790 http fetch GET 200 https://registry.npmjs.org/@netlify/build-info/-/build-info-10.4.0.tgz 73080ms (cache miss)
4791 http fetch GET 200 https://registry.npmjs.org/fastify/-/fastify-5.8.2.tgz 73600ms (cache miss)
4792 http fetch GET 200 https://registry.npmjs.org/yaml/-/yaml-2.8.1.tgz 45059ms (cache miss)
4793 http fetch GET 200 https://registry.npmjs.org/@img/sharp-libvips-darwin-arm64/-/sharp-libvips-darwin-arm64-1.2.3.tgz 37619ms (cache miss)
4794 http fetch GET 200 https://registry.npmjs.org/css-tree/-/css-tree-2.2.1.tgz 39147ms (cache miss)
4795 http fetch GET 200 https://registry.npmjs.org/@netlify/build/-/build-35.11.0.tgz 74929ms (cache miss)
4796 http fetch GET 200 https://registry.npmjs.org/css-tree/-/css-tree-3.1.0.tgz 44220ms (cache miss)
4797 http fetch GET 200 https://registry.npmjs.org/@opentelemetry/sdk-trace-base/-/sdk-trace-base-1.30.1.tgz 65593ms (cache miss)
4798 http fetch GET 200 https://registry.npmjs.org/typescript/-/typescript-5.8.3.tgz 22163ms (cache miss)
4799 http fetch GET 200 https://registry.npmjs.org/ajv/-/ajv-8.18.0.tgz 76579ms (cache miss)
4800 http fetch GET 200 https://registry.npmjs.org/@electric-sql/pglite/-/pglite-0.3.16.tgz 76479ms (cache miss)
4801 http fetch GET 200 https://registry.npmjs.org/@opentelemetry/core/-/core-1.30.1.tgz 64961ms (cache miss)
4802 http fetch GET 200 https://registry.npmjs.org/zod/-/zod-3.25.76.tgz 68250ms (cache miss)
4803 http fetch GET 200 https://registry.npmjs.org/@opentelemetry/api/-/api-1.8.0.tgz 45081ms (cache miss)
4804 http fetch GET 200 https://registry.npmjs.org/@opentelemetry/api/-/api-1.9.0.tgz 40946ms (cache miss)
4805 http fetch GET 200 https://registry.npmjs.org/zod/-/zod-4.3.6.tgz 77603ms (cache miss)
4806 http fetch GET 200 https://registry.npmjs.org/@rollup/rollup-openbsd-x64/-/rollup-openbsd-x64-4.59.0.tgz 80266ms (cache miss)
4807 http fetch GET 200 https://registry.npmjs.org/rxjs/-/rxjs-6.6.7.tgz 69837ms (cache miss)
4808 http fetch GET 200 https://registry.npmjs.org/rxjs/-/rxjs-7.8.2.tgz 76731ms (cache miss)
4809 info run @parcel/watcher@2.5.1 install node_modules/netlify-cli/node_modules/@parcel/watcher node scripts/build-from-source.js
4810 info run @parcel/watcher@2.5.1 install { code: 0, signal: null }
4811 info run sharp@0.34.4 install node_modules/netlify-cli/node_modules/sharp node install/check.js
4812 info run sharp@0.34.4 install { code: 0, signal: null }
4813 info run unix-dgram@2.0.7 install node_modules/netlify-cli/node_modules/unix-dgram node-gyp rebuild
4814 info run unix-dgram@2.0.7 install { code: 1, signal: null }
4815 verbose reify failed optional dependency /data/data/com.termux/files/usr/lib/node_modules/netlify-cli/node_modules/unix-dgram
4816 silly reify mark deleted [
4816 silly reify   '/data/data/com.termux/files/usr/lib/node_modules/netlify-cli/node_modules/unix-dgram'
4816 silly reify ]
4817 verbose reify failed optional dependency /data/data/com.termux/files/usr/lib/node_modules/netlify-cli/node_modules/nan
4818 silly reify mark deleted [
4818 silly reify   '/data/data/com.termux/files/usr/lib/node_modules/netlify-cli/node_modules/nan'
4818 silly reify ]
4819 info run netlify-cli@24.5.0 postinstall node_modules/netlify-cli node ./scripts/postinstall.js
4820 info run netlify-cli@24.5.0 postinstall { code: 0, signal: null }
4821 info run esbuild@0.27.3 postinstall node_modules/netlify-cli/node_modules/@netlify/edge-bundler/node_modules/esbuild node install.js
4822 info run esbuild@0.27.3 postinstall { code: 0, signal: null }
4823 info run esbuild@0.27.3 postinstall node_modules/netlify-cli/node_modules/@netlify/zip-it-and-ship-it/node_modules/esbuild node install.js
4824 info run esbuild@0.27.3 postinstall { code: 0, signal: null }
4825 silly ADD node_modules/netlify-cli
4826 silly ADD node_modules/netlify-cli/node_modules/zod
4827 silly ADD node_modules/netlify-cli/node_modules/zip-stream
4828 silly ADD node_modules/netlify-cli/node_modules/yocto-queue
4829 silly ADD node_modules/netlify-cli/node_modules/yn
4830 silly ADD node_modules/netlify-cli/node_modules/yauzl
4831 silly ADD node_modules/netlify-cli/node_modules/yauzl/node_modules/buffer-crc32
4832 silly ADD node_modules/netlify-cli/node_modules/yargs-parser
4833 silly ADD node_modules/netlify-cli/node_modules/yargs
4834 silly ADD node_modules/netlify-cli/node_modules/yargs/node_modules/strip-ansi
4835 silly ADD node_modules/netlify-cli/node_modules/yargs/node_modules/string-width
4836 silly ADD node_modules/netlify-cli/node_modules/yargs/node_modules/is-fullwidth-code-point
4837 silly ADD node_modules/netlify-cli/node_modules/yargs/node_modules/emoji-regex
4838 silly ADD node_modules/netlify-cli/node_modules/yargs/node_modules/ansi-regex
4839 silly ADD node_modules/netlify-cli/node_modules/yaml
4840 silly ADD node_modules/netlify-cli/node_modules/y18n
4841 silly ADD node_modules/netlify-cli/node_modules/xtend
4842 silly ADD node_modules/netlify-cli/node_modules/xss
4843 silly ADD node_modules/netlify-cli/node_modules/xss/node_modules/commander
4844 silly ADD node_modules/netlify-cli/node_modules/xdg-basedir
4845 silly ADD node_modules/netlify-cli/node_modules/wsl-utils
4846 silly ADD node_modules/netlify-cli/node_modules/ws
4847 silly ADD node_modules/netlify-cli/node_modules/write-file-atomic
4848 silly ADD node_modules/netlify-cli/node_modules/write-file-atomic/node_modules/signal-exit
4849 silly ADD node_modules/netlify-cli/node_modules/wrappy
4850 silly ADD node_modules/netlify-cli/node_modules/wrap-ansi-cjs
4851 silly ADD node_modules/netlify-cli/node_modules/wrap-ansi-cjs/node_modules/strip-ansi
4852 silly ADD node_modules/netlify-cli/node_modules/wrap-ansi-cjs/node_modules/string-width
4853 silly ADD node_modules/netlify-cli/node_modules/wrap-ansi-cjs/node_modules/is-fullwidth-code-point
4854 silly ADD node_modules/netlify-cli/node_modules/wrap-ansi-cjs/node_modules/emoji-regex
4855 silly ADD node_modules/netlify-cli/node_modules/wrap-ansi-cjs/node_modules/color-convert
4856 silly ADD node_modules/netlify-cli/node_modules/wrap-ansi-cjs/node_modules/ansi-styles
4857 silly ADD node_modules/netlify-cli/node_modules/wrap-ansi-cjs/node_modules/ansi-regex
4858 silly ADD node_modules/netlify-cli/node_modules/wrap-ansi
4859 silly ADD node_modules/netlify-cli/node_modules/winston-transport
4860 silly ADD node_modules/netlify-cli/node_modules/winston-transport/node_modules/readable-stream
4861 silly ADD node_modules/netlify-cli/node_modules/winston
4862 silly ADD node_modules/netlify-cli/node_modules/winston/node_modules/readable-stream
4863 silly ADD node_modules/netlify-cli/node_modules/winston/node_modules/is-stream
4864 silly ADD node_modules/netlify-cli/node_modules/windows-release
4865 silly ADD node_modules/netlify-cli/node_modules/windows-release/node_modules/strip-final-newline
4866 silly ADD node_modules/netlify-cli/node_modules/windows-release/node_modules/signal-exit
4867 silly ADD node_modules/netlify-cli/node_modules/windows-release/node_modules/onetime
4868 silly ADD node_modules/netlify-cli/node_modules/windows-release/node_modules/npm-run-path
4869 silly ADD node_modules/netlify-cli/node_modules/windows-release/node_modules/is-stream
4870 silly ADD node_modules/netlify-cli/node_modules/windows-release/node_modules/human-signals
4871 silly ADD node_modules/netlify-cli/node_modules/windows-release/node_modules/get-stream
4872 silly ADD node_modules/netlify-cli/node_modules/windows-release/node_modules/execa
4873 silly ADD node_modules/netlify-cli/node_modules/widest-line
4874 silly ADD node_modules/netlify-cli/node_modules/which
4875 silly ADD node_modules/netlify-cli/node_modules/which/node_modules/isexe
4876 silly ADD node_modules/netlify-cli/node_modules/when-exit
4877 silly ADD node_modules/netlify-cli/node_modules/whatwg-url
4878 silly ADD node_modules/netlify-cli/node_modules/webidl-conversions
4879 silly ADD node_modules/netlify-cli/node_modules/web-streams-polyfill
4880 silly ADD node_modules/netlify-cli/node_modules/wcwidth
4881 silly ADD node_modules/netlify-cli/node_modules/vary
4882 silly ADD node_modules/netlify-cli/node_modules/validate-npm-package-name
4883 silly ADD node_modules/netlify-cli/node_modules/validate-npm-package-license
4884 silly ADD node_modules/netlify-cli/node_modules/v8-compile-cache-lib
4885 silly ADD node_modules/netlify-cli/node_modules/uuid
4886 silly ADD node_modules/netlify-cli/node_modules/util-deprecate
4887 silly ADD node_modules/netlify-cli/node_modules/urlpattern-polyfill
4888 silly ADD node_modules/netlify-cli/node_modules/uqr
4889 silly ADD node_modules/netlify-cli/node_modules/update-notifier
4890 silly ADD node_modules/netlify-cli/node_modules/untun
4891 silly ADD node_modules/netlify-cli/node_modules/untun/node_modules/pathe
4892 silly ADD node_modules/netlify-cli/node_modules/untildify
4893 silly ADD node_modules/netlify-cli/node_modules/unstorage
4894 silly ADD node_modules/netlify-cli/node_modules/unstorage/node_modules/readdirp
4895 silly ADD node_modules/netlify-cli/node_modules/unstorage/node_modules/lru-cache
4896 silly ADD node_modules/netlify-cli/node_modules/unstorage/node_modules/chokidar
4897 silly ADD node_modules/netlify-cli/node_modules/unpipe
4898 silly ADD node_modules/netlify-cli/node_modules/unixify
4899 silly ADD node_modules/netlify-cli/node_modules/unixify/node_modules/normalize-path
4900 silly ADD
4901 silly ADD node_modules/netlify-cli/node_modules/universal-user-agent
4902 silly ADD node_modules/netlify-cli/node_modules/unicorn-magic
4903 silly ADD node_modules/netlify-cli/node_modules/undici-types
4904 silly ADD node_modules/netlify-cli/node_modules/uncrypto
4905 silly ADD node_modules/netlify-cli/node_modules/ulid
4906 silly ADD node_modules/netlify-cli/node_modules/uid-safe
4907 silly ADD node_modules/netlify-cli/node_modules/ufo
4908 silly ADD node_modules/netlify-cli/node_modules/typescript
4909 silly ADD node_modules/netlify-cli/node_modules/type-fest
4910 silly ADD node_modules/netlify-cli/node_modules/tslib
4911 silly ADD node_modules/netlify-cli/node_modules/ts-node
4912 silly ADD node_modules/netlify-cli/node_modules/ts-api-utils
4913 silly ADD node_modules/netlify-cli/node_modules/triple-beam
4914 silly ADD node_modules/netlify-cli/node_modules/tr46
4915 silly ADD node_modules/netlify-cli/node_modules/tomlify-j0.4
4916 silly ADD node_modules/netlify-cli/node_modules/toml
4917 silly ADD node_modules/netlify-cli/node_modules/toidentifier
4918 silly ADD node_modules/netlify-cli/node_modules/toad-cache
4919 silly ADD node_modules/netlify-cli/node_modules/to-regex-range
4920 silly ADD node_modules/netlify-cli/node_modules/tmp-promise
4921 silly ADD node_modules/netlify-cli/node_modules/tmp
4922 silly ADD node_modules/netlify-cli/node_modules/through2
4923 silly ADD node_modules/netlify-cli/node_modules/through2/node_modules/string_decoder
4924 silly ADD node_modules/netlify-cli/node_modules/through2/node_modules/safe-buffer
4925 silly ADD node_modules/netlify-cli/node_modules/through2/node_modules/readable-stream
4926 silly ADD node_modules/netlify-cli/node_modules/through
4927 silly ADD node_modules/netlify-cli/node_modules/thread-stream
4928 silly ADD node_modules/netlify-cli/node_modules/text-hex
4929 silly ADD node_modules/netlify-cli/node_modules/text-decoder
4930 silly ADD node_modules/netlify-cli/node_modules/terminal-link
4931 silly ADD node_modules/netlify-cli/node_modules/terminal-link/node_modules/supports-hyperlinks
4932 silly ADD node_modules/netlify-cli/node_modules/terminal-link/node_modules/has-flag
4933 silly ADD node_modules/netlify-cli/node_modules/tar-stream
4934 silly ADD node_modules/netlify-cli/node_modules/tar
4935 silly ADD node_modules/netlify-cli/node_modules/tar/node_modules/yallist
4936 silly ADD node_modules/netlify-cli/node_modules/tagged-tag
4937 silly ADD node_modules/netlify-cli/node_modules/system-architecture
4938 silly ADD node_modules/netlify-cli/node_modules/svgo
4939 silly ADD node_modules/netlify-cli/node_modules/svgo/node_modules/commander
4940 silly ADD node_modules/netlify-cli/node_modules/supports-preserve-symlinks-flag
4941 silly ADD node_modules/netlify-cli/node_modules/supports-hyperlinks
4942 silly ADD node_modules/netlify-cli/node_modules/supports-hyperlinks/node_modules/supports-color
4943 silly ADD node_modules/netlify-cli/node_modules/supports-color
4944 silly ADD node_modules/netlify-cli/node_modules/stubborn-fs
4945 silly ADD node_modules/netlify-cli/node_modules/strip-final-newline
4946 silly ADD node_modules/netlify-cli/node_modules/strip-ansi-cjs
4947 silly ADD node_modules/netlify-cli/node_modules/strip-ansi-cjs/node_modules/ansi-regex
4948 silly ADD node_modules/netlify-cli/node_modules/strip-ansi
4949 silly ADD node_modules/netlify-cli/node_modules/string-width-cjs
4950 silly ADD node_modules/netlify-cli/node_modules/string-width-cjs/node_modules/strip-ansi
4951 silly ADD node_modules/netlify-cli/node_modules/string-width-cjs/node_modules/is-fullwidth-code-point
4952 silly ADD node_modules/netlify-cli/node_modules/string-width-cjs/node_modules/emoji-regex
4953 silly ADD node_modules/netlify-cli/node_modules/string-width-cjs/node_modules/ansi-regex
4954 silly ADD node_modules/netlify-cli/node_modules/string-width
4955 silly ADD node_modules/netlify-cli/node_modules/string_decoder
4956 silly ADD node_modules/netlify-cli/node_modules/streamx
4957 silly ADD node_modules/netlify-cli/node_modules/std-env
4958 silly ADD node_modules/netlify-cli/node_modules/statuses
4959 silly ADD node_modules/netlify-cli/node_modules/stackframe
4960 silly ADD node_modules/netlify-cli/node_modules/stack-trace
4961 silly ADD node_modules/netlify-cli/node_modules/stack-generator
4962 silly ADD node_modules/netlify-cli/node_modules/split2
4963 silly ADD node_modules/netlify-cli/node_modules/spdx-license-ids
4964 silly ADD node_modules/netlify-cli/node_modules/spdx-expression-parse
4965 silly ADD node_modules/netlify-cli/node_modules/spdx-exceptions
4966 silly ADD node_modules/netlify-cli/node_modules/spdx-correct
4967 silly ADD node_modules/netlify-cli/node_modules/source-map-support
4968 silly ADD node_modules/netlify-cli/node_modules/source-map-js
4969 silly ADD node_modules/netlify-cli/node_modules/source-map
4970 silly ADD node_modules/netlify-cli/node_modules/sonic-boom
4971 silly ADD node_modules/netlify-cli/node_modules/slice-ansi
4972 silly ADD node_modules/netlify-cli/node_modules/slashes
4973 silly ADD node_modules/netlify-cli/node_modules/slash
4974 silly ADD node_modules/netlify-cli/node_modules/simple-swizzle
4975 silly ADD node_modules/netlify-cli/node_modules/signal-exit
4976 silly ADD node_modules/netlify-cli/node_modules/side-channel-weakmap
4977 silly ADD node_modules/netlify-cli/node_modules/side-channel-map
4978 silly ADD node_modules/netlify-cli/node_modules/side-channel-list
4979 silly ADD node_modules/netlify-cli/node_modules/side-channel
4980 silly ADD node_modules/netlify-cli/node_modules/shebang-regex
4981 silly ADD node_modules/netlify-cli/node_modules/shebang-command
4982 silly ADD node_modules/netlify-cli/node_modules/sharp
4983 silly ADD node_modules/netlify-cli/node_modules/setprototypeof
4984 silly ADD node_modules/netlify-cli/node_modules/set-error-message
4985 silly ADD node_modules/netlify-cli/node_modules/set-cookie-parser
4986 silly ADD node_modules/netlify-cli/node_modules/semver
4987 silly ADD node_modules/netlify-cli/node_modules/secure-json-parse
4988 silly ADD node_modules/netlify-cli/node_modules/sax
4989 silly ADD node_modules/netlify-cli/node_modules/safer-buffer
4990 silly ADD node_modules/netlify-cli/node_modules/safe-stable-stringify
4991 silly ADD node_modules/netlify-cli/node_modules/safe-regex2
4992 silly ADD node_modules/netlify-cli/node_modules/safe-json-stringify
4993 silly ADD node_modules/netlify-cli/node_modules/safe-buffer
4994 silly ADD node_modules/netlify-cli/node_modules/rxjs
4995 silly ADD node_modules/netlify-cli/node_modules/run-parallel
4996 silly ADD node_modules/netlify-cli/node_modules/run-async
4997 silly ADD node_modules/netlify-cli/node_modules/run-applescript
4998 silly ADD node_modules/netlify-cli/node_modules/router
4999 silly ADD node_modules/netlify-cli/node_modules/router/node_modules/path-to-regexp
5000 silly ADD node_modules/netlify-cli/node_modules/router/node_modules/is-promise
5001 silly ADD node_modules/netlify-cli/node_modules/rollup
5002 silly ADD node_modules/netlify-cli/node_modules/rfdc
5003 silly ADD node_modules/netlify-cli/node_modules/reusify
5004 silly ADD node_modules/netlify-cli/node_modules/retry
5005 silly ADD node_modules/netlify-cli/node_modules/ret
5006 silly ADD node_modules/netlify-cli/node_modules/restore-cursor
5007 silly ADD node_modules/netlify-cli/node_modules/resolve-from
5008 silly ADD node_modules/netlify-cli/node_modules/resolve
5009 silly ADD node_modules/netlify-cli/node_modules/requires-port
5010 silly ADD node_modules/netlify-cli/node_modules/require-package-name
5011 silly ADD node_modules/netlify-cli/node_modules/require-in-the-middle
5012 silly ADD node_modules/netlify-cli/node_modules/require-in-the-middle/node_modules/resolve
5013 silly ADD node_modules/netlify-cli/node_modules/require-from-string
5014 silly ADD node_modules/netlify-cli/node_modules/require-directory
5015 silly ADD node_modules/netlify-cli/node_modules/remove-trailing-separator
5016 silly ADD node_modules/netlify-cli/node_modules/registry-url
5017 silly ADD node_modules/netlify-cli/node_modules/registry-auth-token
5018 silly ADD node_modules/netlify-cli/node_modules/real-require
5019 silly ADD node_modules/netlify-cli/node_modules/readdirp
5020 silly ADD node_modules/netlify-cli/node_modules/readdir-glob
5021 silly ADD node_modules/netlify-cli/node_modules/readdir-glob/node_modules/minimatch
5022 silly ADD node_modules/netlify-cli/node_modules/readable-stream
5023 silly ADD node_modules/netlify-cli/node_modules/readable-stream/node_modules/buffer
5024 silly ADD node_modules/netlify-cli/node_modules/read-pkg
5025 silly ADD node_modules/netlify-cli/node_modules/read-pkg/node_modules/normalize-package-data
5026 silly ADD node_modules/netlify-cli/node_modules/read-pkg/node_modules/lru-cache
5027 silly ADD node_modules/netlify-cli/node_modules/read-pkg/node_modules/hosted-git-info
5028 silly ADD node_modules/netlify-cli/node_modules/read-package-up
5029 silly ADD node_modules/netlify-cli/node_modules/read-package-up/node_modules/unicorn-magic
5030 silly ADD node_modules/netlify-cli/node_modules/read-package-up/node_modules/type-fest
5031 silly ADD node_modules/netlify-cli/node_modules/read-package-up/node_modules/read-pkg
5032 silly ADD node_modules/netlify-cli/node_modules/read-package-up/node_modules/normalize-package-data
5033 silly ADD node_modules/netlify-cli/node_modules/read-package-up/node_modules/lru-cache
5034 silly ADD node_modules/netlify-cli/node_modules/read-package-up/node_modules/hosted-git-info
5035 silly ADD node_modules/netlify-cli/node_modules/rc
5036 silly ADD node_modules/netlify-cli/node_modules/rc/node_modules/strip-json-comments
5037 silly ADD node_modules/netlify-cli/node_modules/raw-body
5038 silly ADD node_modules/netlify-cli/node_modules/raw-body/node_modules/iconv-lite
5039 silly ADD node_modules/netlify-cli/node_modules/range-parser
5040 silly ADD node_modules/netlify-cli/node_modules/random-bytes
5041 silly ADD node_modules/netlify-cli/node_modules/radix3
5042 silly ADD node_modules/netlify-cli/node_modules/quote-unquote
5043 silly ADD node_modules/netlify-cli/node_modules/quick-format-unescaped
5044 silly ADD node_modules/netlify-cli/node_modules/queue-microtask
5045 silly ADD node_modules/netlify-cli/node_modules/qs
5046 silly ADD node_modules/netlify-cli/node_modules/pupa
5047 silly ADD node_modules/netlify-cli/node_modules/pump
5048 silly ADD node_modules/netlify-cli/node_modules/ps-list
5049 silly ADD node_modules/netlify-cli/node_modules/proxy-addr
5050 silly ADD node_modules/netlify-cli/node_modules/proto-list
5051 silly ADD node_modules/netlify-cli/node_modules/process-warning
5052 silly ADD node_modules/netlify-cli/node_modules/process-nextick-args
5053 silly ADD node_modules/netlify-cli/node_modules/process
5054 silly ADD node_modules/netlify-cli/node_modules/prettyjson
5055 silly ADD node_modules/netlify-cli/node_modules/pretty-ms
5056 silly ADD node_modules/netlify-cli/node_modules/precond
5057 silly ADD node_modules/netlify-cli/node_modules/precinct
5058 silly ADD node_modules/netlify-cli/node_modules/powershell-utils
5059 silly ADD node_modules/netlify-cli/node_modules/postgres-interval
5060 silly ADD node_modules/netlify-cli/node_modules/postgres-date
5061 silly ADD node_modules/netlify-cli/node_modules/postgres-bytea
5062 silly ADD node_modules/netlify-cli/node_modules/postgres-array
5063 silly ADD node_modules/netlify-cli/node_modules/postcss-values-parser
5064 silly ADD node_modules/netlify-cli/node_modules/postcss
5065 silly ADD node_modules/netlify-cli/node_modules/pkg-types
5066 silly ADD node_modules/netlify-cli/node_modules/pino-std-serializers
5067 silly ADD node_modules/netlify-cli/node_modules/pino
5068 silly ADD node_modules/netlify-cli/node_modules/pino/node_modules/split2
5069 silly ADD node_modules/netlify-cli/node_modules/pino/node_modules/pino-abstract-transport
5070 silly ADD node_modules/netlify-cli/node_modules/picoquery
5071 silly ADD node_modules/netlify-cli/node_modules/picomatch
5072 silly ADD node_modules/netlify-cli/node_modules/picocolors
5073 silly ADD node_modules/netlify-cli/node_modules/pgpass
5074 silly ADD node_modules/netlify-cli/node_modules/pgpass/node_modules/split2
5075 silly ADD node_modules/netlify-cli/node_modules/pg-types
5076 silly ADD node_modules/netlify-cli/node_modules/pg-protocol
5077 silly ADD node_modules/netlify-cli/node_modules/pg-pool
5078 silly ADD node_modules/netlify-cli/node_modules/pg-int8
5079 silly ADD node_modules/netlify-cli/node_modules/pg-gateway
5080 silly ADD node_modules/netlify-cli/node_modules/pg-connection-string
5081 silly ADD node_modules/netlify-cli/node_modules/pg-cloudflare
5082 silly ADD node_modules/netlify-cli/node_modules/pg
5083 silly ADD node_modules/netlify-cli/node_modules/pend
5084 silly ADD node_modules/netlify-cli/node_modules/pathe
5085 silly ADD node_modules/netlify-cli/node_modules/path-type
5086 silly ADD node_modules/netlify-cli/node_modules/path-scurry
5087 silly ADD node_modules/netlify-cli/node_modules/path-scurry/node_modules/lru-cache
5088 silly ADD node_modules/netlify-cli/node_modules/path-parse
5089 silly ADD node_modules/netlify-cli/node_modules/path-key
5090 silly ADD node_modules/netlify-cli/node_modules/path-exists
5091 silly ADD node_modules/netlify-cli/node_modules/parseurl
5092 silly ADD node_modules/netlify-cli/node_modules/parse-ms
5093 silly ADD node_modules/netlify-cli/node_modules/parse-json
5094 silly ADD node_modules/netlify-cli/node_modules/parse-imports
5095 silly ADD node_modules/netlify-cli/node_modules/parse-gitignore
5096 silly ADD node_modules/netlify-cli/node_modules/parse-github-url
5097 silly ADD node_modules/netlify-cli/node_modules/parallel-transform
5098 silly ADD node_modules/netlify-cli/node_modules/parallel-transform/node_modules/string_decoder
5099 silly ADD node_modules/netlify-cli/node_modules/parallel-transform/node_modules/safe-buffer
5100 silly ADD node_modules/netlify-cli/node_modules/parallel-transform/node_modules/readable-stream
5101 silly ADD node_modules/netlify-cli/node_modules/package-json-from-dist
5102 silly ADD node_modules/netlify-cli/node_modules/package-json
5103 silly ADD node_modules/netlify-cli/node_modules/package-directory
5104 silly ADD node_modules/netlify-cli/node_modules/p-wait-for
5105 silly ADD node_modules/netlify-cli/node_modules/p-retry
5106 silly ADD node_modules/netlify-cli/node_modules/p-reduce
5107 silly ADD node_modules/netlify-cli/node_modules/p-map
5108 silly ADD node_modules/netlify-cli/node_modules/p-locate
5109 silly ADD node_modules/netlify-cli/node_modules/p-limit
5110 silly ADD node_modules/netlify-cli/node_modules/p-filter
5111 silly ADD node_modules/netlify-cli/node_modules/p-event
5112 silly ADD node_modules/netlify-cli/node_modules/p-event/node_modules/p-timeout
5113 silly ADD node_modules/netlify-cli/node_modules/os-name
5114 silly ADD node_modules/netlify-cli/node_modules/ora
5115 silly ADD node_modules/netlify-cli/node_modules/ora/node_modules/supports-color
5116 silly ADD node_modules/netlify-cli/node_modules/ora/node_modules/strip-ansi
5117 silly ADD node_modules/netlify-cli/node_modules/ora/node_modules/is-unicode-supported
5118 silly ADD node_modules/netlify-cli/node_modules/ora/node_modules/color-convert
5119 silly ADD node_modules/netlify-cli/node_modules/ora/node_modules/chalk
5120 silly ADD node_modules/netlify-cli/node_modules/ora/node_modules/ansi-styles
5121 silly ADD node_modules/netlify-cli/node_modules/ora/node_modules/ansi-regex
5122 silly ADD node_modules/netlify-cli/node_modules/open
5123 silly ADD node_modules/netlify-cli/node_modules/onetime
5124 silly ADD node_modules/netlify-cli/node_modules/onetime/node_modules/mimic-fn
5125 silly ADD node_modules/netlify-cli/node_modules/one-time
5126 silly ADD node_modules/netlify-cli/node_modules/once
5127 silly ADD node_modules/netlify-cli/node_modules/on-headers
5128 silly ADD node_modules/netlify-cli/node_modules/on-finished
5129 silly ADD node_modules/netlify-cli/node_modules/on-exit-leak-free
5130 silly ADD node_modules/netlify-cli/node_modules/omit.js
5131 silly ADD node_modules/netlify-cli/node_modules/ofetch
5132 silly ADD node_modules/netlify-cli/node_modules/object-inspect
5133 silly ADD node_modules/netlify-cli/node_modules/nth-check
5134 silly ADD node_modules/netlify-cli/node_modules/npm-run-path
5135 silly ADD node_modules/netlify-cli/node_modules/npm-run-path/node_modules/path-key
5136 silly ADD node_modules/netlify-cli/node_modules/normalize-path
5137 silly ADD node_modules/netlify-cli/node_modules/normalize-package-data
5138 silly ADD node_modules/netlify-cli/node_modules/normalize-exception
5139 silly ADD node_modules/netlify-cli/node_modules/nopt
5140 silly ADD node_modules/netlify-cli/node_modules/node-stream-zip
5141 silly ADD node_modules/netlify-cli/node_modules/node-source-walk
5142 silly ADD node_modules/netlify-cli/node_modules/node-mock-http
5143 silly ADD node_modules/netlify-cli/node_modules/node-gyp-build
5144 silly ADD node_modules/netlify-cli/node_modules/node-forge
5145 silly ADD node_modules/netlify-cli/node_modules/node-fetch-native
5146 silly ADD node_modules/netlify-cli/node_modules/node-fetch
5147 silly ADD node_modules/netlify-cli/node_modules/node-domexception
5148 silly ADD node_modules/netlify-cli/node_modules/node-addon-api
5149 silly ADD node_modules/netlify-cli/node_modules/netlify-redirector
5150 silly ADD node_modules/netlify-cli/node_modules/nanospinner
5151 silly ADD node_modules/netlify-cli/node_modules/nanoid
5152 silly ADD
5153 silly ADD node_modules/netlify-cli/node_modules/mute-stream
5154 silly ADD node_modules/netlify-cli/node_modules/multiparty
5155 silly ADD node_modules/netlify-cli/node_modules/multiparty/node_modules/statuses
5156 silly ADD node_modules/netlify-cli/node_modules/multiparty/node_modules/http-errors
5157 silly ADD node_modules/netlify-cli/node_modules/multiparty/node_modules/depd
5158 silly ADD node_modules/netlify-cli/node_modules/ms
5159 silly ADD node_modules/netlify-cli/node_modules/move-file
5160 silly ADD node_modules/netlify-cli/node_modules/module-details-from-path
5161 silly ADD node_modules/netlify-cli/node_modules/module-definition
5162 silly ADD node_modules/netlify-cli/node_modules/modern-tar
5163 silly ADD node_modules/netlify-cli/node_modules/mlly
5164 silly ADD node_modules/netlify-cli/node_modules/minizlib
5165 silly ADD node_modules/netlify-cli/node_modules/minipass
5166 silly ADD node_modules/netlify-cli/node_modules/minimist
5167 silly ADD node_modules/netlify-cli/node_modules/minimatch
5168 silly ADD node_modules/netlify-cli/node_modules/mimic-function
5169 silly ADD node_modules/netlify-cli/node_modules/mimic-fn
5170 silly ADD node_modules/netlify-cli/node_modules/mime
5171 silly ADD node_modules/netlify-cli/node_modules/micromatch
5172 silly ADD node_modules/netlify-cli/node_modules/micromatch/node_modules/picomatch
5173 silly ADD node_modules/netlify-cli/node_modules/micro-memoize
5174 silly ADD node_modules/netlify-cli/node_modules/merge2
5175 silly ADD node_modules/netlify-cli/node_modules/merge-stream
5176 silly ADD node_modules/netlify-cli/node_modules/merge-options
5177 silly ADD node_modules/netlify-cli/node_modules/merge-options/node_modules/is-plain-obj
5178 silly ADD node_modules/netlify-cli/node_modules/memoize-one
5179 silly ADD node_modules/netlify-cli/node_modules/mdn-data
5180 silly ADD node_modules/netlify-cli/node_modules/maxstache-stream
5181 silly ADD node_modules/netlify-cli/node_modules/maxstache-stream/node_modules/pump
5182 silly ADD node_modules/netlify-cli/node_modules/maxstache
5183 silly ADD node_modules/netlify-cli/node_modules/math-intrinsics
5184 silly ADD node_modules/netlify-cli/node_modules/map-obj
5185 silly ADD node_modules/netlify-cli/node_modules/make-error
5186 silly ADD node_modules/netlify-cli/node_modules/magic-string
5187 silly ADD node_modules/netlify-cli/node_modules/macos-release
5188 silly ADD node_modules/netlify-cli/node_modules/luxon
5189 silly ADD node_modules/netlify-cli/node_modules/logform
5190 silly ADD node_modules/netlify-cli/node_modules/log-update
5191 silly ADD node_modules/netlify-cli/node_modules/log-update/node_modules/wrap-ansi
5192 silly ADD node_modules/netlify-cli/node_modules/log-update/node_modules/strip-ansi
5193 silly ADD node_modules/netlify-cli/node_modules/log-update/node_modules/string-width
5194 silly ADD node_modules/netlify-cli/node_modules/log-update/node_modules/signal-exit
5195 silly ADD node_modules/netlify-cli/node_modules/log-update/node_modules/restore-cursor
5196 silly ADD node_modules/netlify-cli/node_modules/log-update/node_modules/onetime
5197 silly ADD node_modules/netlify-cli/node_modules/log-update/node_modules/cli-cursor
5198 silly ADD node_modules/netlify-cli/node_modules/log-symbols
5199 silly ADD node_modules/netlify-cli/node_modules/log-symbols/node_modules/supports-color
5200 silly ADD node_modules/netlify-cli/node_modules/log-symbols/node_modules/is-unicode-supported
5201 silly ADD node_modules/netlify-cli/node_modules/log-symbols/node_modules/color-convert
5202 silly ADD node_modules/netlify-cli/node_modules/log-symbols/node_modules/chalk
5203 silly ADD node_modules/netlify-cli/node_modules/log-symbols/node_modules/ansi-styles
5204 silly ADD node_modules/netlify-cli/node_modules/log-process-errors
5205 silly ADD node_modules/netlify-cli/node_modules/lodash.transform
5206 silly ADD node_modules/netlify-cli/node_modules/lodash.once
5207 silly ADD node_modules/netlify-cli/node_modules/lodash.isstring
5208 silly ADD node_modules/netlify-cli/node_modules/lodash.isplainobject
5209 silly ADD node_modules/netlify-cli/node_modules/lodash.isnumber
5210 silly ADD node_modules/netlify-cli/node_modules/lodash.isinteger
5211 silly ADD node_modules/netlify-cli/node_modules/lodash.isempty
5212 silly ADD node_modules/netlify-cli/node_modules/lodash.isboolean
5213 silly ADD node_modules/netlify-cli/node_modules/lodash.includes
5214 silly ADD node_modules/netlify-cli/node_modules/lodash
5215 silly ADD node_modules/netlify-cli/node_modules/locate-path
5216 silly ADD node_modules/netlify-cli/node_modules/listhen
5217 silly ADD node_modules/netlify-cli/node_modules/listhen/node_modules/pathe
5218 silly ADD node_modules/netlify-cli/node_modules/light-my-request
5219 silly ADD node_modules/netlify-cli/node_modules/light-my-request/node_modules/process-warning
5220 silly ADD node_modules/netlify-cli/node_modules/leven
5221 silly ADD node_modules/netlify-cli/node_modules/lazystream
5222 silly ADD node_modules/netlify-cli/node_modules/lazystream/node_modules/string_decoder
5223 silly ADD node_modules/netlify-cli/node_modules/lazystream/node_modules/safe-buffer
5224 silly ADD node_modules/netlify-cli/node_modules/lazystream/node_modules/readable-stream
5225 silly ADD node_modules/netlify-cli/node_modules/latest-version
5226 silly ADD node_modules/netlify-cli/node_modules/lambda-local
5227 silly ADD node_modules/netlify-cli/node_modules/lambda-local/node_modules/dotenv
5228 silly ADD node_modules/netlify-cli/node_modules/lambda-local/node_modules/commander
5229 silly ADD node_modules/netlify-cli/node_modules/ky
5230 silly ADD node_modules/netlify-cli/node_modules/kuler
5231 silly ADD node_modules/netlify-cli/node_modules/keep-func-props
5232 silly ADD node_modules/netlify-cli/node_modules/jwt-decode
5233 silly ADD node_modules/netlify-cli/node_modules/junk
5234 silly ADD node_modules/netlify-cli/node_modules/jsonwebtoken
5235 silly ADD node_modules/netlify-cli/node_modules/jsonwebtoken/node_modules/jws
5236 silly ADD node_modules/netlify-cli/node_modules/jsonwebtoken/node_modules/jwa
5237 silly ADD node_modules/netlify-cli/node_modules/jsonpointer
5238 silly ADD node_modules/netlify-cli/node_modules/json-schema-traverse
5239 silly ADD node_modules/netlify-cli/node_modules/json-schema-ref-resolver
5240 silly ADD node_modules/netlify-cli/node_modules/js-tokens
5241 silly ADD node_modules/netlify-cli/node_modules/js-image-generator
5242 silly ADD node_modules/netlify-cli/node_modules/jpeg-js
5243 silly ADD node_modules/netlify-cli/node_modules/jiti
5244 silly ADD node_modules/netlify-cli/node_modules/jackspeak
5245 silly ADD node_modules/netlify-cli/node_modules/isexe
5246 silly ADD node_modules/netlify-cli/node_modules/iserror
5247 silly ADD node_modules/netlify-cli/node_modules/isarray
5248 silly ADD node_modules/netlify-cli/node_modules/is64bit
5249 silly ADD node_modules/netlify-cli/node_modules/is-wsl
5250 silly ADD node_modules/netlify-cli/node_modules/is-url-superb
5251 silly ADD node_modules/netlify-cli/node_modules/is-url
5252 silly ADD node_modules/netlify-cli/node_modules/is-unicode-supported
5253 silly ADD node_modules/netlify-cli/node_modules/is-stream
5254 silly ADD node_modules/netlify-cli/node_modules/is-safe-filename
5255 silly ADD node_modules/netlify-cli/node_modules/is-plain-object
5256 silly ADD node_modules/netlify-cli/node_modules/is-plain-obj
5257 silly ADD node_modules/netlify-cli/node_modules/is-path-inside
5258 silly ADD node_modules/netlify-cli/node_modules/is-number
5259 silly ADD node_modules/netlify-cli/node_modules/is-npm
5260 silly ADD node_modules/netlify-cli/node_modules/is-network-error
5261 silly ADD node_modules/netlify-cli/node_modules/is-interactive
5262 silly ADD node_modules/netlify-cli/node_modules/is-installed-globally
5263 silly ADD node_modules/netlify-cli/node_modules/is-inside-container
5264 silly ADD node_modules/netlify-cli/node_modules/is-inside-container/node_modules/is-docker
5265 silly ADD node_modules/netlify-cli/node_modules/is-in-ssh
5266 silly ADD node_modules/netlify-cli/node_modules/is-in-ci
5267 silly ADD node_modules/netlify-cli/node_modules/is-glob
5268 silly ADD node_modules/netlify-cli/node_modules/is-fullwidth-code-point
5269 silly ADD node_modules/netlify-cli/node_modules/is-extglob
5270 silly ADD node_modules/netlify-cli/node_modules/is-error-instance
5271 silly ADD node_modules/netlify-cli/node_modules/is-docker
5272 silly ADD node_modules/netlify-cli/node_modules/is-core-module
5273 silly ADD node_modules/netlify-cli/node_modules/is-arrayish
5274 silly ADD node_modules/netlify-cli/node_modules/iron-webcrypto
5275 silly ADD node_modules/netlify-cli/node_modules/ipx
5276 silly ADD node_modules/netlify-cli/node_modules/ipaddr.js
5277 silly ADD node_modules/netlify-cli/node_modules/inquirer-autocomplete-prompt
5278 silly ADD node_modules/netlify-cli/node_modules/inquirer-autocomplete-prompt/node_modules/type-fest
5279 silly ADD node_modules/netlify-cli/node_modules/inquirer-autocomplete-prompt/node_modules/tslib
5280 silly ADD node_modules/netlify-cli/node_modules/inquirer-autocomplete-prompt/node_modules/supports-color
5281 silly ADD node_modules/netlify-cli/node_modules/inquirer-autocomplete-prompt/node_modules/rxjs
5282 silly ADD node_modules/netlify-cli/node_modules/inquirer-autocomplete-prompt/node_modules/figures
5283 silly ADD node_modules/netlify-cli/node_modules/inquirer-autocomplete-prompt/node_modules/escape-string-regexp
5284 silly ADD node_modules/netlify-cli/node_modules/inquirer-autocomplete-prompt/node_modules/color-convert
5285 silly ADD node_modules/netlify-cli/node_modules/inquirer-autocomplete-prompt/node_modules/chalk
5286 silly ADD node_modules/netlify-cli/node_modules/inquirer-autocomplete-prompt/node_modules/ansi-styles
5287 silly ADD node_modules/netlify-cli/node_modules/inquirer-autocomplete-prompt/node_modules/ansi-escapes
5288 silly ADD node_modules/netlify-cli/node_modules/inquirer
5289 silly ADD node_modules/netlify-cli/node_modules/inquirer/node_modules/wrap-ansi
5290 silly ADD node_modules/netlify-cli/node_modules/inquirer/node_modules/type-fest
5291 silly ADD node_modules/netlify-cli/node_modules/inquirer/node_modules/supports-color
5292 silly ADD node_modules/netlify-cli/node_modules/inquirer/node_modules/strip-ansi
5293 silly ADD node_modules/netlify-cli/node_modules/inquirer/node_modules/string-width
5294 silly ADD node_modules/netlify-cli/node_modules/inquirer/node_modules/is-fullwidth-code-point
5295 silly ADD node_modules/netlify-cli/node_modules/inquirer/node_modules/figures
5296 silly ADD node_modules/netlify-cli/node_modules/inquirer/node_modules/escape-string-regexp
5297 silly ADD node_modules/netlify-cli/node_modules/inquirer/node_modules/emoji-regex
5298 silly ADD node_modules/netlify-cli/node_modules/inquirer/node_modules/color-convert
5299 silly ADD node_modules/netlify-cli/node_modules/inquirer/node_modules/chalk
5300 silly ADD node_modules/netlify-cli/node_modules/inquirer/node_modules/ansi-styles
5301 silly ADD node_modules/netlify-cli/node_modules/inquirer/node_modules/ansi-regex
5302 silly ADD node_modules/netlify-cli/node_modules/inquirer/node_modules/ansi-escapes
5303 silly ADD node_modules/netlify-cli/node_modules/ini
5304 silly ADD node_modules/netlify-cli/node_modules/inherits
5305 silly ADD node_modules/netlify-cli/node_modules/index-to-position
5306 silly ADD node_modules/netlify-cli/node_modules/indent-string
5307 silly ADD node_modules/netlify-cli/node_modules/imurmurhash
5308 silly ADD node_modules/netlify-cli/node_modules/import-in-the-middle
5309 silly ADD node_modules/netlify-cli/node_modules/image-size
5310 silly ADD node_modules/netlify-cli/node_modules/image-meta
5311 silly ADD node_modules/netlify-cli/node_modules/ieee754
5312 silly ADD node_modules/netlify-cli/node_modules/human-signals
5313 silly ADD node_modules/netlify-cli/node_modules/https-proxy-agent
5314 silly ADD node_modules/netlify-cli/node_modules/https-proxy-agent/node_modules/agent-base
5315 silly ADD node_modules/netlify-cli/node_modules/http-shutdown
5316 silly ADD node_modules/netlify-cli/node_modules/http-proxy-middleware
5317 silly ADD node_modules/netlify-cli/node_modules/http-proxy
5318 silly ADD node_modules/netlify-cli/node_modules/http-errors
5319 silly ADD node_modules/netlify-cli/node_modules/hot-shots
5320 silly ADD node_modules/netlify-cli/node_modules/hosted-git-info
5321 silly ADD node_modules/netlify-cli/node_modules/hosted-git-info/node_modules/lru-cache
5322 silly ADD node_modules/netlify-cli/node_modules/hasown
5323 silly ADD node_modules/netlify-cli/node_modules/has-symbols
5324 silly ADD node_modules/netlify-cli/node_modules/has-flag
5325 silly ADD node_modules/netlify-cli/node_modules/h3
5326 silly ADD node_modules/netlify-cli/node_modules/graceful-fs
5327 silly ADD node_modules/netlify-cli/node_modules/gopd
5328 silly ADD node_modules/netlify-cli/node_modules/gonzales-pe
5329 silly ADD node_modules/netlify-cli/node_modules/globby
5330 silly ADD node_modules/netlify-cli/node_modules/globby/node_modules/unicorn-magic
5331 silly ADD node_modules/netlify-cli/node_modules/globby/node_modules/ignore
5332 silly ADD node_modules/netlify-cli/node_modules/global-directory
5333 silly ADD node_modules/netlify-cli/node_modules/global-directory/node_modules/ini
5334 silly ADD node_modules/netlify-cli/node_modules/glob
5335 silly ADD node_modules/netlify-cli/node_modules/gitconfiglocal
5336 silly ADD node_modules/netlify-cli/node_modules/git-repo-info
5337 silly ADD node_modules/netlify-cli/node_modules/get-stream
5338 silly ADD node_modules/netlify-cli/node_modules/get-proto
5339 silly ADD node_modules/netlify-cli/node_modules/get-port-please
5340 silly ADD node_modules/netlify-cli/node_modules/get-port
5341 silly ADD node_modules/netlify-cli/node_modules/get-intrinsic
5342 silly ADD node_modules/netlify-cli/node_modules/get-east-asian-width
5343 silly ADD node_modules/netlify-cli/node_modules/get-caller-file
5344 silly ADD node_modules/netlify-cli/node_modules/get-amd-module-type
5345 silly ADD node_modules/netlify-cli/node_modules/fuzzy
5346 silly ADD node_modules/netlify-cli/node_modules/function-bind
5347 silly ADD node_modules/netlify-cli/node_modules/fsevents
5348 silly ADD node_modules/netlify-cli/node_modules/from2
5349 silly ADD node_modules/netlify-cli/node_modules/from2/node_modules/string_decoder
5350 silly ADD node_modules/netlify-cli/node_modules/from2/node_modules/safe-buffer
5351 silly ADD node_modules/netlify-cli/node_modules/from2/node_modules/readable-stream
5352 silly ADD node_modules/netlify-cli/node_modules/forwarded
5353 silly ADD node_modules/netlify-cli/node_modules/formdata-polyfill
5354 silly ADD node_modules/netlify-cli/node_modules/foreground-child
5355 silly ADD node_modules/netlify-cli/node_modules/foreground-child/node_modules/signal-exit
5356 silly ADD node_modules/netlify-cli/node_modules/follow-redirects
5357 silly ADD node_modules/netlify-cli/node_modules/folder-walker
5358 silly ADD node_modules/netlify-cli/node_modules/fn.name
5359 silly ADD node_modules/netlify-cli/node_modules/find-up-simple
5360 silly ADD node_modules/netlify-cli/node_modules/find-up
5361 silly ADD node_modules/netlify-cli/node_modules/find-up/node_modules/unicorn-magic
5362 silly ADD node_modules/netlify-cli/node_modules/find-my-way
5363 silly ADD node_modules/netlify-cli/node_modules/filter-obj
5364 silly ADD node_modules/netlify-cli/node_modules/fill-range
5365 silly ADD node_modules/netlify-cli/node_modules/file-uri-to-path
5366 silly ADD node_modules/netlify-cli/node_modules/figures
5367 silly ADD node_modules/netlify-cli/node_modules/fetch-blob
5368 silly ADD node_modules/netlify-cli/node_modules/fecha
5369 silly ADD node_modules/netlify-cli/node_modules/fdir
5370 silly ADD node_modules/netlify-cli/node_modules/fd-slicer
5371 silly ADD node_modules/netlify-cli/node_modules/fastq
5372 silly ADD node_modules/netlify-cli/node_modules/fastify-plugin
5373 silly ADD node_modules/netlify-cli/node_modules/fastify
5374 silly ADD node_modules/netlify-cli/node_modules/fastest-levenshtein
5375 silly ADD node_modules/netlify-cli/node_modules/fast-uri
5376 silly ADD node_modules/netlify-cli/node_modules/fast-stringify
5377 silly ADD node_modules/netlify-cli/node_modules/fast-safe-stringify
5378 silly ADD node_modules/netlify-cli/node_modules/fast-querystring
5379 silly ADD node_modules/netlify-cli/node_modules/fast-json-stringify
5380 silly ADD node_modules/netlify-cli/node_modules/fast-glob
5381 silly ADD node_modules/netlify-cli/node_modules/fast-glob/node_modules/glob-parent
5382 silly ADD node_modules/netlify-cli/node_modules/fast-fifo
5383 silly ADD node_modules/netlify-cli/node_modules/fast-equals
5384 silly ADD node_modules/netlify-cli/node_modules/fast-deep-equal
5385 silly ADD node_modules/netlify-cli/node_modules/fast-decode-uri-component
5386 silly ADD node_modules/netlify-cli/node_modules/fast-content-type-parse
5387 silly ADD node_modules/netlify-cli/node_modules/extract-zip
5388 silly ADD node_modules/netlify-cli/node_modules/extract-zip/node_modules/get-stream
5389 silly ADD node_modules/netlify-cli/node_modules/express-logging
5390 silly ADD node_modules/netlify-cli/node_modules/express
5391 silly ADD node_modules/netlify-cli/node_modules/express/node_modules/type-is
5392 silly ADD node_modules/netlify-cli/node_modules/express/node_modules/statuses
5393 silly ADD node_modules/netlify-cli/node_modules/express/node_modules/serve-static
5394 silly ADD node_modules/netlify-cli/node_modules/express/node_modules/send
5395 silly ADD node_modules/netlify-cli/node_modules/express/node_modules/negotiator
5396 silly ADD node_modules/netlify-cli/node_modules/express/node_modules/mime-types
5397 silly ADD node_modules/netlify-cli/node_modules/express/node_modules/mime-db
5398 silly ADD node_modules/netlify-cli/node_modules/express/node_modules/merge-descriptors
5399 silly ADD node_modules/netlify-cli/node_modules/express/node_modules/media-typer
5400 silly ADD node_modules/netlify-cli/node_modules/express/node_modules/iconv-lite
5401 silly ADD node_modules/netlify-cli/node_modules/express/node_modules/http-errors
5402 silly ADD node_modules/netlify-cli/node_modules/express/node_modules/fresh
5403 silly ADD node_modules/netlify-cli/node_modules/express/node_modules/finalhandler
5404 silly ADD node_modules/netlify-cli/node_modules/express/node_modules/cookie-signature
5405 silly ADD node_modules/netlify-cli/node_modules/express/node_modules/cookie
5406 silly ADD node_modules/netlify-cli/node_modules/express/node_modules/content-disposition
5407 silly ADD node_modules/netlify-cli/node_modules/express/node_modules/body-parser
5408 silly ADD node_modules/netlify-cli/node_modules/express/node_modules/accepts
5409 silly ADD node_modules/netlify-cli/node_modules/execa
5410 silly ADD node_modules/netlify-cli/node_modules/execa/node_modules/is-stream
5411 silly ADD node_modules/netlify-cli/node_modules/execa/node_modules/get-stream
5412 silly ADD node_modules/netlify-cli/node_modules/events-universal
5413 silly ADD node_modules/netlify-cli/node_modules/events
5414 silly ADD node_modules/netlify-cli/node_modules/eventemitter3
5415 silly ADD node_modules/netlify-cli/node_modules/event-target-shim
5416 silly ADD node_modules/netlify-cli/node_modules/etag
5417 silly ADD node_modules/netlify-cli/node_modules/esutils
5418 silly ADD node_modules/netlify-cli/node_modules/estree-walker
5419 silly ADD node_modules/netlify-cli/node_modules/estraverse
5420 silly ADD node_modules/netlify-cli/node_modules/esprima
5421 silly ADD node_modules/netlify-cli/node_modules/escodegen
5422 silly ADD node_modules/netlify-cli/node_modules/escape-string-regexp
5423 silly ADD node_modules/netlify-cli/node_modules/escape-html
5424 silly ADD node_modules/netlify-cli/node_modules/escape-goat
5425 silly ADD node_modules/netlify-cli/node_modules/escalade
5426 silly ADD node_modules/netlify-cli/node_modules/es-object-atoms
5427 silly ADD node_modules/netlify-cli/node_modules/es-module-lexer
5428 silly ADD node_modules/netlify-cli/node_modules/es-errors
5429 silly ADD node_modules/netlify-cli/node_modules/es-define-property
5430 silly ADD node_modules/netlify-cli/node_modules/error-stack-parser
5431 silly ADD node_modules/netlify-cli/node_modules/environment
5432 silly ADD node_modules/netlify-cli/node_modules/envinfo
5433 silly ADD node_modules/netlify-cli/node_modules/env-paths
5434 silly ADD node_modules/netlify-cli/node_modules/entities
5435 silly ADD node_modules/netlify-cli/node_modules/enquirer
5436 silly ADD node_modules/netlify-cli/node_modules/enquirer/node_modules/strip-ansi
5437 silly ADD node_modules/netlify-cli/node_modules/enquirer/node_modules/ansi-regex
5438 silly ADD node_modules/netlify-cli/node_modules/end-of-stream
5439 silly ADD node_modules/netlify-cli/node_modules/encodeurl
5440 silly ADD node_modules/netlify-cli/node_modules/enabled
5441 silly ADD node_modules/netlify-cli/node_modules/empathic
5442 silly ADD node_modules/netlify-cli/node_modules/emoji-regex
5443 silly ADD node_modules/netlify-cli/node_modules/ee-first
5444 silly ADD node_modules/netlify-cli/node_modules/ecdsa-sig-formatter
5445 silly ADD node_modules/netlify-cli/node_modules/eastasianwidth
5446 silly ADD node_modules/netlify-cli/node_modules/dunder-proto
5447 silly ADD node_modules/netlify-cli/node_modules/dotenv
5448 silly ADD node_modules/netlify-cli/node_modules/dot-prop
5449 silly ADD node_modules/netlify-cli/node_modules/dot-prop/node_modules/type-fest
5450 silly ADD node_modules/netlify-cli/node_modules/domutils
5451 silly ADD node_modules/netlify-cli/node_modules/domhandler
5452 silly ADD node_modules/netlify-cli/node_modules/domelementtype
5453 silly ADD node_modules/netlify-cli/node_modules/dom-serializer
5454 silly ADD node_modules/netlify-cli/node_modules/dom-serializer/node_modules/entities
5455 silly ADD node_modules/netlify-cli/node_modules/diff
5456 silly ADD node_modules/netlify-cli/node_modules/dettle
5457 silly ADD node_modules/netlify-cli/node_modules/detective-vue2
5458 silly ADD node_modules/netlify-cli/node_modules/detective-typescript
5459 silly ADD node_modules/netlify-cli/node_modules/detective-stylus
5460 silly ADD node_modules/netlify-cli/node_modules/detective-scss
5461 silly ADD node_modules/netlify-cli/node_modules/detective-sass
5462 silly ADD node_modules/netlify-cli/node_modules/detective-postcss
5463 silly ADD node_modules/netlify-cli/node_modules/detective-es6
5464 silly ADD node_modules/netlify-cli/node_modules/detective-cjs
5465 silly ADD node_modules/netlify-cli/node_modules/detective-amd
5466 silly ADD node_modules/netlify-cli/node_modules/detect-libc
5467 silly ADD node_modules/netlify-cli/node_modules/destr
5468 silly ADD node_modules/netlify-cli/node_modules/dequal
5469 silly ADD node_modules/netlify-cli/node_modules/depd
5470 silly ADD node_modules/netlify-cli/node_modules/defu
5471 silly ADD node_modules/netlify-cli/node_modules/define-lazy-prop
5472 silly ADD node_modules/netlify-cli/node_modules/defaults
5473 silly ADD node_modules/netlify-cli/node_modules/default-browser-id
5474 silly ADD node_modules/netlify-cli/node_modules/default-browser
5475 silly ADD node_modules/netlify-cli/node_modules/deepmerge
5476 silly ADD node_modules/netlify-cli/node_modules/deep-extend
5477 silly ADD node_modules/netlify-cli/node_modules/decache
5478 silly ADD node_modules/netlify-cli/node_modules/debug
5479 silly ADD node_modules/netlify-cli/node_modules/data-uri-to-buffer
5480 silly ADD node_modules/netlify-cli/node_modules/cyclist
5481 silly ADD node_modules/netlify-cli/node_modules/csso
5482 silly ADD node_modules/netlify-cli/node_modules/csso/node_modules/mdn-data
5483 silly ADD node_modules/netlify-cli/node_modules/csso/node_modules/css-tree
5484 silly ADD node_modules/netlify-cli/node_modules/cssfilter
5485 silly ADD node_modules/netlify-cli/node_modules/css-what
5486 silly ADD node_modules/netlify-cli/node_modules/css-tree
5487 silly ADD node_modules/netlify-cli/node_modules/css-select
5488 silly ADD node_modules/netlify-cli/node_modules/crossws
5489 silly ADD node_modules/netlify-cli/node_modules/cross-spawn
5490 silly ADD node_modules/netlify-cli/node_modules/cross-spawn/node_modules/path-key
5491 silly ADD node_modules/netlify-cli/node_modules/cron-parser
5492 silly ADD node_modules/netlify-cli/node_modules/create-require
5493 silly ADD node_modules/netlify-cli/node_modules/crc32-stream
5494 silly ADD node_modules/netlify-cli/node_modules/crc-32
5495 silly ADD node_modules/netlify-cli/node_modules/cpy
5496 silly ADD node_modules/netlify-cli/node_modules/core-util-is
5497 silly ADD node_modules/netlify-cli/node_modules/copy-file
5498 silly ADD node_modules/netlify-cli/node_modules/cookie-es
5499 silly ADD node_modules/netlify-cli/node_modules/cookie
5500 silly ADD node_modules/netlify-cli/node_modules/content-type
5501 silly ADD node_modules/netlify-cli/node_modules/consola
5502 silly ADD node_modules/netlify-cli/node_modules/configstore
5503 silly ADD node_modules/netlify-cli/node_modules/configstore/node_modules/dot-prop
5504 silly ADD node_modules/netlify-cli/node_modules/config-chain
5505 silly ADD node_modules/netlify-cli/node_modules/confbox
5506 silly ADD node_modules/netlify-cli/node_modules/compress-commons
5507 silly ADD node_modules/netlify-cli/node_modules/compress-commons/node_modules/is-stream
5508 silly ADD node_modules/netlify-cli/node_modules/common-path-prefix
5509 silly ADD node_modules/netlify-cli/node_modules/comment-json
5510 silly ADD node_modules/netlify-cli/node_modules/commander
5511 silly ADD node_modules/netlify-cli/node_modules/colorspace
5512 silly ADD node_modules/netlify-cli/node_modules/colors
5513 silly ADD node_modules/netlify-cli/node_modules/color-string
5514 silly ADD node_modules/netlify-cli/node_modules/color-name
5515 silly ADD node_modules/netlify-cli/node_modules/color-convert
5516 silly ADD node_modules/netlify-cli/node_modules/color-convert/node_modules/color-name
5517 silly ADD node_modules/netlify-cli/node_modules/color
5518 silly ADD node_modules/netlify-cli/node_modules/clone
5519 silly ADD node_modules/netlify-cli/node_modules/cliui
5520 silly ADD node_modules/netlify-cli/node_modules/cliui/node_modules/wrap-ansi
5521 silly ADD node_modules/netlify-cli/node_modules/cliui/node_modules/strip-ansi
5522 silly ADD node_modules/netlify-cli/node_modules/cliui/node_modules/string-width
5523 silly ADD node_modules/netlify-cli/node_modules/cliui/node_modules/is-fullwidth-code-point
5524 silly ADD node_modules/netlify-cli/node_modules/cliui/node_modules/emoji-regex
5525 silly ADD node_modules/netlify-cli/node_modules/cliui/node_modules/color-convert
5526 silly ADD node_modules/netlify-cli/node_modules/cliui/node_modules/ansi-styles
5527 silly ADD node_modules/netlify-cli/node_modules/cliui/node_modules/ansi-regex
5528 silly ADD node_modules/netlify-cli/node_modules/clipboardy
5529 silly ADD node_modules/netlify-cli/node_modules/clipboardy/node_modules/strip-final-newline
5530 silly ADD node_modules/netlify-cli/node_modules/clipboardy/node_modules/signal-exit
5531 silly ADD node_modules/netlify-cli/node_modules/clipboardy/node_modules/onetime
5532 silly ADD node_modules/netlify-cli/node_modules/clipboardy/node_modules/npm-run-path
5533 silly ADD node_modules/netlify-cli/node_modules/clipboardy/node_modules/is-stream
5534 silly ADD node_modules/netlify-cli/node_modules/clipboardy/node_modules/human-signals
5535 silly ADD node_modules/netlify-cli/node_modules/clipboardy/node_modules/get-stream
5536 silly ADD node_modules/netlify-cli/node_modules/clipboardy/node_modules/execa
5537 silly ADD node_modules/netlify-cli/node_modules/cli-width
5538 silly ADD node_modules/netlify-cli/node_modules/cli-spinners
5539 silly ADD node_modules/netlify-cli/node_modules/cli-cursor
5540 silly ADD node_modules/netlify-cli/node_modules/cli-boxes
5541 silly ADD node_modules/netlify-cli/node_modules/clean-stack
5542 silly ADD node_modules/netlify-cli/node_modules/clean-deep
5543 silly ADD node_modules/netlify-cli/node_modules/cjs-module-lexer
5544 silly ADD node_modules/netlify-cli/node_modules/citty
5545 silly ADD node_modules/netlify-cli/node_modules/ci-info
5546 silly ADD node_modules/netlify-cli/node_modules/chownr
5547 silly ADD node_modules/netlify-cli/node_modules/chokidar
5548 silly ADD node_modules/netlify-cli/node_modules/chardet
5549 silly ADD node_modules/netlify-cli/node_modules/chalk
5550 silly ADD node_modules/netlify-cli/node_modules/camelcase
5551 silly ADD node_modules/netlify-cli/node_modules/callsite
5552 silly ADD node_modules/netlify-cli/node_modules/call-bound
5553 silly ADD node_modules/netlify-cli/node_modules/call-bind-apply-helpers
5554 silly ADD node_modules/netlify-cli/node_modules/bytes
5555 silly ADD node_modules/netlify-cli/node_modules/byline
5556 silly ADD node_modules/netlify-cli/node_modules/bundle-name
5557 silly ADD node_modules/netlify-cli/node_modules/buffer-from
5558 silly ADD node_modules/netlify-cli/node_modules/buffer-equal-constant-time
5559 silly ADD node_modules/netlify-cli/node_modules/buffer-crc32
5560 silly ADD node_modules/netlify-cli/node_modules/buffer
5561 silly ADD node_modules/netlify-cli/node_modules/braces
5562 silly ADD node_modules/netlify-cli/node_modules/brace-expansion
5563 silly ADD node_modules/netlify-cli/node_modules/boxen
5564 silly ADD node_modules/netlify-cli/node_modules/boolbase
5565 silly ADD node_modules/netlify-cli/node_modules/bl
5566 silly ADD node_modules/netlify-cli/node_modules/bl/node_modules/readable-stream
5567 silly ADD node_modules/netlify-cli/node_modules/bindings
5568 silly ADD node_modules/netlify-cli/node_modules/better-ajv-errors
5569 silly ADD node_modules/netlify-cli/node_modules/better-ajv-errors/node_modules/supports-color
5570 silly ADD node_modules/netlify-cli/node_modules/better-ajv-errors/node_modules/color-convert
5571 silly ADD node_modules/netlify-cli/node_modules/better-ajv-errors/node_modules/chalk
5572 silly ADD node_modules/netlify-cli/node_modules/better-ajv-errors/node_modules/ansi-styles
5573 silly ADD node_modules/netlify-cli/node_modules/before-after-hook
5574 silly ADD node_modules/netlify-cli/node_modules/base64-js
5575 silly ADD node_modules/netlify-cli/node_modules/bare-events
5576 silly ADD node_modules/netlify-cli/node_modules/balanced-match
5577 silly ADD node_modules/netlify-cli/node_modules/backoff
5578 silly ADD node_modules/netlify-cli/node_modules/b4a
5579 silly ADD node_modules/netlify-cli/node_modules/avvio
5580 silly ADD node_modules/netlify-cli/node_modules/atomically
5581 silly ADD node_modules/netlify-cli/node_modules/atomic-sleep
5582 silly ADD node_modules/netlify-cli/node_modules/async-sema
5583 silly ADD node_modules/netlify-cli/node_modules/async
5584 silly ADD node_modules/netlify-cli/node_modules/ast-module-types
5585 silly ADD node_modules/netlify-cli/node_modules/ascii-table
5586 silly ADD node_modules/netlify-cli/node_modules/array-timsort
5587 silly ADD node_modules/netlify-cli/node_modules/arg
5588 silly ADD node_modules/netlify-cli/node_modules/archiver-utils
5589 silly ADD node_modules/netlify-cli/node_modules/archiver-utils/node_modules/is-stream
5590 silly ADD node_modules/netlify-cli/node_modules/archiver
5591 silly ADD node_modules/netlify-cli/node_modules/anymatch
5592 silly ADD node_modules/netlify-cli/node_modules/anymatch/node_modules/picomatch
5593 silly ADD node_modules/netlify-cli/node_modules/ansis
5594 silly ADD node_modules/netlify-cli/node_modules/ansi-to-html
5595 silly ADD node_modules/netlify-cli/node_modules/ansi-styles
5596 silly ADD node_modules/netlify-cli/node_modules/ansi-regex
5597 silly ADD node_modules/netlify-cli/node_modules/ansi-escapes
5598 silly ADD node_modules/netlify-cli/node_modules/ansi-colors
5599 silly ADD node_modules/netlify-cli/node_modules/ansi-align
5600 silly ADD node_modules/netlify-cli/node_modules/ansi-align/node_modules/strip-ansi
5601 silly ADD node_modules/netlify-cli/node_modules/ansi-align/node_modules/string-width
5602 silly ADD node_modules/netlify-cli/node_modules/ansi-align/node_modules/is-fullwidth-code-point
5603 silly ADD node_modules/netlify-cli/node_modules/ansi-align/node_modules/emoji-regex
5604 silly ADD node_modules/netlify-cli/node_modules/ansi-align/node_modules/ansi-regex
5605 silly ADD node_modules/netlify-cli/node_modules/ajv-formats
5606 silly ADD node_modules/netlify-cli/node_modules/ajv-errors
5607 silly ADD node_modules/netlify-cli/node_modules/ajv
5608 silly ADD node_modules/netlify-cli/node_modules/agent-base
5609 silly ADD node_modules/netlify-cli/node_modules/acorn-walk
5610 silly ADD node_modules/netlify-cli/node_modules/acorn-import-attributes
5611 silly ADD node_modules/netlify-cli/node_modules/acorn
5612 silly ADD node_modules/netlify-cli/node_modules/abstract-logging
5613 silly ADD node_modules/netlify-cli/node_modules/abort-controller
5614 silly ADD node_modules/netlify-cli/node_modules/abbrev
5615 silly ADD node_modules/netlify-cli/node_modules/@whatwg-node/server
5616 silly ADD node_modules/netlify-cli/node_modules/@whatwg-node/promise-helpers
5617 silly ADD node_modules/netlify-cli/node_modules/@whatwg-node/node-fetch
5618 silly ADD node_modules/netlify-cli/node_modules/@whatwg-node/fetch
5619 silly ADD node_modules/netlify-cli/node_modules/@whatwg-node/fetch/node_modules/urlpattern-polyfill
5620 silly ADD node_modules/netlify-cli/node_modules/@whatwg-node/disposablestack
5621 silly ADD node_modules/netlify-cli/node_modules/@vue/shared
5622 silly ADD node_modules/netlify-cli/node_modules/@vue/compiler-ssr
5623 silly ADD node_modules/netlify-cli/node_modules/@vue/compiler-sfc
5624 silly ADD node_modules/netlify-cli/node_modules/@vue/compiler-dom
5625 silly ADD node_modules/netlify-cli/node_modules/@vue/compiler-core
5626 silly ADD node_modules/netlify-cli/node_modules/@vue/compiler-core/node_modules/entities
5627 silly ADD node_modules/netlify-cli/node_modules/@vercel/nft
5628 silly ADD node_modules/netlify-cli/node_modules/@typescript-eslint/visitor-keys
5629 silly ADD node_modules/netlify-cli/node_modules/@typescript-eslint/visitor-keys/node_modules/eslint-visitor-keys
5630 silly ADD node_modules/netlify-cli/node_modules/@typescript-eslint/typescript-estree
5631 silly ADD node_modules/netlify-cli/node_modules/@typescript-eslint/types
5632 silly ADD node_modules/netlify-cli/node_modules/@typescript-eslint/tsconfig-utils
5633 silly ADD node_modules/netlify-cli/node_modules/@typescript-eslint/project-service
5634 silly ADD node_modules/netlify-cli/node_modules/@types/yauzl
5635 silly ADD node_modules/netlify-cli/node_modules/@types/triple-beam
5636 silly ADD node_modules/netlify-cli/node_modules/@types/retry
5637 silly ADD node_modules/netlify-cli/node_modules/@types/normalize-package-data
5638 silly ADD node_modules/netlify-cli/node_modules/@types/node
5639 silly ADD node_modules/netlify-cli/node_modules/@types/http-proxy
5640 silly ADD node_modules/netlify-cli/node_modules/@types/estree
5641 silly ADD node_modules/netlify-cli/node_modules/@tsconfig/node16
5642 silly ADD node_modules/netlify-cli/node_modules/@tsconfig/node14
5643 silly ADD node_modules/netlify-cli/node_modules/@tsconfig/node12
5644 silly ADD node_modules/netlify-cli/node_modules/@tsconfig/node10
5645 silly ADD node_modules/netlify-cli/node_modules/@sveltejs/acorn-typescript
5646 silly ADD node_modules/netlify-cli/node_modules/@sindresorhus/transliterate
5647 silly ADD node_modules/netlify-cli/node_modules/@sindresorhus/merge-streams
5648 silly ADD node_modules/netlify-cli/node_modules/@sec-ant/readable-stream
5649 silly ADD node_modules/netlify-cli/node_modules/@rollup/rollup-win32-x64-msvc
5650 silly ADD node_modules/netlify-cli/node_modules/@rollup/rollup-win32-x64-gnu
5651 silly ADD node_modules/netlify-cli/node_modules/@rollup/rollup-win32-ia32-msvc
5652 silly ADD node_modules/netlify-cli/node_modules/@rollup/rollup-win32-arm64-msvc
5653 silly ADD node_modules/netlify-cli/node_modules/@rollup/rollup-openharmony-arm64
5654 silly ADD node_modules/netlify-cli/node_modules/@rollup/rollup-openbsd-x64
5655 silly ADD node_modules/netlify-cli/node_modules/@rollup/rollup-linux-x64-musl
5656 silly ADD node_modules/netlify-cli/node_modules/@rollup/rollup-linux-x64-gnu
5657 silly ADD node_modules/netlify-cli/node_modules/@rollup/rollup-linux-s390x-gnu
5658 silly ADD node_modules/netlify-cli/node_modules/@rollup/rollup-linux-riscv64-musl
5659 silly ADD node_modules/netlify-cli/node_modules/@rollup/rollup-linux-riscv64-gnu
5660 silly ADD node_modules/netlify-cli/node_modules/@rollup/rollup-linux-ppc64-musl
5661 silly ADD node_modules/netlify-cli/node_modules/@rollup/rollup-linux-ppc64-gnu
5662 silly ADD node_modules/netlify-cli/node_modules/@rollup/rollup-linux-loong64-musl
5663 silly ADD node_modules/netlify-cli/node_modules/@rollup/rollup-linux-loong64-gnu
5664 silly ADD node_modules/netlify-cli/node_modules/@rollup/rollup-linux-arm64-musl
5665 silly ADD node_modules/netlify-cli/node_modules/@rollup/rollup-linux-arm64-gnu
5666 silly ADD node_modules/netlify-cli/node_modules/@rollup/rollup-linux-arm-musleabihf
5667 silly ADD node_modules/netlify-cli/node_modules/@rollup/rollup-linux-arm-gnueabihf
5668 silly ADD node_modules/netlify-cli/node_modules/@rollup/rollup-freebsd-x64
5669 silly ADD node_modules/netlify-cli/node_modules/@rollup/rollup-freebsd-arm64
5670 silly ADD node_modules/netlify-cli/node_modules/@rollup/rollup-darwin-x64
5671 silly ADD node_modules/netlify-cli/node_modules/@rollup/rollup-darwin-arm64
5672 silly ADD node_modules/netlify-cli/node_modules/@rollup/rollup-android-arm64
5673 silly ADD node_modules/netlify-cli/node_modules/@rollup/rollup-android-arm-eabi
5674 silly ADD node_modules/netlify-cli/node_modules/@rollup/pluginutils
5675 silly ADD node_modules/netlify-cli/node_modules/@pnpm/tabtab
5676 silly ADD node_modules/netlify-cli/node_modules/@pnpm/npm-conf
5677 silly ADD node_modules/netlify-cli/node_modules/@pnpm/network.ca-file
5678 silly ADD node_modules/netlify-cli/node_modules/@pnpm/network.ca-file/node_modules/graceful-fs
5679 silly ADD node_modules/netlify-cli/node_modules/@pnpm/config.env-replace
5680 silly ADD node_modules/netlify-cli/node_modules/@pkgjs/parseargs
5681 silly ADD node_modules/netlify-cli/node_modules/@pinojs/redact
5682 silly ADD node_modules/netlify-cli/node_modules/@parcel/watcher-win32-x64
5683 silly ADD node_modules/netlify-cli/node_modules/@parcel/watcher-win32-ia32
5684 silly ADD node_modules/netlify-cli/node_modules/@parcel/watcher-win32-arm64
5685 silly ADD node_modules/netlify-cli/node_modules/@parcel/watcher-wasm
5686 silly ADD node_modules/netlify-cli/node_modules/@parcel/watcher-linux-x64-musl
5687 silly ADD node_modules/netlify-cli/node_modules/@parcel/watcher-linux-x64-glibc
5688 silly ADD node_modules/netlify-cli/node_modules/@parcel/watcher-linux-arm64-musl
5689 silly ADD node_modules/netlify-cli/node_modules/@parcel/watcher-linux-arm64-glibc
5690 silly ADD node_modules/netlify-cli/node_modules/@parcel/watcher-linux-arm-musl
5691 silly ADD node_modules/netlify-cli/node_modules/@parcel/watcher-linux-arm-glibc
5692 silly ADD node_modules/netlify-cli/node_modules/@parcel/watcher-freebsd-x64
5693 silly ADD node_modules/netlify-cli/node_modules/@parcel/watcher-darwin-x64
5694 silly ADD node_modules/netlify-cli/node_modules/@parcel/watcher-darwin-arm64
5695 silly ADD node_modules/netlify-cli/node_modules/@parcel/watcher-android-arm64
5696 silly ADD node_modules/netlify-cli/node_modules/@parcel/watcher
5697 silly ADD node_modules/netlify-cli/node_modules/@parcel/watcher/node_modules/detect-libc
5698 silly ADD node_modules/netlify-cli/node_modules/@opentelemetry/semantic-conventions
5699 silly ADD node_modules/netlify-cli/node_modules/@opentelemetry/sdk-trace-node
5700 silly ADD node_modules/netlify-cli/node_modules/@opentelemetry/sdk-trace-base
5701 silly ADD node_modules/netlify-cli/node_modules/@opentelemetry/resources
5702 silly ADD node_modules/netlify-cli/node_modules/@opentelemetry/propagator-jaeger
5703 silly ADD node_modules/netlify-cli/node_modules/@opentelemetry/propagator-b3
5704 silly ADD node_modules/netlify-cli/node_modules/@opentelemetry/instrumentation
5705 silly ADD node_modules/netlify-cli/node_modules/@opentelemetry/core
5706 silly ADD node_modules/netlify-cli/node_modules/@opentelemetry/context-async-hooks
5707 silly ADD node_modules/netlify-cli/node_modules/@opentelemetry/api-logs
5708 silly ADD node_modules/netlify-cli/node_modules/@opentelemetry/api
5709 silly ADD node_modules/netlify-cli/node_modules/@octokit/types
5710 silly ADD node_modules/netlify-cli/node_modules/@octokit/rest
5711 silly ADD node_modules/netlify-cli/node_modules/@octokit/request-error
5712 silly ADD node_modules/netlify-cli/node_modules/@octokit/request
5713 silly ADD node_modules/netlify-cli/node_modules/@octokit/plugin-rest-endpoint-methods
5714 silly ADD node_modules/netlify-cli/node_modules/@octokit/plugin-request-log
5715 silly ADD node_modules/netlify-cli/node_modules/@octokit/plugin-paginate-rest
5716 silly ADD node_modules/netlify-cli/node_modules/@octokit/openapi-types
5717 silly ADD node_modules/netlify-cli/node_modules/@octokit/graphql
5718 silly ADD node_modules/netlify-cli/node_modules/@octokit/endpoint
5719 silly ADD node_modules/netlify-cli/node_modules/@octokit/core
5720 silly ADD node_modules/netlify-cli/node_modules/@octokit/auth-token
5721 silly ADD node_modules/netlify-cli/node_modules/@nodelib/fs.walk
5722 silly ADD node_modules/netlify-cli/node_modules/@nodelib/fs.stat
5723 silly ADD node_modules/netlify-cli/node_modules/@nodelib/fs.scandir
5724 silly ADD node_modules/netlify-cli/node_modules/@netlify/zip-it-and-ship-it
5725 silly ADD node_modules/netlify-cli/node_modules/@netlify/zip-it-and-ship-it/node_modules/strip-final-newline
5726 silly ADD node_modules/netlify-cli/node_modules/@netlify/zip-it-and-ship-it/node_modules/signal-exit
5727 silly ADD node_modules/netlify-cli/node_modules/@netlify/zip-it-and-ship-it/node_modules/onetime
5728 silly ADD node_modules/netlify-cli/node_modules/@netlify/zip-it-and-ship-it/node_modules/npm-run-path
5729 silly ADD node_modules/netlify-cli/node_modules/@netlify/zip-it-and-ship-it/node_modules/minimatch
5730 silly ADD node_modules/netlify-cli/node_modules/@netlify/zip-it-and-ship-it/node_modules/locate-path
5731 silly ADD node_modules/netlify-cli/node_modules/@netlify/zip-it-and-ship-it/node_modules/is-stream
5732 silly ADD node_modules/netlify-cli/node_modules/@netlify/zip-it-and-ship-it/node_modules/human-signals
5733 silly ADD node_modules/netlify-cli/node_modules/@netlify/zip-it-and-ship-it/node_modules/get-stream
5734 silly ADD node_modules/netlify-cli/node_modules/@netlify/zip-it-and-ship-it/node_modules/find-up
5735 silly ADD node_modules/netlify-cli/node_modules/@netlify/zip-it-and-ship-it/node_modules/execa
5736 silly ADD node_modules/netlify-cli/node_modules/@netlify/zip-it-and-ship-it/node_modules/esbuild
5737 silly ADD node_modules/netlify-cli/node_modules/@netlify/zip-it-and-ship-it/node_modules/brace-expansion
5738 silly ADD node_modules/netlify-cli/node_modules/@netlify/zip-it-and-ship-it/node_modules/balanced-match
5739 silly ADD node_modules/netlify-cli/node_modules/@netlify/zip-it-and-ship-it/node_modules/@esbuild/win32-x64
5740 silly ADD node_modules/netlify-cli/node_modules/@netlify/zip-it-and-ship-it/node_modules/@esbuild/win32-ia32
5741 silly ADD node_modules/netlify-cli/node_modules/@netlify/zip-it-and-ship-it/node_modules/@esbuild/win32-arm64
5742 silly ADD node_modules/netlify-cli/node_modules/@netlify/zip-it-and-ship-it/node_modules/@esbuild/sunos-x64
5743 silly ADD node_modules/netlify-cli/node_modules/@netlify/zip-it-and-ship-it/node_modules/@esbuild/openharmony-arm64
5744 silly ADD node_modules/netlify-cli/node_modules/@netlify/zip-it-and-ship-it/node_modules/@esbuild/openbsd-x64
5745 silly ADD node_modules/netlify-cli/node_modules/@netlify/zip-it-and-ship-it/node_modules/@esbuild/openbsd-arm64
5746 silly ADD node_modules/netlify-cli/node_modules/@netlify/zip-it-and-ship-it/node_modules/@esbuild/netbsd-x64
5747 silly ADD node_modules/netlify-cli/node_modules/@netlify/zip-it-and-ship-it/node_modules/@esbuild/netbsd-arm64
5748 silly ADD node_modules/netlify-cli/node_modules/@netlify/zip-it-and-ship-it/node_modules/@esbuild/linux-x64
5749 silly ADD node_modules/netlify-cli/node_modules/@netlify/zip-it-and-ship-it/node_modules/@esbuild/linux-s390x
5750 silly ADD node_modules/netlify-cli/node_modules/@netlify/zip-it-and-ship-it/node_modules/@esbuild/linux-riscv64
5751 silly ADD node_modules/netlify-cli/node_modules/@netlify/zip-it-and-ship-it/node_modules/@esbuild/linux-ppc64
5752 silly ADD node_modules/netlify-cli/node_modules/@netlify/zip-it-and-ship-it/node_modules/@esbuild/linux-mips64el
5753 silly ADD node_modules/netlify-cli/node_modules/@netlify/zip-it-and-ship-it/node_modules/@esbuild/linux-loong64
5754 silly ADD node_modules/netlify-cli/node_modules/@netlify/zip-it-and-ship-it/node_modules/@esbuild/linux-ia32
5755 silly ADD node_modules/netlify-cli/node_modules/@netlify/zip-it-and-ship-it/node_modules/@esbuild/linux-arm64
5756 silly ADD node_modules/netlify-cli/node_modules/@netlify/zip-it-and-ship-it/node_modules/@esbuild/linux-arm
5757 silly ADD node_modules/netlify-cli/node_modules/@netlify/zip-it-and-ship-it/node_modules/@esbuild/freebsd-x64
5758 silly ADD node_modules/netlify-cli/node_modules/@netlify/zip-it-and-ship-it/node_modules/@esbuild/freebsd-arm64
5759 silly ADD node_modules/netlify-cli/node_modules/@netlify/zip-it-and-ship-it/node_modules/@esbuild/darwin-x64
5760 silly ADD node_modules/netlify-cli/node_modules/@netlify/zip-it-and-ship-it/node_modules/@esbuild/darwin-arm64
5761 silly ADD node_modules/netlify-cli/node_modules/@netlify/zip-it-and-ship-it/node_modules/@esbuild/android-x64
5762 silly ADD node_modules/netlify-cli/node_modules/@netlify/zip-it-and-ship-it/node_modules/@esbuild/android-arm64
5763 silly ADD node_modules/netlify-cli/node_modules/@netlify/zip-it-and-ship-it/node_modules/@esbuild/android-arm
5764 silly ADD node_modules/netlify-cli/node_modules/@netlify/zip-it-and-ship-it/node_modules/@esbuild/aix-ppc64
5765 silly ADD node_modules/netlify-cli/node_modules/@netlify/types
5766 silly ADD node_modules/netlify-cli/node_modules/@netlify/static
5767 silly ADD node_modules/netlify-cli/node_modules/@netlify/static/node_modules/mime-types
5768 silly ADD node_modules/netlify-cli/node_modules/@netlify/static/node_modules/mime-db
5769 silly ADD node_modules/netlify-cli/node_modules/@netlify/serverless-functions-api
5770 silly ADD node_modules/netlify-cli/node_modules/@netlify/runtime-utils
5771 silly ADD node_modules/netlify-cli/node_modules/@netlify/runtime
5772 silly ADD node_modules/netlify-cli/node_modules/@netlify/runtime/node_modules/@netlify/blobs
5773 silly ADD node_modules/netlify-cli/node_modules/@netlify/run-utils
5774 silly ADD node_modules/netlify-cli/node_modules/@netlify/run-utils/node_modules/strip-final-newline
5775 silly ADD node_modules/netlify-cli/node_modules/@netlify/run-utils/node_modules/signal-exit
5776 silly ADD node_modules/netlify-cli/node_modules/@netlify/run-utils/node_modules/onetime
5777 silly ADD node_modules/netlify-cli/node_modules/@netlify/run-utils/node_modules/npm-run-path
5778 silly ADD node_modules/netlify-cli/node_modules/@netlify/run-utils/node_modules/is-stream
5779 silly ADD node_modules/netlify-cli/node_modules/@netlify/run-utils/node_modules/human-signals
5780 silly ADD node_modules/netlify-cli/node_modules/@netlify/run-utils/node_modules/get-stream
5781 silly ADD node_modules/netlify-cli/node_modules/@netlify/run-utils/node_modules/execa
5782 silly ADD node_modules/netlify-cli/node_modules/@netlify/redirects
5783 silly ADD node_modules/netlify-cli/node_modules/@netlify/redirect-parser
5784 silly ADD node_modules/netlify-cli/node_modules/@netlify/plugins-list
5785 silly ADD node_modules/netlify-cli/node_modules/@netlify/otel
5786 silly ADD node_modules/netlify-cli/node_modules/@netlify/otel/node_modules/@opentelemetry/api
5787 silly ADD node_modules/netlify-cli/node_modules/@netlify/opentelemetry-utils
5788 silly ADD node_modules/netlify-cli/node_modules/@netlify/open-api
5789 silly ADD node_modules/netlify-cli/node_modules/@netlify/local-functions-proxy-win32-x64
5790 silly ADD node_modules/netlify-cli/node_modules/@netlify/local-functions-proxy-win32-ia32
5791 silly ADD node_modules/netlify-cli/node_modules/@netlify/local-functions-proxy-openbsd-x64
5792 silly ADD node_modules/netlify-cli/node_modules/@netlify/local-functions-proxy-linux-x64
5793 silly ADD node_modules/netlify-cli/node_modules/@netlify/local-functions-proxy-linux-ppc64
5794 silly ADD node_modules/netlify-cli/node_modules/@netlify/local-functions-proxy-linux-ia32
5795 silly ADD node_modules/netlify-cli/node_modules/@netlify/local-functions-proxy-linux-arm64
5796 silly ADD node_modules/netlify-cli/node_modules/@netlify/local-functions-proxy-linux-arm
5797 silly ADD node_modules/netlify-cli/node_modules/@netlify/local-functions-proxy-freebsd-x64
5798 silly ADD node_modules/netlify-cli/node_modules/@netlify/local-functions-proxy-freebsd-arm64
5799 silly ADD node_modules/netlify-cli/node_modules/@netlify/local-functions-proxy-darwin-x64
5800 silly ADD node_modules/netlify-cli/node_modules/@netlify/local-functions-proxy-darwin-arm64
5801 silly ADD node_modules/netlify-cli/node_modules/@netlify/local-functions-proxy
5802 silly ADD node_modules/netlify-cli/node_modules/@netlify/images
5803 silly ADD node_modules/netlify-cli/node_modules/@netlify/headers-parser
5804 silly ADD node_modules/netlify-cli/node_modules/@netlify/headers
5805 silly ADD node_modules/netlify-cli/node_modules/@netlify/git-utils
5806 silly ADD node_modules/netlify-cli/node_modules/@netlify/git-utils/node_modules/strip-final-newline
5807 silly ADD node_modules/netlify-cli/node_modules/@netlify/git-utils/node_modules/signal-exit
5808 silly ADD node_modules/netlify-cli/node_modules/@netlify/git-utils/node_modules/onetime
5809 silly ADD node_modules/netlify-cli/node_modules/@netlify/git-utils/node_modules/npm-run-path
5810 silly ADD node_modules/netlify-cli/node_modules/@netlify/git-utils/node_modules/is-stream
5811 silly ADD node_modules/netlify-cli/node_modules/@netlify/git-utils/node_modules/human-signals
5812 silly ADD node_modules/netlify-cli/node_modules/@netlify/git-utils/node_modules/get-stream
5813 silly ADD node_modules/netlify-cli/node_modules/@netlify/git-utils/node_modules/execa
5814 silly ADD node_modules/netlify-cli/node_modules/@netlify/functions-utils
5815 silly ADD node_modules/netlify-cli/node_modules/@netlify/functions-dev
5816 silly ADD node_modules/netlify-cli/node_modules/@netlify/functions-dev/node_modules/read-package-up
5817 silly ADD node_modules/netlify-cli/node_modules/@netlify/functions-dev/node_modules/@netlify/blobs
5818 silly ADD node_modules/netlify-cli/node_modules/@netlify/functions
5819 silly ADD node_modules/netlify-cli/node_modules/@netlify/edge-functions-dev
5820 silly ADD node_modules/netlify-cli/node_modules/@netlify/edge-functions-dev/node_modules/get-port
5821 silly ADD node_modules/netlify-cli/node_modules/@netlify/edge-functions-dev/node_modules/@netlify/edge-functions-bootstrap
5822 silly ADD node_modules/netlify-cli/node_modules/@netlify/edge-functions-bootstrap
5823 silly ADD node_modules/netlify-cli/node_modules/@netlify/edge-functions
5824 silly ADD node_modules/netlify-cli/node_modules/@netlify/edge-bundler
5825 silly ADD node_modules/netlify-cli/node_modules/@netlify/edge-bundler/node_modules/uuid
5826 silly ADD node_modules/netlify-cli/node_modules/@netlify/edge-bundler/node_modules/strip-final-newline
5827 silly ADD node_modules/netlify-cli/node_modules/@netlify/edge-bundler/node_modules/signal-exit
5828 silly ADD node_modules/netlify-cli/node_modules/@netlify/edge-bundler/node_modules/p-wait-for
5829 silly ADD node_modules/netlify-cli/node_modules/@netlify/edge-bundler/node_modules/p-timeout
5830 silly ADD node_modules/netlify-cli/node_modules/@netlify/edge-bundler/node_modules/onetime
5831 silly ADD node_modules/netlify-cli/node_modules/@netlify/edge-bundler/node_modules/npm-run-path
5832 silly ADD node_modules/netlify-cli/node_modules/@netlify/edge-bundler/node_modules/locate-path
5833 silly ADD node_modules/netlify-cli/node_modules/@netlify/edge-bundler/node_modules/is-stream
5834 silly ADD node_modules/netlify-cli/node_modules/@netlify/edge-bundler/node_modules/human-signals
5835 silly ADD node_modules/netlify-cli/node_modules/@netlify/edge-bundler/node_modules/get-stream
5836 silly ADD node_modules/netlify-cli/node_modules/@netlify/edge-bundler/node_modules/get-port
5837 silly ADD node_modules/netlify-cli/node_modules/@netlify/edge-bundler/node_modules/find-up
5838 silly ADD node_modules/netlify-cli/node_modules/@netlify/edge-bundler/node_modules/execa
5839 silly ADD node_modules/netlify-cli/node_modules/@netlify/edge-bundler/node_modules/esbuild
5840 silly ADD node_modules/netlify-cli/node_modules/@netlify/edge-bundler/node_modules/env-paths
5841 silly ADD node_modules/netlify-cli/node_modules/@netlify/edge-bundler/node_modules/@esbuild/win32-x64
5842 silly ADD node_modules/netlify-cli/node_modules/@netlify/edge-bundler/node_modules/@esbuild/win32-ia32
5843 silly ADD node_modules/netlify-cli/node_modules/@netlify/edge-bundler/node_modules/@esbuild/win32-arm64
5844 silly ADD node_modules/netlify-cli/node_modules/@netlify/edge-bundler/node_modules/@esbuild/sunos-x64
5845 silly ADD node_modules/netlify-cli/node_modules/@netlify/edge-bundler/node_modules/@esbuild/openharmony-arm64
5846 silly ADD node_modules/netlify-cli/node_modules/@netlify/edge-bundler/node_modules/@esbuild/openbsd-x64
5847 silly ADD node_modules/netlify-cli/node_modules/@netlify/edge-bundler/node_modules/@esbuild/openbsd-arm64
5848 silly ADD node_modules/netlify-cli/node_modules/@netlify/edge-bundler/node_modules/@esbuild/netbsd-x64
5849 silly ADD node_modules/netlify-cli/node_modules/@netlify/edge-bundler/node_modules/@esbuild/netbsd-arm64
5850 silly ADD node_modules/netlify-cli/node_modules/@netlify/edge-bundler/node_modules/@esbuild/linux-x64
5851 silly ADD node_modules/netlify-cli/node_modules/@netlify/edge-bundler/node_modules/@esbuild/linux-s390x
5852 silly ADD node_modules/netlify-cli/node_modules/@netlify/edge-bundler/node_modules/@esbuild/linux-riscv64
5853 silly ADD node_modules/netlify-cli/node_modules/@netlify/edge-bundler/node_modules/@esbuild/linux-ppc64
5854 silly ADD node_modules/netlify-cli/node_modules/@netlify/edge-bundler/node_modules/@esbuild/linux-mips64el
5855 silly ADD node_modules/netlify-cli/node_modules/@netlify/edge-bundler/node_modules/@esbuild/linux-loong64
5856 silly ADD node_modules/netlify-cli/node_modules/@netlify/edge-bundler/node_modules/@esbuild/linux-ia32
5857 silly ADD node_modules/netlify-cli/node_modules/@netlify/edge-bundler/node_modules/@esbuild/linux-arm64
5858 silly ADD node_modules/netlify-cli/node_modules/@netlify/edge-bundler/node_modules/@esbuild/linux-arm
5859 silly ADD node_modules/netlify-cli/node_modules/@netlify/edge-bundler/node_modules/@esbuild/freebsd-x64
5860 silly ADD node_modules/netlify-cli/node_modules/@netlify/edge-bundler/node_modules/@esbuild/freebsd-arm64
5861 silly ADD node_modules/netlify-cli/node_modules/@netlify/edge-bundler/node_modules/@esbuild/darwin-x64
5862 silly ADD node_modules/netlify-cli/node_modules/@netlify/edge-bundler/node_modules/@esbuild/darwin-arm64
5863 silly ADD node_modules/netlify-cli/node_modules/@netlify/edge-bundler/node_modules/@esbuild/android-x64
5864 silly ADD node_modules/netlify-cli/node_modules/@netlify/edge-bundler/node_modules/@esbuild/android-arm64
5865 silly ADD node_modules/netlify-cli/node_modules/@netlify/edge-bundler/node_modules/@esbuild/android-arm
5866 silly ADD node_modules/netlify-cli/node_modules/@netlify/edge-bundler/node_modules/@esbuild/aix-ppc64
5867 silly ADD node_modules/netlify-cli/node_modules/@netlify/dev-utils
5868 silly ADD node_modules/netlify-cli/node_modules/@netlify/dev-utils/node_modules/env-paths
5869 silly ADD node_modules/netlify-cli/node_modules/@netlify/dev-utils/node_modules/dot-prop
5870 silly ADD node_modules/netlify-cli/node_modules/@netlify/dev
5871 silly ADD node_modules/netlify-cli/node_modules/@netlify/dev/node_modules/@netlify/blobs
5872 silly ADD node_modules/netlify-cli/node_modules/@netlify/db-dev
5873 silly ADD node_modules/netlify-cli/node_modules/@netlify/config
5874 silly ADD node_modules/netlify-cli/node_modules/@netlify/config/node_modules/zod
5875 silly ADD node_modules/netlify-cli/node_modules/@netlify/config/node_modules/strip-final-newline
5876 silly ADD node_modules/netlify-cli/node_modules/@netlify/config/node_modules/signal-exit
5877 silly ADD node_modules/netlify-cli/node_modules/@netlify/config/node_modules/read-package-up
5878 silly ADD node_modules/netlify-cli/node_modules/@netlify/config/node_modules/onetime
5879 silly ADD node_modules/netlify-cli/node_modules/@netlify/config/node_modules/npm-run-path
5880 silly ADD node_modules/netlify-cli/node_modules/@netlify/config/node_modules/locate-path
5881 silly ADD node_modules/netlify-cli/node_modules/@netlify/config/node_modules/is-stream
5882 silly ADD node_modules/netlify-cli/node_modules/@netlify/config/node_modules/human-signals
5883 silly ADD node_modules/netlify-cli/node_modules/@netlify/config/node_modules/get-stream
5884 silly ADD node_modules/netlify-cli/node_modules/@netlify/config/node_modules/find-up
5885 silly ADD node_modules/netlify-cli/node_modules/@netlify/config/node_modules/execa
5886 silly ADD node_modules/netlify-cli/node_modules/@netlify/config/node_modules/dot-prop
5887 silly ADD node_modules/netlify-cli/node_modules/@netlify/cache-utils
5888 silly ADD node_modules/netlify-cli/node_modules/@netlify/cache-utils/node_modules/locate-path
5889 silly ADD node_modules/netlify-cli/node_modules/@netlify/cache
5890 silly ADD node_modules/netlify-cli/node_modules/@netlify/build-info
5891 silly ADD node_modules/netlify-cli/node_modules/@netlify/build-info/node_modules/minimatch
5892 silly ADD node_modules/netlify-cli/node_modules/@netlify/build-info/node_modules/locate-path
5893 silly ADD node_modules/netlify-cli/node_modules/@netlify/build-info/node_modules/find-up
5894 silly ADD node_modules/netlify-cli/node_modules/@netlify/build-info/node_modules/dot-prop
5895 silly ADD node_modules/netlify-cli/node_modules/@netlify/build-info/node_modules/brace-expansion
5896 silly ADD node_modules/netlify-cli/node_modules/@netlify/build-info/node_modules/balanced-match
5897 silly ADD node_modules/netlify-cli/node_modules/@netlify/build
5898 silly ADD node_modules/netlify-cli/node_modules/@netlify/build/node_modules/uuid
5899 silly ADD node_modules/netlify-cli/node_modules/@netlify/build/node_modules/terminal-link
5900 silly ADD node_modules/netlify-cli/node_modules/@netlify/build/node_modules/strip-final-newline
5901 silly ADD node_modules/netlify-cli/node_modules/@netlify/build/node_modules/signal-exit
5902 silly ADD node_modules/netlify-cli/node_modules/@netlify/build/node_modules/read-package-up
5903 silly ADD node_modules/netlify-cli/node_modules/@netlify/build/node_modules/onetime
5904 silly ADD node_modules/netlify-cli/node_modules/@netlify/build/node_modules/npm-run-path
5905 silly ADD node_modules/netlify-cli/node_modules/@netlify/build/node_modules/minimatch
5906 silly ADD node_modules/netlify-cli/node_modules/@netlify/build/node_modules/is-stream
5907 silly ADD node_modules/netlify-cli/node_modules/@netlify/build/node_modules/human-signals
5908 silly ADD node_modules/netlify-cli/node_modules/@netlify/build/node_modules/get-stream
5909 silly ADD node_modules/netlify-cli/node_modules/@netlify/build/node_modules/execa
5910 silly ADD node_modules/netlify-cli/node_modules/@netlify/build/node_modules/brace-expansion
5911 silly ADD node_modules/netlify-cli/node_modules/@netlify/build/node_modules/balanced-match
5912 silly ADD node_modules/netlify-cli/node_modules/@netlify/build/node_modules/@sindresorhus/slugify
5913 silly ADD node_modules/netlify-cli/node_modules/@netlify/blobs
5914 silly ADD node_modules/netlify-cli/node_modules/@netlify/blobs/node_modules/env-paths
5915 silly ADD node_modules/netlify-cli/node_modules/@netlify/blobs/node_modules/dot-prop
5916 silly ADD node_modules/netlify-cli/node_modules/@netlify/blobs/node_modules/@netlify/dev-utils
5917 silly ADD node_modules/netlify-cli/node_modules/@netlify/binary-info
5918 silly ADD node_modules/netlify-cli/node_modules/@netlify/api
5919 silly ADD node_modules/netlify-cli/node_modules/@netlify/api/node_modules/p-wait-for
5920 silly ADD node_modules/netlify-cli/node_modules/@netlify/api/node_modules/p-timeout
5921 silly ADD node_modules/netlify-cli/node_modules/@netlify/ai
5922 silly ADD node_modules/netlify-cli/node_modules/@mapbox/node-pre-gyp
5923 silly ADD node_modules/netlify-cli/node_modules/@mapbox/node-pre-gyp/node_modules/node-fetch
5924 silly ADD node_modules/netlify-cli/node_modules/@mapbox/node-pre-gyp/node_modules/https-proxy-agent
5925 silly ADD node_modules/netlify-cli/node_modules/@lukeed/ms
5926 silly ADD node_modules/netlify-cli/node_modules/@jridgewell/sourcemap-codec
5927 silly ADD node_modules/netlify-cli/node_modules/@jridgewell/resolve-uri
5928 silly ADD node_modules/netlify-cli/node_modules/@isaacs/fs-minipass
5929 silly ADD node_modules/netlify-cli/node_modules/@isaacs/cliui
5930 silly ADD node_modules/netlify-cli/node_modules/@isaacs/cliui/node_modules/wrap-ansi
5931 silly ADD node_modules/netlify-cli/node_modules/@isaacs/cliui/node_modules/string-width
5932 silly ADD node_modules/netlify-cli/node_modules/@isaacs/cliui/node_modules/emoji-regex
5933 silly ADD node_modules/netlify-cli/node_modules/@inquirer/external-editor
5934 silly ADD node_modules/netlify-cli/node_modules/@inquirer/external-editor/node_modules/iconv-lite
5935 silly ADD node_modules/netlify-cli/node_modules/@import-maps/resolve
5936 silly ADD node_modules/netlify-cli/node_modules/@img/sharp-win32-x64
5937 silly ADD node_modules/netlify-cli/node_modules/@img/sharp-win32-ia32
5938 silly ADD node_modules/netlify-cli/node_modules/@img/sharp-win32-arm64
5939 silly ADD node_modules/netlify-cli/node_modules/@img/sharp-wasm32
5940 silly ADD node_modules/netlify-cli/node_modules/@img/sharp-linuxmusl-x64
5941 silly ADD node_modules/netlify-cli/node_modules/@img/sharp-linuxmusl-arm64
5942 silly ADD node_modules/netlify-cli/node_modules/@img/sharp-linux-x64
5943 silly ADD node_modules/netlify-cli/node_modules/@img/sharp-linux-s390x
5944 silly ADD node_modules/netlify-cli/node_modules/@img/sharp-linux-ppc64
5945 silly ADD node_modules/netlify-cli/node_modules/@img/sharp-linux-arm64
5946 silly ADD node_modules/netlify-cli/node_modules/@img/sharp-linux-arm
5947 silly ADD node_modules/netlify-cli/node_modules/@img/sharp-libvips-linuxmusl-x64
5948 silly ADD node_modules/netlify-cli/node_modules/@img/sharp-libvips-linuxmusl-arm64
5949 silly ADD node_modules/netlify-cli/node_modules/@img/sharp-libvips-linux-x64
5950 silly ADD node_modules/netlify-cli/node_modules/@img/sharp-libvips-linux-s390x
5951 silly ADD node_modules/netlify-cli/node_modules/@img/sharp-libvips-linux-ppc64
5952 silly ADD node_modules/netlify-cli/node_modules/@img/sharp-libvips-linux-arm64
5953 silly ADD node_modules/netlify-cli/node_modules/@img/sharp-libvips-linux-arm
5954 silly ADD node_modules/netlify-cli/node_modules/@img/sharp-libvips-darwin-x64
5955 silly ADD node_modules/netlify-cli/node_modules/@img/sharp-libvips-darwin-arm64
5956 silly ADD node_modules/netlify-cli/node_modules/@img/sharp-darwin-x64
5957 silly ADD node_modules/netlify-cli/node_modules/@img/sharp-darwin-arm64
5958 silly ADD node_modules/netlify-cli/node_modules/@img/colour
5959 silly ADD node_modules/netlify-cli/node_modules/@iarna/toml
5960 silly ADD node_modules/netlify-cli/node_modules/@humanwhocodes/momoa
5961 silly ADD node_modules/netlify-cli/node_modules/@fastify/static
5962 silly ADD node_modules/netlify-cli/node_modules/@fastify/static/node_modules/path-scurry
5963 silly ADD node_modules/netlify-cli/node_modules/@fastify/static/node_modules/minimatch
5964 silly ADD node_modules/netlify-cli/node_modules/@fastify/static/node_modules/lru-cache
5965 silly ADD node_modules/netlify-cli/node_modules/@fastify/static/node_modules/glob
5966 silly ADD node_modules/netlify-cli/node_modules/@fastify/static/node_modules/content-disposition
5967 silly ADD node_modules/netlify-cli/node_modules/@fastify/static/node_modules/brace-expansion
5968 silly ADD node_modules/netlify-cli/node_modules/@fastify/static/node_modules/balanced-match
5969 silly ADD node_modules/netlify-cli/node_modules/@fastify/send
5970 silly ADD node_modules/netlify-cli/node_modules/@fastify/proxy-addr
5971 silly ADD node_modules/netlify-cli/node_modules/@fastify/proxy-addr/node_modules/ipaddr.js
5972 silly ADD node_modules/netlify-cli/node_modules/@fastify/merge-json-schemas
5973 silly ADD node_modules/netlify-cli/node_modules/@fastify/forwarded
5974 silly ADD node_modules/netlify-cli/node_modules/@fastify/fast-json-stringify-compiler
5975 silly ADD node_modules/netlify-cli/node_modules/@fastify/error
5976 silly ADD node_modules/netlify-cli/node_modules/@fastify/busboy
5977 silly ADD node_modules/netlify-cli/node_modules/@fastify/ajv-compiler
5978 silly ADD node_modules/netlify-cli/node_modules/@fastify/accept-negotiator
5979 silly ADD node_modules/netlify-cli/node_modules/@envelop/instrumentation
5980 silly ADD node_modules/netlify-cli/node_modules/@emnapi/runtime
5981 silly ADD node_modules/netlify-cli/node_modules/@electric-sql/pglite
5982 silly ADD node_modules/netlify-cli/node_modules/@dependents/detective-less
5983 silly ADD node_modules/netlify-cli/node_modules/@dabh/diagnostics
5984 silly ADD node_modules/netlify-cli/node_modules/@cspotcode/source-map-support
5985 silly ADD node_modules/netlify-cli/node_modules/@cspotcode/source-map-support/node_modules/@jridgewell/trace-mapping
5986 silly ADD node_modules/netlify-cli/node_modules/@colors/colors
5987 silly ADD node_modules/netlify-cli/node_modules/@bugsnag/safe-json-stringify
5988 silly ADD node_modules/netlify-cli/node_modules/@bugsnag/node
5989 silly ADD node_modules/netlify-cli/node_modules/@bugsnag/js
5990 silly ADD node_modules/netlify-cli/node_modules/@bugsnag/cuid
5991 silly ADD node_modules/netlify-cli/node_modules/@bugsnag/core
5992 silly ADD node_modules/netlify-cli/node_modules/@bugsnag/browser
5993 silly ADD node_modules/netlify-cli/node_modules/@babel/types
5994 silly ADD node_modules/netlify-cli/node_modules/@babel/parser
5995 silly ADD node_modules/netlify-cli/node_modules/@babel/helper-validator-identifier
5996 silly ADD node_modules/netlify-cli/node_modules/@babel/helper-string-parser
5997 silly ADD node_modules/netlify-cli/node_modules/@babel/code-frame
5998 verbose cwd /data/data/com.termux/files/home
5999 verbose os Linux 4.14.186-27270957
6000 verbose node v25.8.1
6001 verbose npm  v11.11.0
6002 verbose exit 0
6003 info ok
